[2026-03-09 18:29:39.000000] [CRITICAL] Fatal Error: Cannot redeclare redirect() (previously declared in C:\xampp\htdocs\v1\includes\config.php:110) | File: logger.php:85 | User: guest | {"fatal_error":true,"type":64,"file":"C:\\xampp\\htdocs\\v1\\includes\\helpers.php","line":374}
[2026-03-09 18:30:39.000000] [CRITICAL] Fatal Error: Cannot redeclare redirect() (previously declared in C:\xampp\htdocs\v1\includes\config.php:110) | File: logger.php:85 | User: guest | {"fatal_error":true,"type":64,"file":"C:\\xampp\\htdocs\\v1\\includes\\helpers.php","line":374}
[2026-03-09 18:30:41.000000] [CRITICAL] Fatal Error: Cannot redeclare redirect() (previously declared in C:\xampp\htdocs\v1\includes\config.php:110) | File: logger.php:85 | User: guest | {"fatal_error":true,"type":64,"file":"C:\\xampp\\htdocs\\v1\\includes\\helpers.php","line":374}
[2026-03-09 18:32:16.000000] [CRITICAL] Uncaught Exception: Call to undefined method Layout::end() | File: logger.php:85 | User: guest | {"exception":{"class":"Error","code":0,"file":"C:\\xampp\\htdocs\\v1\\pages\\system-monitor.php","line":544,"trace":"#0 {main}"}}
[2026-03-09 18:32:17.000000] [CRITICAL] Uncaught Exception: Call to undefined method Layout::end() | File: logger.php:85 | User: guest | {"exception":{"class":"Error","code":0,"file":"C:\\xampp\\htdocs\\v1\\pages\\system-monitor.php","line":544,"trace":"#0 {main}"}}
[2026-03-09 18:32:17.000000] [CRITICAL] Uncaught Exception: Call to undefined method Layout::end() | File: logger.php:85 | User: guest | {"exception":{"class":"Error","code":0,"file":"C:\\xampp\\htdocs\\v1\\pages\\system-monitor.php","line":544,"trace":"#0 {main}"}}
[2026-03-09 18:32:25.000000] [CRITICAL] Uncaught Exception: Call to undefined method Layout::end() | File: logger.php:85 | User: guest | {"exception":{"class":"Error","code":0,"file":"C:\\xampp\\htdocs\\v1\\pages\\system-monitor.php","line":544,"trace":"#0 {main}"}}
[2026-03-09 18:32:25.000000] [CRITICAL] Uncaught Exception: Call to undefined method Layout::end() | File: logger.php:85 | User: guest | {"exception":{"class":"Error","code":0,"file":"C:\\xampp\\htdocs\\v1\\pages\\system-monitor.php","line":544,"trace":"#0 {main}"}}
[2026-03-09 18:32:25.000000] [CRITICAL] Uncaught Exception: Call to undefined method Layout::end() | File: logger.php:85 | User: guest | {"exception":{"class":"Error","code":0,"file":"C:\\xampp\\htdocs\\v1\\pages\\system-monitor.php","line":544,"trace":"#0 {main}"}}
[2026-03-09 18:44:53.000000] [CRITICAL] Uncaught Exception: Call to undefined method Layout::end() | File: logger.php:85 | User: guest | {"exception":{"class":"Error","code":0,"file":"C:\\xampp\\htdocs\\v1\\pages\\system-monitor.php","line":544,"trace":"#0 {main}"}}
[2026-03-09 18:44:53.000000] [CRITICAL] Uncaught Exception: Call to undefined method Layout::end() | File: logger.php:85 | User: guest | {"exception":{"class":"Error","code":0,"file":"C:\\xampp\\htdocs\\v1\\pages\\system-monitor.php","line":544,"trace":"#0 {main}"}}
[2026-03-09 18:44:53.000000] [CRITICAL] Uncaught Exception: Call to undefined method Layout::end() | File: logger.php:85 | User: guest | {"exception":{"class":"Error","code":0,"file":"C:\\xampp\\htdocs\\v1\\pages\\system-monitor.php","line":544,"trace":"#0 {main}"}}
[2026-03-09 18:45:23.000000] [CRITICAL] Uncaught Exception: Call to undefined method Layout::end() | File: logger.php:85 | User: guest | {"exception":{"class":"Error","code":0,"file":"C:\\xampp\\htdocs\\v1\\pages\\system-monitor.php","line":544,"trace":"#0 {main}"}}
[2026-03-09 18:45:23.000000] [CRITICAL] Uncaught Exception: Call to undefined method Layout::end() | File: logger.php:85 | User: guest | {"exception":{"class":"Error","code":0,"file":"C:\\xampp\\htdocs\\v1\\pages\\system-monitor.php","line":544,"trace":"#0 {main}"}}
[2026-03-09 18:45:53.000000] [CRITICAL] Uncaught Exception: Call to undefined method Layout::end() | File: logger.php:85 | User: guest | {"exception":{"class":"Error","code":0,"file":"C:\\xampp\\htdocs\\v1\\pages\\system-monitor.php","line":544,"trace":"#0 {main}"}}
[2026-03-09 18:45:53.000000] [CRITICAL] Uncaught Exception: Call to undefined method Layout::end() | File: logger.php:85 | User: guest | {"exception":{"class":"Error","code":0,"file":"C:\\xampp\\htdocs\\v1\\pages\\system-monitor.php","line":544,"trace":"#0 {main}"}}
[2026-03-09 18:46:23.000000] [CRITICAL] Uncaught Exception: Call to undefined method Layout::end() | File: logger.php:85 | User: guest | {"exception":{"class":"Error","code":0,"file":"C:\\xampp\\htdocs\\v1\\pages\\system-monitor.php","line":544,"trace":"#0 {main}"}}
[2026-03-09 18:46:23.000000] [CRITICAL] Uncaught Exception: Call to undefined method Layout::end() | File: logger.php:85 | User: guest | {"exception":{"class":"Error","code":0,"file":"C:\\xampp\\htdocs\\v1\\pages\\system-monitor.php","line":544,"trace":"#0 {main}"}}
[2026-03-09 18:46:53.000000] [CRITICAL] Uncaught Exception: Call to undefined method Layout::end() | File: logger.php:85 | User: guest | {"exception":{"class":"Error","code":0,"file":"C:\\xampp\\htdocs\\v1\\pages\\system-monitor.php","line":544,"trace":"#0 {main}"}}
[2026-03-09 18:46:53.000000] [CRITICAL] Uncaught Exception: Call to undefined method Layout::end() | File: logger.php:85 | User: guest | {"exception":{"class":"Error","code":0,"file":"C:\\xampp\\htdocs\\v1\\pages\\system-monitor.php","line":544,"trace":"#0 {main}"}}
[2026-03-09 18:47:23.000000] [CRITICAL] Uncaught Exception: Call to undefined method Layout::end() | File: logger.php:85 | User: guest | {"exception":{"class":"Error","code":0,"file":"C:\\xampp\\htdocs\\v1\\pages\\system-monitor.php","line":544,"trace":"#0 {main}"}}
[2026-03-09 18:47:23.000000] [CRITICAL] Uncaught Exception: Call to undefined method Layout::end() | File: logger.php:85 | User: guest | {"exception":{"class":"Error","code":0,"file":"C:\\xampp\\htdocs\\v1\\pages\\system-monitor.php","line":544,"trace":"#0 {main}"}}
[2026-03-09 18:47:53.000000] [CRITICAL] Uncaught Exception: Call to undefined method Layout::end() | File: logger.php:85 | User: guest | {"exception":{"class":"Error","code":0,"file":"C:\\xampp\\htdocs\\v1\\pages\\system-monitor.php","line":544,"trace":"#0 {main}"}}
[2026-03-09 18:47:53.000000] [CRITICAL] Uncaught Exception: Call to undefined method Layout::end() | File: logger.php:85 | User: guest | {"exception":{"class":"Error","code":0,"file":"C:\\xampp\\htdocs\\v1\\pages\\system-monitor.php","line":544,"trace":"#0 {main}"}}
[2026-03-09 18:48:39.000000] [CRITICAL] Uncaught Exception: Call to undefined method Layout::end() | File: logger.php:85 | User: guest | {"exception":{"class":"Error","code":0,"file":"C:\\xampp\\htdocs\\v1\\pages\\system-monitor.php","line":544,"trace":"#0 {main}"}}
[2026-03-09 18:48:39.000000] [CRITICAL] Uncaught Exception: Call to undefined method Layout::end() | File: logger.php:85 | User: guest | {"exception":{"class":"Error","code":0,"file":"C:\\xampp\\htdocs\\v1\\pages\\system-monitor.php","line":544,"trace":"#0 {main}"}}
[2026-03-09 18:49:39.000000] [CRITICAL] Uncaught Exception: Call to undefined method Layout::end() | File: logger.php:85 | User: guest | {"exception":{"class":"Error","code":0,"file":"C:\\xampp\\htdocs\\v1\\pages\\system-monitor.php","line":544,"trace":"#0 {main}"}}
[2026-03-09 18:49:39.000000] [CRITICAL] Uncaught Exception: Call to undefined method Layout::end() | File: logger.php:85 | User: guest | {"exception":{"class":"Error","code":0,"file":"C:\\xampp\\htdocs\\v1\\pages\\system-monitor.php","line":544,"trace":"#0 {main}"}}
[2026-03-09 18:50:39.000000] [CRITICAL] Uncaught Exception: Call to undefined method Layout::end() | File: logger.php:85 | User: guest | {"exception":{"class":"Error","code":0,"file":"C:\\xampp\\htdocs\\v1\\pages\\system-monitor.php","line":544,"trace":"#0 {main}"}}
[2026-03-09 18:50:39.000000] [CRITICAL] Uncaught Exception: Call to undefined method Layout::end() | File: logger.php:85 | User: guest | {"exception":{"class":"Error","code":0,"file":"C:\\xampp\\htdocs\\v1\\pages\\system-monitor.php","line":544,"trace":"#0 {main}"}}
[2026-03-09 18:50:58.000000] [CRITICAL] Uncaught Exception: Call to undefined method Layout::end() | File: logger.php:85 | User: guest | {"exception":{"class":"Error","code":0,"file":"C:\\xampp\\htdocs\\v1\\pages\\system-monitor.php","line":544,"trace":"#0 {main}"}}
[2026-03-09 18:50:58.000000] [CRITICAL] Uncaught Exception: Call to undefined method Layout::end() | File: logger.php:85 | User: guest | {"exception":{"class":"Error","code":0,"file":"C:\\xampp\\htdocs\\v1\\pages\\system-monitor.php","line":544,"trace":"#0 {main}"}}
[2026-03-09 18:51:00.000000] [CRITICAL] Uncaught Exception: Call to undefined method Layout::end() | File: logger.php:85 | User: guest | {"exception":{"class":"Error","code":0,"file":"C:\\xampp\\htdocs\\v1\\pages\\system-monitor.php","line":544,"trace":"#0 {main}"}}
[2026-03-09 18:51:00.000000] [CRITICAL] Uncaught Exception: Call to undefined method Layout::end() | File: logger.php:85 | User: guest | {"exception":{"class":"Error","code":0,"file":"C:\\xampp\\htdocs\\v1\\pages\\system-monitor.php","line":544,"trace":"#0 {main}"}}
[2026-03-09 18:51:00.000000] [CRITICAL] Uncaught Exception: Call to undefined method Layout::end() | File: logger.php:85 | User: guest | {"exception":{"class":"Error","code":0,"file":"C:\\xampp\\htdocs\\v1\\pages\\system-monitor.php","line":544,"trace":"#0 {main}"}}
[2026-03-09 18:51:03.000000] [CRITICAL] Uncaught Exception: Call to undefined method Layout::end() | File: logger.php:85 | User: guest | {"exception":{"class":"Error","code":0,"file":"C:\\xampp\\htdocs\\v1\\pages\\system-monitor.php","line":544,"trace":"#0 {main}"}}
[2026-03-09 18:51:03.000000] [CRITICAL] Uncaught Exception: Call to undefined method Layout::end() | File: logger.php:85 | User: guest | {"exception":{"class":"Error","code":0,"file":"C:\\xampp\\htdocs\\v1\\pages\\system-monitor.php","line":544,"trace":"#0 {main}"}}
[2026-03-09 18:51:03.000000] [CRITICAL] Uncaught Exception: Call to undefined method Layout::end() | File: logger.php:85 | User: guest | {"exception":{"class":"Error","code":0,"file":"C:\\xampp\\htdocs\\v1\\pages\\system-monitor.php","line":544,"trace":"#0 {main}"}}
[2026-03-09 18:51:04.000000] [CRITICAL] Uncaught Exception: Call to undefined method Layout::end() | File: logger.php:85 | User: guest | {"exception":{"class":"Error","code":0,"file":"C:\\xampp\\htdocs\\v1\\pages\\system-monitor.php","line":544,"trace":"#0 {main}"}}
[2026-03-09 18:51:05.000000] [CRITICAL] Uncaught Exception: Call to undefined method Layout::end() | File: logger.php:85 | User: guest | {"exception":{"class":"Error","code":0,"file":"C:\\xampp\\htdocs\\v1\\pages\\system-monitor.php","line":544,"trace":"#0 {main}"}}
[2026-03-09 18:51:05.000000] [CRITICAL] Uncaught Exception: Call to undefined method Layout::end() | File: logger.php:85 | User: guest | {"exception":{"class":"Error","code":0,"file":"C:\\xampp\\htdocs\\v1\\pages\\system-monitor.php","line":544,"trace":"#0 {main}"}}
[2026-03-09 18:51:35.000000] [CRITICAL] Uncaught Exception: Call to undefined method Layout::end() | File: logger.php:85 | User: guest | {"exception":{"class":"Error","code":0,"file":"C:\\xampp\\htdocs\\v1\\pages\\system-monitor.php","line":544,"trace":"#0 {main}"}}
[2026-03-09 18:51:35.000000] [CRITICAL] Uncaught Exception: Call to undefined method Layout::end() | File: logger.php:85 | User: guest | {"exception":{"class":"Error","code":0,"file":"C:\\xampp\\htdocs\\v1\\pages\\system-monitor.php","line":544,"trace":"#0 {main}"}}
[2026-03-09 18:52:05.000000] [CRITICAL] Uncaught Exception: Call to undefined method Layout::end() | File: logger.php:85 | User: guest | {"exception":{"class":"Error","code":0,"file":"C:\\xampp\\htdocs\\v1\\pages\\system-monitor.php","line":544,"trace":"#0 {main}"}}
[2026-03-09 18:52:05.000000] [CRITICAL] Uncaught Exception: Call to undefined method Layout::end() | File: logger.php:85 | User: guest | {"exception":{"class":"Error","code":0,"file":"C:\\xampp\\htdocs\\v1\\pages\\system-monitor.php","line":544,"trace":"#0 {main}"}}
[2026-03-09 18:52:35.000000] [CRITICAL] Uncaught Exception: Call to undefined method Layout::end() | File: logger.php:85 | User: guest | {"exception":{"class":"Error","code":0,"file":"C:\\xampp\\htdocs\\v1\\pages\\system-monitor.php","line":544,"trace":"#0 {main}"}}
[2026-03-09 18:52:35.000000] [CRITICAL] Uncaught Exception: Call to undefined method Layout::end() | File: logger.php:85 | User: guest | {"exception":{"class":"Error","code":0,"file":"C:\\xampp\\htdocs\\v1\\pages\\system-monitor.php","line":544,"trace":"#0 {main}"}}
[2026-03-09 18:53:05.000000] [CRITICAL] Uncaught Exception: Call to undefined method Layout::end() | File: logger.php:85 | User: guest | {"exception":{"class":"Error","code":0,"file":"C:\\xampp\\htdocs\\v1\\pages\\system-monitor.php","line":544,"trace":"#0 {main}"}}
[2026-03-09 18:53:05.000000] [CRITICAL] Uncaught Exception: Call to undefined method Layout::end() | File: logger.php:85 | User: guest | {"exception":{"class":"Error","code":0,"file":"C:\\xampp\\htdocs\\v1\\pages\\system-monitor.php","line":544,"trace":"#0 {main}"}}
[2026-03-09 18:53:29.000000] [CRITICAL] Uncaught Exception: Call to undefined method Layout::end() | File: logger.php:85 | User: guest | {"exception":{"class":"Error","code":0,"file":"C:\\xampp\\htdocs\\v1\\pages\\system-monitor.php","line":544,"trace":"#0 {main}"}}
[2026-03-09 18:53:29.000000] [CRITICAL] Uncaught Exception: Call to undefined method Layout::end() | File: logger.php:85 | User: guest | {"exception":{"class":"Error","code":0,"file":"C:\\xampp\\htdocs\\v1\\pages\\system-monitor.php","line":544,"trace":"#0 {main}"}}
[2026-03-09 18:53:29.000000] [CRITICAL] Uncaught Exception: Call to undefined method Layout::end() | File: logger.php:85 | User: guest | {"exception":{"class":"Error","code":0,"file":"C:\\xampp\\htdocs\\v1\\pages\\system-monitor.php","line":544,"trace":"#0 {main}"}}
[2026-03-09 18:53:31.000000] [CRITICAL] Uncaught Exception: Call to undefined method Layout::end() | File: logger.php:85 | User: guest | {"exception":{"class":"Error","code":0,"file":"C:\\xampp\\htdocs\\v1\\pages\\system-monitor.php","line":544,"trace":"#0 {main}"}}
[2026-03-09 18:53:31.000000] [CRITICAL] Uncaught Exception: Call to undefined method Layout::end() | File: logger.php:85 | User: guest | {"exception":{"class":"Error","code":0,"file":"C:\\xampp\\htdocs\\v1\\pages\\system-monitor.php","line":544,"trace":"#0 {main}"}}
[2026-03-09 18:53:31.000000] [CRITICAL] Uncaught Exception: Call to undefined method Layout::end() | File: logger.php:85 | User: guest | {"exception":{"class":"Error","code":0,"file":"C:\\xampp\\htdocs\\v1\\pages\\system-monitor.php","line":544,"trace":"#0 {main}"}}
[2026-03-09 18:54:02.000000] [CRITICAL] Uncaught Exception: Call to undefined method Layout::end() | File: logger.php:85 | User: guest | {"exception":{"class":"Error","code":0,"file":"C:\\xampp\\htdocs\\v1\\pages\\system-monitor.php","line":544,"trace":"#0 {main}"}}
[2026-03-09 18:54:02.000000] [CRITICAL] Uncaught Exception: Call to undefined method Layout::end() | File: logger.php:85 | User: guest | {"exception":{"class":"Error","code":0,"file":"C:\\xampp\\htdocs\\v1\\pages\\system-monitor.php","line":544,"trace":"#0 {main}"}}
[2026-03-09 19:35:36.000000] [WARNING] Undefined array key "melting_point" | File: logger.php:438 | User: guest | {"php_error":true,"severity":2,"file":"C:\\xampp\\htdocs\\v1\\api\\ai_assistant.php","line":442}
[2026-03-09 19:35:36.000000] [WARNING] Undefined array key "boiling_point" | File: logger.php:438 | User: guest | {"php_error":true,"severity":2,"file":"C:\\xampp\\htdocs\\v1\\api\\ai_assistant.php","line":443}
[2026-03-09 19:35:36.000000] [WARNING] Undefined array key "density" | File: logger.php:438 | User: guest | {"php_error":true,"severity":2,"file":"C:\\xampp\\htdocs\\v1\\api\\ai_assistant.php","line":444}
[2026-03-09 19:35:36.000000] [WARNING] Undefined array key "vapor_pressure" | File: logger.php:438 | User: guest | {"php_error":true,"severity":2,"file":"C:\\xampp\\htdocs\\v1\\api\\ai_assistant.php","line":446}
[2026-03-09 19:35:36.000000] [WARNING] Undefined array key "flash_point" | File: logger.php:438 | User: guest | {"php_error":true,"severity":2,"file":"C:\\xampp\\htdocs\\v1\\api\\ai_assistant.php","line":447}
[2026-03-09 19:35:36.000000] [WARNING] Undefined array key "auto_ignition_temp" | File: logger.php:438 | User: guest | {"php_error":true,"severity":2,"file":"C:\\xampp\\htdocs\\v1\\api\\ai_assistant.php","line":448}
[2026-03-09 21:13:20.000000] [WARNING] Undefined array key "melting_point" | File: logger.php:438 | User: guest | {"php_error":true,"severity":2,"file":"C:\\xampp\\htdocs\\v1\\api\\ai_assistant.php","line":456}
[2026-03-09 21:13:20.000000] [WARNING] Undefined array key "boiling_point" | File: logger.php:438 | User: guest | {"php_error":true,"severity":2,"file":"C:\\xampp\\htdocs\\v1\\api\\ai_assistant.php","line":457}
[2026-03-09 21:13:20.000000] [WARNING] Undefined array key "density" | File: logger.php:438 | User: guest | {"php_error":true,"severity":2,"file":"C:\\xampp\\htdocs\\v1\\api\\ai_assistant.php","line":458}
[2026-03-09 21:13:20.000000] [WARNING] Undefined array key "vapor_pressure" | File: logger.php:438 | User: guest | {"php_error":true,"severity":2,"file":"C:\\xampp\\htdocs\\v1\\api\\ai_assistant.php","line":460}
[2026-03-09 21:13:20.000000] [WARNING] Undefined array key "flash_point" | File: logger.php:438 | User: guest | {"php_error":true,"severity":2,"file":"C:\\xampp\\htdocs\\v1\\api\\ai_assistant.php","line":461}
[2026-03-09 21:13:20.000000] [WARNING] Undefined array key "auto_ignition_temp" | File: logger.php:438 | User: guest | {"php_error":true,"severity":2,"file":"C:\\xampp\\htdocs\\v1\\api\\ai_assistant.php","line":462}
[2026-03-09 21:13:30.000000] [WARNING] Undefined array key "melting_point" | File: logger.php:438 | User: guest | {"php_error":true,"severity":2,"file":"C:\\xampp\\htdocs\\v1\\api\\ai_assistant.php","line":456}
[2026-03-09 21:13:30.000000] [WARNING] Undefined array key "boiling_point" | File: logger.php:438 | User: guest | {"php_error":true,"severity":2,"file":"C:\\xampp\\htdocs\\v1\\api\\ai_assistant.php","line":457}
[2026-03-09 21:13:30.000000] [WARNING] Undefined array key "density" | File: logger.php:438 | User: guest | {"php_error":true,"severity":2,"file":"C:\\xampp\\htdocs\\v1\\api\\ai_assistant.php","line":458}
[2026-03-09 21:13:30.000000] [WARNING] Undefined array key "vapor_pressure" | File: logger.php:438 | User: guest | {"php_error":true,"severity":2,"file":"C:\\xampp\\htdocs\\v1\\api\\ai_assistant.php","line":460}
[2026-03-09 21:13:30.000000] [WARNING] Undefined array key "flash_point" | File: logger.php:438 | User: guest | {"php_error":true,"severity":2,"file":"C:\\xampp\\htdocs\\v1\\api\\ai_assistant.php","line":461}
[2026-03-09 21:13:30.000000] [WARNING] Undefined array key "auto_ignition_temp" | File: logger.php:438 | User: guest | {"php_error":true,"severity":2,"file":"C:\\xampp\\htdocs\\v1\\api\\ai_assistant.php","line":462}
[2026-03-09 21:14:35.000000] [WARNING] Undefined array key "melting_point" | File: logger.php:438 | User: guest | {"php_error":true,"severity":2,"file":"C:\\xampp\\htdocs\\v1\\api\\ai_assistant.php","line":456}
[2026-03-09 21:14:35.000000] [WARNING] Undefined array key "boiling_point" | File: logger.php:438 | User: guest | {"php_error":true,"severity":2,"file":"C:\\xampp\\htdocs\\v1\\api\\ai_assistant.php","line":457}
[2026-03-09 21:14:35.000000] [WARNING] Undefined array key "density" | File: logger.php:438 | User: guest | {"php_error":true,"severity":2,"file":"C:\\xampp\\htdocs\\v1\\api\\ai_assistant.php","line":458}
[2026-03-09 21:14:35.000000] [WARNING] Undefined array key "vapor_pressure" | File: logger.php:438 | User: guest | {"php_error":true,"severity":2,"file":"C:\\xampp\\htdocs\\v1\\api\\ai_assistant.php","line":460}
[2026-03-09 21:14:35.000000] [WARNING] Undefined array key "flash_point" | File: logger.php:438 | User: guest | {"php_error":true,"severity":2,"file":"C:\\xampp\\htdocs\\v1\\api\\ai_assistant.php","line":461}
[2026-03-09 21:14:35.000000] [WARNING] Undefined array key "auto_ignition_temp" | File: logger.php:438 | User: guest | {"php_error":true,"severity":2,"file":"C:\\xampp\\htdocs\\v1\\api\\ai_assistant.php","line":462}
[2026-03-09 21:20:50.000000] [WARNING] Undefined array key "melting_point" | File: logger.php:438 | User: guest | {"php_error":true,"severity":2,"file":"C:\\xampp\\htdocs\\v1\\api\\ai_assistant.php","line":478}
[2026-03-09 21:20:50.000000] [WARNING] Undefined array key "boiling_point" | File: logger.php:438 | User: guest | {"php_error":true,"severity":2,"file":"C:\\xampp\\htdocs\\v1\\api\\ai_assistant.php","line":479}
[2026-03-09 21:20:50.000000] [WARNING] Undefined array key "density" | File: logger.php:438 | User: guest | {"php_error":true,"severity":2,"file":"C:\\xampp\\htdocs\\v1\\api\\ai_assistant.php","line":480}
[2026-03-09 21:20:50.000000] [WARNING] Undefined array key "vapor_pressure" | File: logger.php:438 | User: guest | {"php_error":true,"severity":2,"file":"C:\\xampp\\htdocs\\v1\\api\\ai_assistant.php","line":482}
[2026-03-09 21:20:50.000000] [WARNING] Undefined array key "flash_point" | File: logger.php:438 | User: guest | {"php_error":true,"severity":2,"file":"C:\\xampp\\htdocs\\v1\\api\\ai_assistant.php","line":483}
[2026-03-09 21:20:50.000000] [WARNING] Undefined array key "auto_ignition_temp" | File: logger.php:438 | User: guest | {"php_error":true,"severity":2,"file":"C:\\xampp\\htdocs\\v1\\api\\ai_assistant.php","line":484}
[2026-03-09 21:28:27.000000] [WARNING] Undefined array key "melting_point" | File: logger.php:438 | User: guest | {"php_error":true,"severity":2,"file":"C:\\xampp\\htdocs\\v1\\api\\ai_assistant.php","line":478}
[2026-03-09 21:28:27.000000] [WARNING] Undefined array key "boiling_point" | File: logger.php:438 | User: guest | {"php_error":true,"severity":2,"file":"C:\\xampp\\htdocs\\v1\\api\\ai_assistant.php","line":479}
[2026-03-09 21:28:27.000000] [WARNING] Undefined array key "density" | File: logger.php:438 | User: guest | {"php_error":true,"severity":2,"file":"C:\\xampp\\htdocs\\v1\\api\\ai_assistant.php","line":480}
[2026-03-09 21:28:27.000000] [WARNING] Undefined array key "vapor_pressure" | File: logger.php:438 | User: guest | {"php_error":true,"severity":2,"file":"C:\\xampp\\htdocs\\v1\\api\\ai_assistant.php","line":482}
[2026-03-09 21:28:27.000000] [WARNING] Undefined array key "flash_point" | File: logger.php:438 | User: guest | {"php_error":true,"severity":2,"file":"C:\\xampp\\htdocs\\v1\\api\\ai_assistant.php","line":483}
[2026-03-09 21:28:27.000000] [WARNING] Undefined array key "auto_ignition_temp" | File: logger.php:438 | User: guest | {"php_error":true,"severity":2,"file":"C:\\xampp\\htdocs\\v1\\api\\ai_assistant.php","line":484}
[2026-03-09 21:33:24.000000] [WARNING] Undefined array key "melting_point" | File: logger.php:438 | User: guest | {"php_error":true,"severity":2,"file":"C:\\xampp\\htdocs\\v1\\api\\ai_assistant.php","line":478}
[2026-03-09 21:33:24.000000] [WARNING] Undefined array key "boiling_point" | File: logger.php:438 | User: guest | {"php_error":true,"severity":2,"file":"C:\\xampp\\htdocs\\v1\\api\\ai_assistant.php","line":479}
[2026-03-09 21:33:24.000000] [WARNING] Undefined array key "density" | File: logger.php:438 | User: guest | {"php_error":true,"severity":2,"file":"C:\\xampp\\htdocs\\v1\\api\\ai_assistant.php","line":480}
[2026-03-09 21:33:24.000000] [WARNING] Undefined array key "vapor_pressure" | File: logger.php:438 | User: guest | {"php_error":true,"severity":2,"file":"C:\\xampp\\htdocs\\v1\\api\\ai_assistant.php","line":482}
[2026-03-09 21:33:24.000000] [WARNING] Undefined array key "flash_point" | File: logger.php:438 | User: guest | {"php_error":true,"severity":2,"file":"C:\\xampp\\htdocs\\v1\\api\\ai_assistant.php","line":483}
[2026-03-09 21:33:24.000000] [WARNING] Undefined array key "auto_ignition_temp" | File: logger.php:438 | User: guest | {"php_error":true,"severity":2,"file":"C:\\xampp\\htdocs\\v1\\api\\ai_assistant.php","line":484}
[2026-03-09 21:45:27.000000] [WARNING] Undefined array key "melting_point" | File: logger.php:438 | User: guest | {"php_error":true,"severity":2,"file":"C:\\xampp\\htdocs\\v1\\api\\ai_assistant.php","line":478}
[2026-03-09 21:45:27.000000] [WARNING] Undefined array key "boiling_point" | File: logger.php:438 | User: guest | {"php_error":true,"severity":2,"file":"C:\\xampp\\htdocs\\v1\\api\\ai_assistant.php","line":479}
[2026-03-09 21:45:27.000000] [WARNING] Undefined array key "density" | File: logger.php:438 | User: guest | {"php_error":true,"severity":2,"file":"C:\\xampp\\htdocs\\v1\\api\\ai_assistant.php","line":480}
[2026-03-09 21:45:27.000000] [WARNING] Undefined array key "vapor_pressure" | File: logger.php:438 | User: guest | {"php_error":true,"severity":2,"file":"C:\\xampp\\htdocs\\v1\\api\\ai_assistant.php","line":482}
[2026-03-09 21:45:27.000000] [WARNING] Undefined array key "flash_point" | File: logger.php:438 | User: guest | {"php_error":true,"severity":2,"file":"C:\\xampp\\htdocs\\v1\\api\\ai_assistant.php","line":483}
[2026-03-09 21:45:27.000000] [WARNING] Undefined array key "auto_ignition_temp" | File: logger.php:438 | User: guest | {"php_error":true,"severity":2,"file":"C:\\xampp\\htdocs\\v1\\api\\ai_assistant.php","line":484}
[2026-03-09 21:56:33.000000] [WARNING] Undefined array key "melting_point" | File: logger.php:438 | User: guest | {"php_error":true,"severity":2,"file":"C:\\xampp\\htdocs\\v1\\api\\ai_assistant.php","line":478}
[2026-03-09 21:56:33.000000] [WARNING] Undefined array key "boiling_point" | File: logger.php:438 | User: guest | {"php_error":true,"severity":2,"file":"C:\\xampp\\htdocs\\v1\\api\\ai_assistant.php","line":479}
[2026-03-09 21:56:33.000000] [WARNING] Undefined array key "density" | File: logger.php:438 | User: guest | {"php_error":true,"severity":2,"file":"C:\\xampp\\htdocs\\v1\\api\\ai_assistant.php","line":480}
[2026-03-09 21:56:33.000000] [WARNING] Undefined array key "vapor_pressure" | File: logger.php:438 | User: guest | {"php_error":true,"severity":2,"file":"C:\\xampp\\htdocs\\v1\\api\\ai_assistant.php","line":482}
[2026-03-09 21:56:33.000000] [WARNING] Undefined array key "flash_point" | File: logger.php:438 | User: guest | {"php_error":true,"severity":2,"file":"C:\\xampp\\htdocs\\v1\\api\\ai_assistant.php","line":483}
[2026-03-09 21:56:33.000000] [WARNING] Undefined array key "auto_ignition_temp" | File: logger.php:438 | User: guest | {"php_error":true,"severity":2,"file":"C:\\xampp\\htdocs\\v1\\api\\ai_assistant.php","line":484}
[2026-03-09 21:57:04.000000] [WARNING] Undefined array key "melting_point" | File: logger.php:438 | User: guest | {"php_error":true,"severity":2,"file":"C:\\xampp\\htdocs\\v1\\api\\ai_assistant.php","line":478}
[2026-03-09 21:57:04.000000] [WARNING] Undefined array key "boiling_point" | File: logger.php:438 | User: guest | {"php_error":true,"severity":2,"file":"C:\\xampp\\htdocs\\v1\\api\\ai_assistant.php","line":479}
[2026-03-09 21:57:04.000000] [WARNING] Undefined array key "density" | File: logger.php:438 | User: guest | {"php_error":true,"severity":2,"file":"C:\\xampp\\htdocs\\v1\\api\\ai_assistant.php","line":480}
[2026-03-09 21:57:04.000000] [WARNING] Undefined array key "vapor_pressure" | File: logger.php:438 | User: guest | {"php_error":true,"severity":2,"file":"C:\\xampp\\htdocs\\v1\\api\\ai_assistant.php","line":482}
[2026-03-09 21:57:04.000000] [WARNING] Undefined array key "flash_point" | File: logger.php:438 | User: guest | {"php_error":true,"severity":2,"file":"C:\\xampp\\htdocs\\v1\\api\\ai_assistant.php","line":483}
[2026-03-09 21:57:04.000000] [WARNING] Undefined array key "auto_ignition_temp" | File: logger.php:438 | User: guest | {"php_error":true,"severity":2,"file":"C:\\xampp\\htdocs\\v1\\api\\ai_assistant.php","line":484}
[2026-03-09 21:57:26.000000] [WARNING] Undefined array key "melting_point" | File: logger.php:438 | User: guest | {"php_error":true,"severity":2,"file":"C:\\xampp\\htdocs\\v1\\api\\ai_assistant.php","line":478}
[2026-03-09 21:57:26.000000] [WARNING] Undefined array key "boiling_point" | File: logger.php:438 | User: guest | {"php_error":true,"severity":2,"file":"C:\\xampp\\htdocs\\v1\\api\\ai_assistant.php","line":479}
[2026-03-09 21:57:26.000000] [WARNING] Undefined array key "density" | File: logger.php:438 | User: guest | {"php_error":true,"severity":2,"file":"C:\\xampp\\htdocs\\v1\\api\\ai_assistant.php","line":480}
[2026-03-09 21:57:26.000000] [WARNING] Undefined array key "vapor_pressure" | File: logger.php:438 | User: guest | {"php_error":true,"severity":2,"file":"C:\\xampp\\htdocs\\v1\\api\\ai_assistant.php","line":482}
[2026-03-09 21:57:26.000000] [WARNING] Undefined array key "flash_point" | File: logger.php:438 | User: guest | {"php_error":true,"severity":2,"file":"C:\\xampp\\htdocs\\v1\\api\\ai_assistant.php","line":483}
[2026-03-09 21:57:26.000000] [WARNING] Undefined array key "auto_ignition_temp" | File: logger.php:438 | User: guest | {"php_error":true,"severity":2,"file":"C:\\xampp\\htdocs\\v1\\api\\ai_assistant.php","line":484}
[2026-03-09 22:22:02.000000] [WARNING] Undefined array key "melting_point" | File: logger.php:438 | User: guest | {"php_error":true,"severity":2,"file":"C:\\xampp\\htdocs\\v1\\api\\ai_assistant.php","line":478}
[2026-03-09 22:22:02.000000] [WARNING] Undefined array key "boiling_point" | File: logger.php:438 | User: guest | {"php_error":true,"severity":2,"file":"C:\\xampp\\htdocs\\v1\\api\\ai_assistant.php","line":479}
[2026-03-09 22:22:02.000000] [WARNING] Undefined array key "density" | File: logger.php:438 | User: guest | {"php_error":true,"severity":2,"file":"C:\\xampp\\htdocs\\v1\\api\\ai_assistant.php","line":480}
[2026-03-09 22:22:02.000000] [WARNING] Undefined array key "vapor_pressure" | File: logger.php:438 | User: guest | {"php_error":true,"severity":2,"file":"C:\\xampp\\htdocs\\v1\\api\\ai_assistant.php","line":482}
[2026-03-09 22:22:02.000000] [WARNING] Undefined array key "flash_point" | File: logger.php:438 | User: guest | {"php_error":true,"severity":2,"file":"C:\\xampp\\htdocs\\v1\\api\\ai_assistant.php","line":483}
[2026-03-09 22:22:02.000000] [WARNING] Undefined array key "auto_ignition_temp" | File: logger.php:438 | User: guest | {"php_error":true,"severity":2,"file":"C:\\xampp\\htdocs\\v1\\api\\ai_assistant.php","line":484}
[2026-03-09 22:48:41.000000] [WARNING] Undefined array key "melting_point" | File: logger.php:438 | User: guest | {"php_error":true,"severity":2,"file":"C:\\xampp\\htdocs\\v1\\api\\ai_assistant.php","line":514}
[2026-03-09 22:48:41.000000] [WARNING] Undefined array key "boiling_point" | File: logger.php:438 | User: guest | {"php_error":true,"severity":2,"file":"C:\\xampp\\htdocs\\v1\\api\\ai_assistant.php","line":515}
[2026-03-09 22:48:41.000000] [WARNING] Undefined array key "density" | File: logger.php:438 | User: guest | {"php_error":true,"severity":2,"file":"C:\\xampp\\htdocs\\v1\\api\\ai_assistant.php","line":516}
[2026-03-09 22:48:41.000000] [WARNING] Undefined array key "vapor_pressure" | File: logger.php:438 | User: guest | {"php_error":true,"severity":2,"file":"C:\\xampp\\htdocs\\v1\\api\\ai_assistant.php","line":518}
[2026-03-09 22:48:41.000000] [WARNING] Undefined array key "flash_point" | File: logger.php:438 | User: guest | {"php_error":true,"severity":2,"file":"C:\\xampp\\htdocs\\v1\\api\\ai_assistant.php","line":519}
[2026-03-09 22:48:41.000000] [WARNING] Undefined array key "auto_ignition_temp" | File: logger.php:438 | User: guest | {"php_error":true,"severity":2,"file":"C:\\xampp\\htdocs\\v1\\api\\ai_assistant.php","line":520}
[2026-03-09 22:54:03.000000] [WARNING] Undefined array key "melting_point" | File: logger.php:438 | User: guest | {"php_error":true,"severity":2,"file":"C:\\xampp\\htdocs\\v1\\api\\ai_assistant.php","line":514}
[2026-03-09 22:54:03.000000] [WARNING] Undefined array key "boiling_point" | File: logger.php:438 | User: guest | {"php_error":true,"severity":2,"file":"C:\\xampp\\htdocs\\v1\\api\\ai_assistant.php","line":515}
[2026-03-09 22:54:03.000000] [WARNING] Undefined array key "density" | File: logger.php:438 | User: guest | {"php_error":true,"severity":2,"file":"C:\\xampp\\htdocs\\v1\\api\\ai_assistant.php","line":516}
[2026-03-09 22:54:03.000000] [WARNING] Undefined array key "vapor_pressure" | File: logger.php:438 | User: guest | {"php_error":true,"severity":2,"file":"C:\\xampp\\htdocs\\v1\\api\\ai_assistant.php","line":518}
[2026-03-09 22:54:03.000000] [WARNING] Undefined array key "flash_point" | File: logger.php:438 | User: guest | {"php_error":true,"severity":2,"file":"C:\\xampp\\htdocs\\v1\\api\\ai_assistant.php","line":519}
[2026-03-09 22:54:03.000000] [WARNING] Undefined array key "auto_ignition_temp" | File: logger.php:438 | User: guest | {"php_error":true,"severity":2,"file":"C:\\xampp\\htdocs\\v1\\api\\ai_assistant.php","line":520}
[2026-03-09 23:07:35.000000] [WARNING] Undefined array key "melting_point" | File: logger.php:438 | User: guest | {"php_error":true,"severity":2,"file":"C:\\xampp\\htdocs\\v1\\api\\ai_assistant.php","line":514}
[2026-03-09 23:07:35.000000] [WARNING] Undefined array key "boiling_point" | File: logger.php:438 | User: guest | {"php_error":true,"severity":2,"file":"C:\\xampp\\htdocs\\v1\\api\\ai_assistant.php","line":515}
[2026-03-09 23:07:35.000000] [WARNING] Undefined array key "density" | File: logger.php:438 | User: guest | {"php_error":true,"severity":2,"file":"C:\\xampp\\htdocs\\v1\\api\\ai_assistant.php","line":516}
[2026-03-09 23:07:35.000000] [WARNING] Undefined array key "vapor_pressure" | File: logger.php:438 | User: guest | {"php_error":true,"severity":2,"file":"C:\\xampp\\htdocs\\v1\\api\\ai_assistant.php","line":518}
[2026-03-09 23:07:35.000000] [WARNING] Undefined array key "flash_point" | File: logger.php:438 | User: guest | {"php_error":true,"severity":2,"file":"C:\\xampp\\htdocs\\v1\\api\\ai_assistant.php","line":519}
[2026-03-09 23:07:35.000000] [WARNING] Undefined array key "auto_ignition_temp" | File: logger.php:438 | User: guest | {"php_error":true,"severity":2,"file":"C:\\xampp\\htdocs\\v1\\api\\ai_assistant.php","line":520}
[2026-03-09 23:08:32.000000] [WARNING] Undefined array key "melting_point" | File: logger.php:438 | User: guest | {"php_error":true,"severity":2,"file":"C:\\xampp\\htdocs\\v1\\api\\ai_assistant.php","line":514}
[2026-03-09 23:08:32.000000] [WARNING] Undefined array key "boiling_point" | File: logger.php:438 | User: guest | {"php_error":true,"severity":2,"file":"C:\\xampp\\htdocs\\v1\\api\\ai_assistant.php","line":515}
[2026-03-09 23:08:32.000000] [WARNING] Undefined array key "density" | File: logger.php:438 | User: guest | {"php_error":true,"severity":2,"file":"C:\\xampp\\htdocs\\v1\\api\\ai_assistant.php","line":516}
[2026-03-09 23:08:32.000000] [WARNING] Undefined array key "vapor_pressure" | File: logger.php:438 | User: guest | {"php_error":true,"severity":2,"file":"C:\\xampp\\htdocs\\v1\\api\\ai_assistant.php","line":518}
[2026-03-09 23:08:32.000000] [WARNING] Undefined array key "flash_point" | File: logger.php:438 | User: guest | {"php_error":true,"severity":2,"file":"C:\\xampp\\htdocs\\v1\\api\\ai_assistant.php","line":519}
[2026-03-09 23:08:32.000000] [WARNING] Undefined array key "auto_ignition_temp" | File: logger.php:438 | User: guest | {"php_error":true,"severity":2,"file":"C:\\xampp\\htdocs\\v1\\api\\ai_assistant.php","line":520}
[2026-03-09 23:22:05.000000] [WARNING] Undefined array key "melting_point" | File: logger.php:438 | User: guest | {"php_error":true,"severity":2,"file":"C:\\xampp\\htdocs\\v1\\api\\ai_assistant.php","line":514}
[2026-03-09 23:22:05.000000] [WARNING] Undefined array key "boiling_point" | File: logger.php:438 | User: guest | {"php_error":true,"severity":2,"file":"C:\\xampp\\htdocs\\v1\\api\\ai_assistant.php","line":515}
[2026-03-09 23:22:05.000000] [WARNING] Undefined array key "density" | File: logger.php:438 | User: guest | {"php_error":true,"severity":2,"file":"C:\\xampp\\htdocs\\v1\\api\\ai_assistant.php","line":516}
[2026-03-09 23:22:05.000000] [WARNING] Undefined array key "vapor_pressure" | File: logger.php:438 | User: guest | {"php_error":true,"severity":2,"file":"C:\\xampp\\htdocs\\v1\\api\\ai_assistant.php","line":518}
[2026-03-09 23:22:05.000000] [WARNING] Undefined array key "flash_point" | File: logger.php:438 | User: guest | {"php_error":true,"severity":2,"file":"C:\\xampp\\htdocs\\v1\\api\\ai_assistant.php","line":519}
[2026-03-09 23:22:05.000000] [WARNING] Undefined array key "auto_ignition_temp" | File: logger.php:438 | User: guest | {"php_error":true,"severity":2,"file":"C:\\xampp\\htdocs\\v1\\api\\ai_assistant.php","line":520}
[2026-03-09 23:22:40.000000] [WARNING] Undefined array key "melting_point" | File: logger.php:438 | User: guest | {"php_error":true,"severity":2,"file":"C:\\xampp\\htdocs\\v1\\api\\ai_assistant.php","line":514}
[2026-03-09 23:22:40.000000] [WARNING] Undefined array key "boiling_point" | File: logger.php:438 | User: guest | {"php_error":true,"severity":2,"file":"C:\\xampp\\htdocs\\v1\\api\\ai_assistant.php","line":515}
[2026-03-09 23:22:40.000000] [WARNING] Undefined array key "density" | File: logger.php:438 | User: guest | {"php_error":true,"severity":2,"file":"C:\\xampp\\htdocs\\v1\\api\\ai_assistant.php","line":516}
[2026-03-09 23:22:40.000000] [WARNING] Undefined array key "vapor_pressure" | File: logger.php:438 | User: guest | {"php_error":true,"severity":2,"file":"C:\\xampp\\htdocs\\v1\\api\\ai_assistant.php","line":518}
[2026-03-09 23:22:40.000000] [WARNING] Undefined array key "flash_point" | File: logger.php:438 | User: guest | {"php_error":true,"severity":2,"file":"C:\\xampp\\htdocs\\v1\\api\\ai_assistant.php","line":519}
[2026-03-09 23:22:40.000000] [WARNING] Undefined array key "auto_ignition_temp" | File: logger.php:438 | User: guest | {"php_error":true,"severity":2,"file":"C:\\xampp\\htdocs\\v1\\api\\ai_assistant.php","line":520}
[2026-03-09 23:23:20.000000] [WARNING] Undefined array key "melting_point" | File: logger.php:438 | User: guest | {"php_error":true,"severity":2,"file":"C:\\xampp\\htdocs\\v1\\api\\ai_assistant.php","line":514}
[2026-03-09 23:23:20.000000] [WARNING] Undefined array key "boiling_point" | File: logger.php:438 | User: guest | {"php_error":true,"severity":2,"file":"C:\\xampp\\htdocs\\v1\\api\\ai_assistant.php","line":515}
[2026-03-09 23:23:20.000000] [WARNING] Undefined array key "density" | File: logger.php:438 | User: guest | {"php_error":true,"severity":2,"file":"C:\\xampp\\htdocs\\v1\\api\\ai_assistant.php","line":516}
[2026-03-09 23:23:20.000000] [WARNING] Undefined array key "vapor_pressure" | File: logger.php:438 | User: guest | {"php_error":true,"severity":2,"file":"C:\\xampp\\htdocs\\v1\\api\\ai_assistant.php","line":518}
[2026-03-09 23:23:20.000000] [WARNING] Undefined array key "flash_point" | File: logger.php:438 | User: guest | {"php_error":true,"severity":2,"file":"C:\\xampp\\htdocs\\v1\\api\\ai_assistant.php","line":519}
[2026-03-09 23:23:20.000000] [WARNING] Undefined array key "auto_ignition_temp" | File: logger.php:438 | User: guest | {"php_error":true,"severity":2,"file":"C:\\xampp\\htdocs\\v1\\api\\ai_assistant.php","line":520}
[2026-03-09 23:26:14.000000] [CRITICAL] Uncaught Exception: SQLSTATE[42S22]: Column not found: 1054 Unknown column 'm.cas_number' in 'field list' | File: logger.php:85 | User: guest | {"exception":{"class":"PDOException","code":"42S22","file":"C:\\xampp\\htdocs\\v1\\includes\\database.php","line":100,"trace":"#0 C:\\xampp\\htdocs\\v1\\includes\\database.php(100): PDOStatement->execute()\n#1 C:\\xampp\\htdocs\\v1\\includes\\database.php(111): Database::query('SELECT m.id, m....', Array)\n#2 C:\\xampp\\htdocs\\v1\\debug_3d_models.php(25): Database::fetchAll('SELECT m.id, m....')\n#3 {main}"}}
[2026-03-09 23:27:08.000000] [CRITICAL] Uncaught Exception: SQLSTATE[42S22]: Column not found: 1054 Unknown column 'm.cas_number' in 'field list' | File: logger.php:85 | User: guest | {"exception":{"class":"PDOException","code":"42S22","file":"C:\\xampp\\htdocs\\v1\\includes\\database.php","line":100,"trace":"#0 C:\\xampp\\htdocs\\v1\\includes\\database.php(100): PDOStatement->execute()\n#1 C:\\xampp\\htdocs\\v1\\includes\\database.php(111): Database::query('SELECT m.id, m....', Array)\n#2 C:\\xampp\\htdocs\\v1\\debug_3d_models.php(25): Database::fetchAll('SELECT m.id, m....')\n#3 {main}"}}
[2026-03-09 23:27:46.000000] [CRITICAL] Uncaught Exception: SQLSTATE[42S22]: Column not found: 1054 Unknown column 'm.cas_number' in 'field list' | File: logger.php:85 | User: guest | {"exception":{"class":"PDOException","code":"42S22","file":"C:\\xampp\\htdocs\\v1\\includes\\database.php","line":100,"trace":"#0 C:\\xampp\\htdocs\\v1\\includes\\database.php(100): PDOStatement->execute()\n#1 C:\\xampp\\htdocs\\v1\\includes\\database.php(111): Database::query('SELECT m.id, m....', Array)\n#2 C:\\xampp\\htdocs\\v1\\debug_3d_models.php(25): Database::fetchAll('SELECT m.id, m....')\n#3 {main}"}}
[2026-03-09 23:27:59.000000] [CRITICAL] Uncaught Exception: SQLSTATE[42S22]: Column not found: 1054 Unknown column 'm.cas_number' in 'field list' | File: logger.php:85 | User: guest | {"exception":{"class":"PDOException","code":"42S22","file":"C:\\xampp\\htdocs\\v1\\includes\\database.php","line":100,"trace":"#0 C:\\xampp\\htdocs\\v1\\includes\\database.php(100): PDOStatement->execute()\n#1 C:\\xampp\\htdocs\\v1\\includes\\database.php(111): Database::query('SELECT m.id, m....', Array)\n#2 C:\\xampp\\htdocs\\v1\\debug_3d_models.php(25): Database::fetchAll('SELECT m.id, m....')\n#3 {main}"}}
[2026-03-09 23:29:00.000000] [CRITICAL] Uncaught Exception: SQLSTATE[42S22]: Column not found: 1054 Unknown column 'm.cas_number' in 'field list' | File: logger.php:85 | User: guest | {"exception":{"class":"PDOException","code":"42S22","file":"C:\\xampp\\htdocs\\v1\\includes\\database.php","line":100,"trace":"#0 C:\\xampp\\htdocs\\v1\\includes\\database.php(100): PDOStatement->execute()\n#1 C:\\xampp\\htdocs\\v1\\includes\\database.php(111): Database::query('SELECT m.id, m....', Array)\n#2 C:\\xampp\\htdocs\\v1\\debug_3d_models.php(25): Database::fetchAll('SELECT m.id, m....')\n#3 {main}"}}
[2026-03-09 23:29:13.000000] [CRITICAL] Uncaught Exception: SQLSTATE[42S22]: Column not found: 1054 Unknown column 'm.cas_number' in 'field list' | File: logger.php:85 | User: guest | {"exception":{"class":"PDOException","code":"42S22","file":"C:\\xampp\\htdocs\\v1\\includes\\database.php","line":100,"trace":"#0 C:\\xampp\\htdocs\\v1\\includes\\database.php(100): PDOStatement->execute()\n#1 C:\\xampp\\htdocs\\v1\\includes\\database.php(111): Database::query('SELECT m.id, m....', Array)\n#2 C:\\xampp\\htdocs\\v1\\debug_3d_models.php(25): Database::fetchAll('SELECT m.id, m....')\n#3 {main}"}}
[2026-03-09 23:29:41.000000] [CRITICAL] Uncaught Exception: SQLSTATE[42S22]: Column not found: 1054 Unknown column 'm.cas_number' in 'field list' | File: logger.php:85 | User: guest | {"exception":{"class":"PDOException","code":"42S22","file":"C:\\xampp\\htdocs\\v1\\includes\\database.php","line":100,"trace":"#0 C:\\xampp\\htdocs\\v1\\includes\\database.php(100): PDOStatement->execute()\n#1 C:\\xampp\\htdocs\\v1\\includes\\database.php(111): Database::query('SELECT m.id, m....', Array)\n#2 C:\\xampp\\htdocs\\v1\\debug_3d_models.php(25): Database::fetchAll('SELECT m.id, m....')\n#3 {main}"}}
[2026-03-09 23:31:00.000000] [WARNING] Undefined array key "melting_point" | File: logger.php:438 | User: guest | {"php_error":true,"severity":2,"file":"C:\\xampp\\htdocs\\v1\\api\\ai_assistant.php","line":514}
[2026-03-09 23:31:00.000000] [WARNING] Undefined array key "boiling_point" | File: logger.php:438 | User: guest | {"php_error":true,"severity":2,"file":"C:\\xampp\\htdocs\\v1\\api\\ai_assistant.php","line":515}
[2026-03-09 23:31:00.000000] [WARNING] Undefined array key "density" | File: logger.php:438 | User: guest | {"php_error":true,"severity":2,"file":"C:\\xampp\\htdocs\\v1\\api\\ai_assistant.php","line":516}
[2026-03-09 23:31:00.000000] [WARNING] Undefined array key "vapor_pressure" | File: logger.php:438 | User: guest | {"php_error":true,"severity":2,"file":"C:\\xampp\\htdocs\\v1\\api\\ai_assistant.php","line":518}
[2026-03-09 23:31:00.000000] [WARNING] Undefined array key "flash_point" | File: logger.php:438 | User: guest | {"php_error":true,"severity":2,"file":"C:\\xampp\\htdocs\\v1\\api\\ai_assistant.php","line":519}
[2026-03-09 23:31:00.000000] [WARNING] Undefined array key "auto_ignition_temp" | File: logger.php:438 | User: guest | {"php_error":true,"severity":2,"file":"C:\\xampp\\htdocs\\v1\\api\\ai_assistant.php","line":520}
[2026-03-09 23:40:24.000000] [WARNING] Undefined array key "melting_point" | File: logger.php:438 | User: guest | {"php_error":true,"severity":2,"file":"C:\\xampp\\htdocs\\v1\\api\\ai_assistant.php","line":514}
[2026-03-09 23:40:24.000000] [WARNING] Undefined array key "boiling_point" | File: logger.php:438 | User: guest | {"php_error":true,"severity":2,"file":"C:\\xampp\\htdocs\\v1\\api\\ai_assistant.php","line":515}
[2026-03-09 23:40:24.000000] [WARNING] Undefined array key "density" | File: logger.php:438 | User: guest | {"php_error":true,"severity":2,"file":"C:\\xampp\\htdocs\\v1\\api\\ai_assistant.php","line":516}
[2026-03-09 23:40:24.000000] [WARNING] Undefined array key "vapor_pressure" | File: logger.php:438 | User: guest | {"php_error":true,"severity":2,"file":"C:\\xampp\\htdocs\\v1\\api\\ai_assistant.php","line":518}
[2026-03-09 23:40:24.000000] [WARNING] Undefined array key "flash_point" | File: logger.php:438 | User: guest | {"php_error":true,"severity":2,"file":"C:\\xampp\\htdocs\\v1\\api\\ai_assistant.php","line":519}
[2026-03-09 23:40:24.000000] [WARNING] Undefined array key "auto_ignition_temp" | File: logger.php:438 | User: guest | {"php_error":true,"severity":2,"file":"C:\\xampp\\htdocs\\v1\\api\\ai_assistant.php","line":520}
[2026-03-09 23:47:59.000000] [CRITICAL] Uncaught Exception: PDO::query(): Argument #2 ($fetchMode) must be of type ?int, array given | File: logger.php:85 | User: guest | {"exception":{"class":"TypeError","code":0,"file":"C:\\xampp\\htdocs\\v1\\debug_ldmedium.php","line":31,"trace":"#0 C:\\xampp\\htdocs\\v1\\debug_ldmedium.php(31): PDO->query('UPDATE packagin...', Array)\n#1 {main}"}}
[2026-03-09 23:49:00.000000] [CRITICAL] Uncaught Exception: PDO::query(): Argument #2 ($fetchMode) must be of type ?int, array given | File: logger.php:85 | User: guest | {"exception":{"class":"TypeError","code":0,"file":"C:\\xampp\\htdocs\\v1\\debug_ldmedium.php","line":31,"trace":"#0 C:\\xampp\\htdocs\\v1\\debug_ldmedium.php(31): PDO->query('UPDATE packagin...', Array)\n#1 {main}"}}
[2026-03-09 23:52:15.000000] [WARNING] Undefined array key "melting_point" | File: logger.php:438 | User: guest | {"php_error":true,"severity":2,"file":"C:\\xampp\\htdocs\\v1\\api\\ai_assistant.php","line":514}
[2026-03-09 23:52:15.000000] [WARNING] Undefined array key "boiling_point" | File: logger.php:438 | User: guest | {"php_error":true,"severity":2,"file":"C:\\xampp\\htdocs\\v1\\api\\ai_assistant.php","line":515}
[2026-03-09 23:52:15.000000] [WARNING] Undefined array key "density" | File: logger.php:438 | User: guest | {"php_error":true,"severity":2,"file":"C:\\xampp\\htdocs\\v1\\api\\ai_assistant.php","line":516}
[2026-03-09 23:52:15.000000] [WARNING] Undefined array key "vapor_pressure" | File: logger.php:438 | User: guest | {"php_error":true,"severity":2,"file":"C:\\xampp\\htdocs\\v1\\api\\ai_assistant.php","line":518}
[2026-03-09 23:52:15.000000] [WARNING] Undefined array key "flash_point" | File: logger.php:438 | User: guest | {"php_error":true,"severity":2,"file":"C:\\xampp\\htdocs\\v1\\api\\ai_assistant.php","line":519}
[2026-03-09 23:52:15.000000] [WARNING] Undefined array key "auto_ignition_temp" | File: logger.php:438 | User: guest | {"php_error":true,"severity":2,"file":"C:\\xampp\\htdocs\\v1\\api\\ai_assistant.php","line":520}
[2026-03-09 23:59:56.000000] [WARNING] Undefined array key "melting_point" | File: logger.php:438 | User: guest | {"php_error":true,"severity":2,"file":"C:\\xampp\\htdocs\\v1\\api\\ai_assistant.php","line":514}
[2026-03-09 23:59:56.000000] [WARNING] Undefined array key "boiling_point" | File: logger.php:438 | User: guest | {"php_error":true,"severity":2,"file":"C:\\xampp\\htdocs\\v1\\api\\ai_assistant.php","line":515}
[2026-03-09 23:59:56.000000] [WARNING] Undefined array key "density" | File: logger.php:438 | User: guest | {"php_error":true,"severity":2,"file":"C:\\xampp\\htdocs\\v1\\api\\ai_assistant.php","line":516}
[2026-03-09 23:59:56.000000] [WARNING] Undefined array key "vapor_pressure" | File: logger.php:438 | User: guest | {"php_error":true,"severity":2,"file":"C:\\xampp\\htdocs\\v1\\api\\ai_assistant.php","line":518}
[2026-03-09 23:59:56.000000] [WARNING] Undefined array key "flash_point" | File: logger.php:438 | User: guest | {"php_error":true,"severity":2,"file":"C:\\xampp\\htdocs\\v1\\api\\ai_assistant.php","line":519}
[2026-03-09 23:59:56.000000] [WARNING] Undefined array key "auto_ignition_temp" | File: logger.php:438 | User: guest | {"php_error":true,"severity":2,"file":"C:\\xampp\\htdocs\\v1\\api\\ai_assistant.php","line":520}
[2026-03-10 00:12:07.000000] [WARNING] Undefined array key "melting_point" | File: logger.php:438 | User: guest | {"php_error":true,"severity":2,"file":"C:\\xampp\\htdocs\\v1\\api\\ai_assistant.php","line":514}
[2026-03-10 00:12:07.000000] [WARNING] Undefined array key "boiling_point" | File: logger.php:438 | User: guest | {"php_error":true,"severity":2,"file":"C:\\xampp\\htdocs\\v1\\api\\ai_assistant.php","line":515}
[2026-03-10 00:12:07.000000] [WARNING] Undefined array key "density" | File: logger.php:438 | User: guest | {"php_error":true,"severity":2,"file":"C:\\xampp\\htdocs\\v1\\api\\ai_assistant.php","line":516}
[2026-03-10 00:12:07.000000] [WARNING] Undefined array key "vapor_pressure" | File: logger.php:438 | User: guest | {"php_error":true,"severity":2,"file":"C:\\xampp\\htdocs\\v1\\api\\ai_assistant.php","line":518}
[2026-03-10 00:12:07.000000] [WARNING] Undefined array key "flash_point" | File: logger.php:438 | User: guest | {"php_error":true,"severity":2,"file":"C:\\xampp\\htdocs\\v1\\api\\ai_assistant.php","line":519}
[2026-03-10 00:12:07.000000] [WARNING] Undefined array key "auto_ignition_temp" | File: logger.php:438 | User: guest | {"php_error":true,"severity":2,"file":"C:\\xampp\\htdocs\\v1\\api\\ai_assistant.php","line":520}
[2026-03-10 00:12:19.000000] [WARNING] Undefined array key "melting_point" | File: logger.php:438 | User: guest | {"php_error":true,"severity":2,"file":"C:\\xampp\\htdocs\\v1\\api\\ai_assistant.php","line":514}
[2026-03-10 00:12:19.000000] [WARNING] Undefined array key "boiling_point" | File: logger.php:438 | User: guest | {"php_error":true,"severity":2,"file":"C:\\xampp\\htdocs\\v1\\api\\ai_assistant.php","line":515}
[2026-03-10 00:12:19.000000] [WARNING] Undefined array key "density" | File: logger.php:438 | User: guest | {"php_error":true,"severity":2,"file":"C:\\xampp\\htdocs\\v1\\api\\ai_assistant.php","line":516}
[2026-03-10 00:12:19.000000] [WARNING] Undefined array key "vapor_pressure" | File: logger.php:438 | User: guest | {"php_error":true,"severity":2,"file":"C:\\xampp\\htdocs\\v1\\api\\ai_assistant.php","line":518}
[2026-03-10 00:12:19.000000] [WARNING] Undefined array key "flash_point" | File: logger.php:438 | User: guest | {"php_error":true,"severity":2,"file":"C:\\xampp\\htdocs\\v1\\api\\ai_assistant.php","line":519}
[2026-03-10 00:12:19.000000] [WARNING] Undefined array key "auto_ignition_temp" | File: logger.php:438 | User: guest | {"php_error":true,"severity":2,"file":"C:\\xampp\\htdocs\\v1\\api\\ai_assistant.php","line":520}
[2026-03-10 00:12:34.000000] [WARNING] Undefined array key "melting_point" | File: logger.php:438 | User: guest | {"php_error":true,"severity":2,"file":"C:\\xampp\\htdocs\\v1\\api\\ai_assistant.php","line":514}
[2026-03-10 00:12:34.000000] [WARNING] Undefined array key "boiling_point" | File: logger.php:438 | User: guest | {"php_error":true,"severity":2,"file":"C:\\xampp\\htdocs\\v1\\api\\ai_assistant.php","line":515}
[2026-03-10 00:12:34.000000] [WARNING] Undefined array key "density" | File: logger.php:438 | User: guest | {"php_error":true,"severity":2,"file":"C:\\xampp\\htdocs\\v1\\api\\ai_assistant.php","line":516}
[2026-03-10 00:12:34.000000] [WARNING] Undefined array key "vapor_pressure" | File: logger.php:438 | User: guest | {"php_error":true,"severity":2,"file":"C:\\xampp\\htdocs\\v1\\api\\ai_assistant.php","line":518}
[2026-03-10 00:12:34.000000] [WARNING] Undefined array key "flash_point" | File: logger.php:438 | User: guest | {"php_error":true,"severity":2,"file":"C:\\xampp\\htdocs\\v1\\api\\ai_assistant.php","line":519}
[2026-03-10 00:12:34.000000] [WARNING] Undefined array key "auto_ignition_temp" | File: logger.php:438 | User: guest | {"php_error":true,"severity":2,"file":"C:\\xampp\\htdocs\\v1\\api\\ai_assistant.php","line":520}
[2026-03-10 00:13:08.000000] [WARNING] Undefined array key "melting_point" | File: logger.php:438 | User: guest | {"php_error":true,"severity":2,"file":"C:\\xampp\\htdocs\\v1\\api\\ai_assistant.php","line":514}
[2026-03-10 00:13:08.000000] [WARNING] Undefined array key "boiling_point" | File: logger.php:438 | User: guest | {"php_error":true,"severity":2,"file":"C:\\xampp\\htdocs\\v1\\api\\ai_assistant.php","line":515}
[2026-03-10 00:13:08.000000] [WARNING] Undefined array key "density" | File: logger.php:438 | User: guest | {"php_error":true,"severity":2,"file":"C:\\xampp\\htdocs\\v1\\api\\ai_assistant.php","line":516}
[2026-03-10 00:13:08.000000] [WARNING] Undefined array key "vapor_pressure" | File: logger.php:438 | User: guest | {"php_error":true,"severity":2,"file":"C:\\xampp\\htdocs\\v1\\api\\ai_assistant.php","line":518}
[2026-03-10 00:13:08.000000] [WARNING] Undefined array key "flash_point" | File: logger.php:438 | User: guest | {"php_error":true,"severity":2,"file":"C:\\xampp\\htdocs\\v1\\api\\ai_assistant.php","line":519}
[2026-03-10 00:13:08.000000] [WARNING] Undefined array key "auto_ignition_temp" | File: logger.php:438 | User: guest | {"php_error":true,"severity":2,"file":"C:\\xampp\\htdocs\\v1\\api\\ai_assistant.php","line":520}
[2026-03-10 00:13:09.000000] [WARNING] Undefined array key "melting_point" | File: logger.php:438 | User: guest | {"php_error":true,"severity":2,"file":"C:\\xampp\\htdocs\\v1\\api\\ai_assistant.php","line":514}
[2026-03-10 00:13:09.000000] [WARNING] Undefined array key "boiling_point" | File: logger.php:438 | User: guest | {"php_error":true,"severity":2,"file":"C:\\xampp\\htdocs\\v1\\api\\ai_assistant.php","line":515}
[2026-03-10 00:13:10.000000] [WARNING] Undefined array key "density" | File: logger.php:438 | User: guest | {"php_error":true,"severity":2,"file":"C:\\xampp\\htdocs\\v1\\api\\ai_assistant.php","line":516}
[2026-03-10 00:13:10.000000] [WARNING] Undefined array key "vapor_pressure" | File: logger.php:438 | User: guest | {"php_error":true,"severity":2,"file":"C:\\xampp\\htdocs\\v1\\api\\ai_assistant.php","line":518}
[2026-03-10 00:13:10.000000] [WARNING] Undefined array key "flash_point" | File: logger.php:438 | User: guest | {"php_error":true,"severity":2,"file":"C:\\xampp\\htdocs\\v1\\api\\ai_assistant.php","line":519}
[2026-03-10 00:13:10.000000] [WARNING] Undefined array key "auto_ignition_temp" | File: logger.php:438 | User: guest | {"php_error":true,"severity":2,"file":"C:\\xampp\\htdocs\\v1\\api\\ai_assistant.php","line":520}
[2026-03-10 00:15:13.000000] [WARNING] Undefined array key "REQUEST_METHOD" | File: logger.php:438 | User: guest | {"php_error":true,"severity":2,"file":"C:\\xampp\\htdocs\\v1\\api\\ai_assistant.php","line":14}
[2026-03-10 00:19:51.000000] [WARNING] Undefined array key "melting_point" | File: logger.php:438 | User: guest | {"php_error":true,"severity":2,"file":"C:\\xampp\\htdocs\\v1\\api\\ai_assistant.php","line":514}
[2026-03-10 00:19:51.000000] [WARNING] Undefined array key "boiling_point" | File: logger.php:438 | User: guest | {"php_error":true,"severity":2,"file":"C:\\xampp\\htdocs\\v1\\api\\ai_assistant.php","line":515}
[2026-03-10 00:19:51.000000] [WARNING] Undefined array key "density" | File: logger.php:438 | User: guest | {"php_error":true,"severity":2,"file":"C:\\xampp\\htdocs\\v1\\api\\ai_assistant.php","line":516}
[2026-03-10 00:19:51.000000] [WARNING] Undefined array key "vapor_pressure" | File: logger.php:438 | User: guest | {"php_error":true,"severity":2,"file":"C:\\xampp\\htdocs\\v1\\api\\ai_assistant.php","line":518}
[2026-03-10 00:19:51.000000] [WARNING] Undefined array key "flash_point" | File: logger.php:438 | User: guest | {"php_error":true,"severity":2,"file":"C:\\xampp\\htdocs\\v1\\api\\ai_assistant.php","line":519}
[2026-03-10 00:19:51.000000] [WARNING] Undefined array key "auto_ignition_temp" | File: logger.php:438 | User: guest | {"php_error":true,"severity":2,"file":"C:\\xampp\\htdocs\\v1\\api\\ai_assistant.php","line":520}
[2026-03-10 00:20:55.000000] [WARNING] Undefined array key "melting_point" | File: logger.php:438 | User: guest | {"php_error":true,"severity":2,"file":"C:\\xampp\\htdocs\\v1\\api\\ai_assistant.php","line":514}
[2026-03-10 00:20:55.000000] [WARNING] Undefined array key "boiling_point" | File: logger.php:438 | User: guest | {"php_error":true,"severity":2,"file":"C:\\xampp\\htdocs\\v1\\api\\ai_assistant.php","line":515}
[2026-03-10 00:20:55.000000] [WARNING] Undefined array key "density" | File: logger.php:438 | User: guest | {"php_error":true,"severity":2,"file":"C:\\xampp\\htdocs\\v1\\api\\ai_assistant.php","line":516}
[2026-03-10 00:20:55.000000] [WARNING] Undefined array key "vapor_pressure" | File: logger.php:438 | User: guest | {"php_error":true,"severity":2,"file":"C:\\xampp\\htdocs\\v1\\api\\ai_assistant.php","line":518}
[2026-03-10 00:20:55.000000] [WARNING] Undefined array key "flash_point" | File: logger.php:438 | User: guest | {"php_error":true,"severity":2,"file":"C:\\xampp\\htdocs\\v1\\api\\ai_assistant.php","line":519}
[2026-03-10 00:20:55.000000] [WARNING] Undefined array key "auto_ignition_temp" | File: logger.php:438 | User: guest | {"php_error":true,"severity":2,"file":"C:\\xampp\\htdocs\\v1\\api\\ai_assistant.php","line":520}
[2026-03-10 00:28:38.000000] [WARNING] Undefined array key "melting_point" | File: logger.php:438 | User: guest | {"php_error":true,"severity":2,"file":"C:\\xampp\\htdocs\\v1\\api\\ai_assistant.php","line":514}
[2026-03-10 00:28:38.000000] [WARNING] Undefined array key "boiling_point" | File: logger.php:438 | User: guest | {"php_error":true,"severity":2,"file":"C:\\xampp\\htdocs\\v1\\api\\ai_assistant.php","line":515}
[2026-03-10 00:28:38.000000] [WARNING] Undefined array key "density" | File: logger.php:438 | User: guest | {"php_error":true,"severity":2,"file":"C:\\xampp\\htdocs\\v1\\api\\ai_assistant.php","line":516}
[2026-03-10 00:28:38.000000] [WARNING] Undefined array key "vapor_pressure" | File: logger.php:438 | User: guest | {"php_error":true,"severity":2,"file":"C:\\xampp\\htdocs\\v1\\api\\ai_assistant.php","line":518}
[2026-03-10 00:28:38.000000] [WARNING] Undefined array key "flash_point" | File: logger.php:438 | User: guest | {"php_error":true,"severity":2,"file":"C:\\xampp\\htdocs\\v1\\api\\ai_assistant.php","line":519}
[2026-03-10 00:28:38.000000] [WARNING] Undefined array key "auto_ignition_temp" | File: logger.php:438 | User: guest | {"php_error":true,"severity":2,"file":"C:\\xampp\\htdocs\\v1\\api\\ai_assistant.php","line":520}
[2026-03-10 09:55:43.000000] [WARNING] Undefined array key "melting_point" | File: logger.php:438 | User: guest | {"php_error":true,"severity":2,"file":"C:\\xampp\\htdocs\\v1\\api\\ai_assistant.php","line":539}
[2026-03-10 09:55:43.000000] [WARNING] Undefined array key "boiling_point" | File: logger.php:438 | User: guest | {"php_error":true,"severity":2,"file":"C:\\xampp\\htdocs\\v1\\api\\ai_assistant.php","line":540}
[2026-03-10 09:55:43.000000] [WARNING] Undefined array key "density" | File: logger.php:438 | User: guest | {"php_error":true,"severity":2,"file":"C:\\xampp\\htdocs\\v1\\api\\ai_assistant.php","line":541}
[2026-03-10 09:55:43.000000] [WARNING] Undefined array key "vapor_pressure" | File: logger.php:438 | User: guest | {"php_error":true,"severity":2,"file":"C:\\xampp\\htdocs\\v1\\api\\ai_assistant.php","line":543}
[2026-03-10 09:55:43.000000] [WARNING] Undefined array key "flash_point" | File: logger.php:438 | User: guest | {"php_error":true,"severity":2,"file":"C:\\xampp\\htdocs\\v1\\api\\ai_assistant.php","line":544}
[2026-03-10 09:55:43.000000] [WARNING] Undefined array key "auto_ignition_temp" | File: logger.php:438 | User: guest | {"php_error":true,"severity":2,"file":"C:\\xampp\\htdocs\\v1\\api\\ai_assistant.php","line":545}
[2026-03-10 09:57:02.000000] [WARNING] Undefined array key "melting_point" | File: logger.php:438 | User: guest | {"php_error":true,"severity":2,"file":"C:\\xampp\\htdocs\\v1\\api\\ai_assistant.php","line":539}
[2026-03-10 09:57:02.000000] [WARNING] Undefined array key "boiling_point" | File: logger.php:438 | User: guest | {"php_error":true,"severity":2,"file":"C:\\xampp\\htdocs\\v1\\api\\ai_assistant.php","line":540}
[2026-03-10 09:57:02.000000] [WARNING] Undefined array key "density" | File: logger.php:438 | User: guest | {"php_error":true,"severity":2,"file":"C:\\xampp\\htdocs\\v1\\api\\ai_assistant.php","line":541}
[2026-03-10 09:57:02.000000] [WARNING] Undefined array key "vapor_pressure" | File: logger.php:438 | User: guest | {"php_error":true,"severity":2,"file":"C:\\xampp\\htdocs\\v1\\api\\ai_assistant.php","line":543}
[2026-03-10 09:57:02.000000] [WARNING] Undefined array key "flash_point" | File: logger.php:438 | User: guest | {"php_error":true,"severity":2,"file":"C:\\xampp\\htdocs\\v1\\api\\ai_assistant.php","line":544}
[2026-03-10 09:57:02.000000] [WARNING] Undefined array key "auto_ignition_temp" | File: logger.php:438 | User: guest | {"php_error":true,"severity":2,"file":"C:\\xampp\\htdocs\\v1\\api\\ai_assistant.php","line":545}
[2026-03-10 10:30:18.000000] [WARNING] Undefined array key "melting_point" | File: logger.php:438 | User: guest | {"php_error":true,"severity":2,"file":"C:\\xampp\\htdocs\\v1\\api\\ai_assistant.php","line":724}
[2026-03-10 10:30:18.000000] [WARNING] Undefined array key "boiling_point" | File: logger.php:438 | User: guest | {"php_error":true,"severity":2,"file":"C:\\xampp\\htdocs\\v1\\api\\ai_assistant.php","line":725}
[2026-03-10 10:30:18.000000] [WARNING] Undefined array key "density" | File: logger.php:438 | User: guest | {"php_error":true,"severity":2,"file":"C:\\xampp\\htdocs\\v1\\api\\ai_assistant.php","line":726}
[2026-03-10 10:30:18.000000] [WARNING] Undefined array key "vapor_pressure" | File: logger.php:438 | User: guest | {"php_error":true,"severity":2,"file":"C:\\xampp\\htdocs\\v1\\api\\ai_assistant.php","line":728}
[2026-03-10 10:30:18.000000] [WARNING] Undefined array key "flash_point" | File: logger.php:438 | User: guest | {"php_error":true,"severity":2,"file":"C:\\xampp\\htdocs\\v1\\api\\ai_assistant.php","line":729}
[2026-03-10 10:30:18.000000] [WARNING] Undefined array key "auto_ignition_temp" | File: logger.php:438 | User: guest | {"php_error":true,"severity":2,"file":"C:\\xampp\\htdocs\\v1\\api\\ai_assistant.php","line":730}
[2026-03-10 10:45:17.000000] [WARNING] Undefined array key "melting_point" | File: logger.php:438 | User: guest | {"php_error":true,"severity":2,"file":"C:\\xampp\\htdocs\\v1\\api\\ai_assistant.php","line":1195}
[2026-03-10 10:45:17.000000] [WARNING] Undefined array key "boiling_point" | File: logger.php:438 | User: guest | {"php_error":true,"severity":2,"file":"C:\\xampp\\htdocs\\v1\\api\\ai_assistant.php","line":1196}
[2026-03-10 10:45:17.000000] [WARNING] Undefined array key "density" | File: logger.php:438 | User: guest | {"php_error":true,"severity":2,"file":"C:\\xampp\\htdocs\\v1\\api\\ai_assistant.php","line":1197}
[2026-03-10 10:45:17.000000] [WARNING] Undefined array key "vapor_pressure" | File: logger.php:438 | User: guest | {"php_error":true,"severity":2,"file":"C:\\xampp\\htdocs\\v1\\api\\ai_assistant.php","line":1199}
[2026-03-10 10:45:17.000000] [WARNING] Undefined array key "flash_point" | File: logger.php:438 | User: guest | {"php_error":true,"severity":2,"file":"C:\\xampp\\htdocs\\v1\\api\\ai_assistant.php","line":1200}
[2026-03-10 10:45:17.000000] [WARNING] Undefined array key "auto_ignition_temp" | File: logger.php:438 | User: guest | {"php_error":true,"severity":2,"file":"C:\\xampp\\htdocs\\v1\\api\\ai_assistant.php","line":1201}
[2026-03-10 10:51:06.000000] [WARNING] Undefined array key "melting_point" | File: logger.php:438 | User: guest | {"php_error":true,"severity":2,"file":"C:\\xampp\\htdocs\\v1\\api\\ai_assistant.php","line":1195}
[2026-03-10 10:51:06.000000] [WARNING] Undefined array key "boiling_point" | File: logger.php:438 | User: guest | {"php_error":true,"severity":2,"file":"C:\\xampp\\htdocs\\v1\\api\\ai_assistant.php","line":1196}
[2026-03-10 10:51:06.000000] [WARNING] Undefined array key "density" | File: logger.php:438 | User: guest | {"php_error":true,"severity":2,"file":"C:\\xampp\\htdocs\\v1\\api\\ai_assistant.php","line":1197}
[2026-03-10 10:51:06.000000] [WARNING] Undefined array key "vapor_pressure" | File: logger.php:438 | User: guest | {"php_error":true,"severity":2,"file":"C:\\xampp\\htdocs\\v1\\api\\ai_assistant.php","line":1199}
[2026-03-10 10:51:06.000000] [WARNING] Undefined array key "flash_point" | File: logger.php:438 | User: guest | {"php_error":true,"severity":2,"file":"C:\\xampp\\htdocs\\v1\\api\\ai_assistant.php","line":1200}
[2026-03-10 10:51:06.000000] [WARNING] Undefined array key "auto_ignition_temp" | File: logger.php:438 | User: guest | {"php_error":true,"severity":2,"file":"C:\\xampp\\htdocs\\v1\\api\\ai_assistant.php","line":1201}
[2026-03-10 10:59:44.000000] [WARNING] Undefined array key "melting_point" | File: logger.php:438 | User: guest | {"php_error":true,"severity":2,"file":"C:\\xampp\\htdocs\\v1\\api\\ai_assistant.php","line":1195}
[2026-03-10 10:59:44.000000] [WARNING] Undefined array key "boiling_point" | File: logger.php:438 | User: guest | {"php_error":true,"severity":2,"file":"C:\\xampp\\htdocs\\v1\\api\\ai_assistant.php","line":1196}
[2026-03-10 10:59:44.000000] [WARNING] Undefined array key "density" | File: logger.php:438 | User: guest | {"php_error":true,"severity":2,"file":"C:\\xampp\\htdocs\\v1\\api\\ai_assistant.php","line":1197}
[2026-03-10 10:59:44.000000] [WARNING] Undefined array key "vapor_pressure" | File: logger.php:438 | User: guest | {"php_error":true,"severity":2,"file":"C:\\xampp\\htdocs\\v1\\api\\ai_assistant.php","line":1199}
[2026-03-10 10:59:44.000000] [WARNING] Undefined array key "flash_point" | File: logger.php:438 | User: guest | {"php_error":true,"severity":2,"file":"C:\\xampp\\htdocs\\v1\\api\\ai_assistant.php","line":1200}
[2026-03-10 10:59:44.000000] [WARNING] Undefined array key "auto_ignition_temp" | File: logger.php:438 | User: guest | {"php_error":true,"severity":2,"file":"C:\\xampp\\htdocs\\v1\\api\\ai_assistant.php","line":1201}
[2026-03-10 11:06:39.000000] [WARNING] Undefined array key "melting_point" | File: logger.php:438 | User: guest | {"php_error":true,"severity":2,"file":"C:\\xampp\\htdocs\\v1\\api\\ai_assistant.php","line":1195}
[2026-03-10 11:06:39.000000] [WARNING] Undefined array key "boiling_point" | File: logger.php:438 | User: guest | {"php_error":true,"severity":2,"file":"C:\\xampp\\htdocs\\v1\\api\\ai_assistant.php","line":1196}
[2026-03-10 11:06:39.000000] [WARNING] Undefined array key "density" | File: logger.php:438 | User: guest | {"php_error":true,"severity":2,"file":"C:\\xampp\\htdocs\\v1\\api\\ai_assistant.php","line":1197}
[2026-03-10 11:06:39.000000] [WARNING] Undefined array key "vapor_pressure" | File: logger.php:438 | User: guest | {"php_error":true,"severity":2,"file":"C:\\xampp\\htdocs\\v1\\api\\ai_assistant.php","line":1199}
[2026-03-10 11:06:39.000000] [WARNING] Undefined array key "flash_point" | File: logger.php:438 | User: guest | {"php_error":true,"severity":2,"file":"C:\\xampp\\htdocs\\v1\\api\\ai_assistant.php","line":1200}
[2026-03-10 11:06:39.000000] [WARNING] Undefined array key "auto_ignition_temp" | File: logger.php:438 | User: guest | {"php_error":true,"severity":2,"file":"C:\\xampp\\htdocs\\v1\\api\\ai_assistant.php","line":1201}
[2026-03-10 11:11:18.000000] [WARNING] Undefined array key "melting_point" | File: logger.php:438 | User: guest | {"php_error":true,"severity":2,"file":"C:\\xampp\\htdocs\\v1\\api\\ai_assistant.php","line":1195}
[2026-03-10 11:11:18.000000] [WARNING] Undefined array key "boiling_point" | File: logger.php:438 | User: guest | {"php_error":true,"severity":2,"file":"C:\\xampp\\htdocs\\v1\\api\\ai_assistant.php","line":1196}
[2026-03-10 11:11:18.000000] [WARNING] Undefined array key "density" | File: logger.php:438 | User: guest | {"php_error":true,"severity":2,"file":"C:\\xampp\\htdocs\\v1\\api\\ai_assistant.php","line":1197}
[2026-03-10 11:11:18.000000] [WARNING] Undefined array key "vapor_pressure" | File: logger.php:438 | User: guest | {"php_error":true,"severity":2,"file":"C:\\xampp\\htdocs\\v1\\api\\ai_assistant.php","line":1199}
[2026-03-10 11:11:18.000000] [WARNING] Undefined array key "flash_point" | File: logger.php:438 | User: guest | {"php_error":true,"severity":2,"file":"C:\\xampp\\htdocs\\v1\\api\\ai_assistant.php","line":1200}
[2026-03-10 11:11:18.000000] [WARNING] Undefined array key "auto_ignition_temp" | File: logger.php:438 | User: guest | {"php_error":true,"severity":2,"file":"C:\\xampp\\htdocs\\v1\\api\\ai_assistant.php","line":1201}
[2026-03-10 11:26:15.000000] [WARNING] Undefined array key "melting_point" | File: logger.php:438 | User: guest | {"php_error":true,"severity":2,"file":"C:\\xampp\\htdocs\\v1\\api\\ai_assistant.php","line":1200}
[2026-03-10 11:26:15.000000] [WARNING] Undefined array key "boiling_point" | File: logger.php:438 | User: guest | {"php_error":true,"severity":2,"file":"C:\\xampp\\htdocs\\v1\\api\\ai_assistant.php","line":1201}
[2026-03-10 11:26:15.000000] [WARNING] Undefined array key "density" | File: logger.php:438 | User: guest | {"php_error":true,"severity":2,"file":"C:\\xampp\\htdocs\\v1\\api\\ai_assistant.php","line":1202}
[2026-03-10 11:26:15.000000] [WARNING] Undefined array key "vapor_pressure" | File: logger.php:438 | User: guest | {"php_error":true,"severity":2,"file":"C:\\xampp\\htdocs\\v1\\api\\ai_assistant.php","line":1204}
[2026-03-10 11:26:15.000000] [WARNING] Undefined array key "flash_point" | File: logger.php:438 | User: guest | {"php_error":true,"severity":2,"file":"C:\\xampp\\htdocs\\v1\\api\\ai_assistant.php","line":1205}
[2026-03-10 11:26:15.000000] [WARNING] Undefined array key "auto_ignition_temp" | File: logger.php:438 | User: guest | {"php_error":true,"severity":2,"file":"C:\\xampp\\htdocs\\v1\\api\\ai_assistant.php","line":1206}
[2026-03-10 11:33:31.000000] [WARNING] Undefined array key "melting_point" | File: logger.php:438 | User: guest | {"php_error":true,"severity":2,"file":"C:\\xampp\\htdocs\\v1\\api\\ai_assistant.php","line":1200}
[2026-03-10 11:33:31.000000] [WARNING] Undefined array key "boiling_point" | File: logger.php:438 | User: guest | {"php_error":true,"severity":2,"file":"C:\\xampp\\htdocs\\v1\\api\\ai_assistant.php","line":1201}
[2026-03-10 11:33:31.000000] [WARNING] Undefined array key "density" | File: logger.php:438 | User: guest | {"php_error":true,"severity":2,"file":"C:\\xampp\\htdocs\\v1\\api\\ai_assistant.php","line":1202}
[2026-03-10 11:33:31.000000] [WARNING] Undefined array key "vapor_pressure" | File: logger.php:438 | User: guest | {"php_error":true,"severity":2,"file":"C:\\xampp\\htdocs\\v1\\api\\ai_assistant.php","line":1204}
[2026-03-10 11:33:31.000000] [WARNING] Undefined array key "flash_point" | File: logger.php:438 | User: guest | {"php_error":true,"severity":2,"file":"C:\\xampp\\htdocs\\v1\\api\\ai_assistant.php","line":1205}
[2026-03-10 11:33:31.000000] [WARNING] Undefined array key "auto_ignition_temp" | File: logger.php:438 | User: guest | {"php_error":true,"severity":2,"file":"C:\\xampp\\htdocs\\v1\\api\\ai_assistant.php","line":1206}
[2026-03-10 11:33:52.000000] [WARNING] Undefined array key "melting_point" | File: logger.php:438 | User: guest | {"php_error":true,"severity":2,"file":"C:\\xampp\\htdocs\\v1\\api\\ai_assistant.php","line":1200}
[2026-03-10 11:33:52.000000] [WARNING] Undefined array key "boiling_point" | File: logger.php:438 | User: guest | {"php_error":true,"severity":2,"file":"C:\\xampp\\htdocs\\v1\\api\\ai_assistant.php","line":1201}
[2026-03-10 11:33:52.000000] [WARNING] Undefined array key "density" | File: logger.php:438 | User: guest | {"php_error":true,"severity":2,"file":"C:\\xampp\\htdocs\\v1\\api\\ai_assistant.php","line":1202}
[2026-03-10 11:33:52.000000] [WARNING] Undefined array key "vapor_pressure" | File: logger.php:438 | User: guest | {"php_error":true,"severity":2,"file":"C:\\xampp\\htdocs\\v1\\api\\ai_assistant.php","line":1204}
[2026-03-10 11:33:52.000000] [WARNING] Undefined array key "flash_point" | File: logger.php:438 | User: guest | {"php_error":true,"severity":2,"file":"C:\\xampp\\htdocs\\v1\\api\\ai_assistant.php","line":1205}
[2026-03-10 11:33:52.000000] [WARNING] Undefined array key "auto_ignition_temp" | File: logger.php:438 | User: guest | {"php_error":true,"severity":2,"file":"C:\\xampp\\htdocs\\v1\\api\\ai_assistant.php","line":1206}
[2026-03-10 11:42:05.000000] [WARNING] Undefined array key "melting_point" | File: logger.php:438 | User: guest | {"php_error":true,"severity":2,"file":"C:\\xampp\\htdocs\\v1\\api\\ai_assistant.php","line":1200}
[2026-03-10 11:42:05.000000] [WARNING] Undefined array key "boiling_point" | File: logger.php:438 | User: guest | {"php_error":true,"severity":2,"file":"C:\\xampp\\htdocs\\v1\\api\\ai_assistant.php","line":1201}
[2026-03-10 11:42:05.000000] [WARNING] Undefined array key "density" | File: logger.php:438 | User: guest | {"php_error":true,"severity":2,"file":"C:\\xampp\\htdocs\\v1\\api\\ai_assistant.php","line":1202}
[2026-03-10 11:42:05.000000] [WARNING] Undefined array key "vapor_pressure" | File: logger.php:438 | User: guest | {"php_error":true,"severity":2,"file":"C:\\xampp\\htdocs\\v1\\api\\ai_assistant.php","line":1204}
[2026-03-10 11:42:05.000000] [WARNING] Undefined array key "flash_point" | File: logger.php:438 | User: guest | {"php_error":true,"severity":2,"file":"C:\\xampp\\htdocs\\v1\\api\\ai_assistant.php","line":1205}
[2026-03-10 11:42:05.000000] [WARNING] Undefined array key "auto_ignition_temp" | File: logger.php:438 | User: guest | {"php_error":true,"severity":2,"file":"C:\\xampp\\htdocs\\v1\\api\\ai_assistant.php","line":1206}
[2026-03-10 11:43:39.000000] [WARNING] Undefined array key "melting_point" | File: logger.php:438 | User: guest | {"php_error":true,"severity":2,"file":"C:\\xampp\\htdocs\\v1\\api\\ai_assistant.php","line":1200}
[2026-03-10 11:43:39.000000] [WARNING] Undefined array key "boiling_point" | File: logger.php:438 | User: guest | {"php_error":true,"severity":2,"file":"C:\\xampp\\htdocs\\v1\\api\\ai_assistant.php","line":1201}
[2026-03-10 11:43:39.000000] [WARNING] Undefined array key "density" | File: logger.php:438 | User: guest | {"php_error":true,"severity":2,"file":"C:\\xampp\\htdocs\\v1\\api\\ai_assistant.php","line":1202}
[2026-03-10 11:43:39.000000] [WARNING] Undefined array key "vapor_pressure" | File: logger.php:438 | User: guest | {"php_error":true,"severity":2,"file":"C:\\xampp\\htdocs\\v1\\api\\ai_assistant.php","line":1204}
[2026-03-10 11:43:39.000000] [WARNING] Undefined array key "flash_point" | File: logger.php:438 | User: guest | {"php_error":true,"severity":2,"file":"C:\\xampp\\htdocs\\v1\\api\\ai_assistant.php","line":1205}
[2026-03-10 11:43:39.000000] [WARNING] Undefined array key "auto_ignition_temp" | File: logger.php:438 | User: guest | {"php_error":true,"severity":2,"file":"C:\\xampp\\htdocs\\v1\\api\\ai_assistant.php","line":1206}
[2026-03-10 11:49:22.000000] [CRITICAL] Uncaught Exception: SQLSTATE[42S22]: Column not found: 1054 Unknown column 'role' in 'where clause' | File: logger.php:85 | User: guest | {"exception":{"class":"PDOException","code":"42S22","file":"C:\\xampp\\htdocs\\v1\\sql\\setup\\seed_sds_documents.php","line":45,"trace":"#0 C:\\xampp\\htdocs\\v1\\sql\\setup\\seed_sds_documents.php(45): PDO->query('SELECT id FROM ...')\n#1 {main}"}}
[2026-03-10 11:50:21.000000] [CRITICAL] Uncaught Exception: SQLSTATE[42S22]: Column not found: 1054 Unknown column 'role' in 'where clause' | File: logger.php:85 | User: guest | {"exception":{"class":"PDOException","code":"42S22","file":"C:\\xampp\\htdocs\\v1\\sql\\setup\\seed_sds_documents.php","line":45,"trace":"#0 C:\\xampp\\htdocs\\v1\\sql\\setup\\seed_sds_documents.php(45): PDO->query('SELECT id FROM ...')\n#1 {main}"}}
[2026-03-10 11:50:46.000000] [CRITICAL] Uncaught Exception: SQLSTATE[42S22]: Column not found: 1054 Unknown column 'role' in 'field list' | File: logger.php:85 | User: guest | {"exception":{"class":"PDOException","code":"42S22","file":"C:\\xampp\\htdocs\\v1\\tmp_chk2.php","line":5,"trace":"#0 C:\\xampp\\htdocs\\v1\\tmp_chk2.php(5): PDO->query('SELECT id,role ...')\n#1 {main}"}}
[2026-03-10 11:51:01.000000] [CRITICAL] Uncaught Exception: SQLSTATE[42S22]: Column not found: 1054 Unknown column 'role' in 'field list' | File: logger.php:85 | User: guest | {"exception":{"class":"PDOException","code":"42S22","file":"C:\\xampp\\htdocs\\v1\\tmp_chk2.php","line":5,"trace":"#0 C:\\xampp\\htdocs\\v1\\tmp_chk2.php(5): PDO->query('SELECT id,role ...')\n#1 {main}"}}
[2026-03-10 11:51:20.000000] [CRITICAL] Uncaught Exception: SQLSTATE[42S22]: Column not found: 1054 Unknown column 'role' in 'field list' | File: logger.php:85 | User: guest | {"exception":{"class":"PDOException","code":"42S22","file":"C:\\xampp\\htdocs\\v1\\tmp_chk3.php","line":4,"trace":"#0 C:\\xampp\\htdocs\\v1\\tmp_chk3.php(4): PDO->query('SELECT id,role ...')\n#1 {main}"}}
[2026-03-10 11:52:07.000000] [CRITICAL] Uncaught Exception: SQLSTATE[42S22]: Column not found: 1054 Unknown column 'role' in 'field list' | File: logger.php:85 | User: guest | {"exception":{"class":"PDOException","code":"42S22","file":"C:\\xampp\\htdocs\\v1\\tmp_chk3.php","line":5,"trace":"#0 C:\\xampp\\htdocs\\v1\\tmp_chk3.php(5): PDO->query('SELECT id,role ...')\n#1 {main}"}}
[2026-03-10 11:54:59.000000] [CRITICAL] Uncaught Exception: SQLSTATE[42S22]: Column not found: 1054 Unknown column 'role' in 'field list' | File: logger.php:85 | User: guest | {"exception":{"class":"PDOException","code":"42S22","file":"C:\\xampp\\htdocs\\v1\\tmp_sds_check.php","line":13,"trace":"#0 C:\\xampp\\htdocs\\v1\\tmp_sds_check.php(13): PDO->query('SELECT id, user...')\n#1 {main}"}}
[2026-03-10 11:55:16.000000] [CRITICAL] Uncaught Exception: SQLSTATE[42S22]: Column not found: 1054 Unknown column 'role' in 'field list' | File: logger.php:85 | User: guest | {"exception":{"class":"PDOException","code":"42S22","file":"C:\\xampp\\htdocs\\v1\\tmp_sds_check.php","line":13,"trace":"#0 C:\\xampp\\htdocs\\v1\\tmp_sds_check.php(13): PDO->query('SELECT id, user...')\n#1 {main}"}}
[2026-03-11 18:55:01.000000] [WARNING] Undefined array key "melting_point" | File: logger.php:438 | User: guest | {"php_error":true,"severity":2,"file":"C:\\xampp\\htdocs\\v1\\api\\ai_assistant.php","line":1211}
[2026-03-11 18:55:01.000000] [WARNING] Undefined array key "boiling_point" | File: logger.php:438 | User: guest | {"php_error":true,"severity":2,"file":"C:\\xampp\\htdocs\\v1\\api\\ai_assistant.php","line":1212}
[2026-03-11 18:55:01.000000] [WARNING] Undefined array key "density" | File: logger.php:438 | User: guest | {"php_error":true,"severity":2,"file":"C:\\xampp\\htdocs\\v1\\api\\ai_assistant.php","line":1213}
[2026-03-11 18:55:01.000000] [WARNING] Undefined array key "vapor_pressure" | File: logger.php:438 | User: guest | {"php_error":true,"severity":2,"file":"C:\\xampp\\htdocs\\v1\\api\\ai_assistant.php","line":1215}
[2026-03-11 18:55:01.000000] [WARNING] Undefined array key "flash_point" | File: logger.php:438 | User: guest | {"php_error":true,"severity":2,"file":"C:\\xampp\\htdocs\\v1\\api\\ai_assistant.php","line":1216}
[2026-03-11 18:55:01.000000] [WARNING] Undefined array key "auto_ignition_temp" | File: logger.php:438 | User: guest | {"php_error":true,"severity":2,"file":"C:\\xampp\\htdocs\\v1\\api\\ai_assistant.php","line":1217}
[2026-03-11 18:55:04.000000] [WARNING] Undefined array key "melting_point" | File: logger.php:438 | User: guest | {"php_error":true,"severity":2,"file":"C:\\xampp\\htdocs\\v1\\api\\ai_assistant.php","line":1211}
[2026-03-11 18:55:04.000000] [WARNING] Undefined array key "boiling_point" | File: logger.php:438 | User: guest | {"php_error":true,"severity":2,"file":"C:\\xampp\\htdocs\\v1\\api\\ai_assistant.php","line":1212}
[2026-03-11 18:55:04.000000] [WARNING] Undefined array key "density" | File: logger.php:438 | User: guest | {"php_error":true,"severity":2,"file":"C:\\xampp\\htdocs\\v1\\api\\ai_assistant.php","line":1213}
[2026-03-11 18:55:04.000000] [WARNING] Undefined array key "vapor_pressure" | File: logger.php:438 | User: guest | {"php_error":true,"severity":2,"file":"C:\\xampp\\htdocs\\v1\\api\\ai_assistant.php","line":1215}
[2026-03-11 18:55:04.000000] [WARNING] Undefined array key "flash_point" | File: logger.php:438 | User: guest | {"php_error":true,"severity":2,"file":"C:\\xampp\\htdocs\\v1\\api\\ai_assistant.php","line":1216}
[2026-03-11 18:55:04.000000] [WARNING] Undefined array key "auto_ignition_temp" | File: logger.php:438 | User: guest | {"php_error":true,"severity":2,"file":"C:\\xampp\\htdocs\\v1\\api\\ai_assistant.php","line":1217}
[2026-03-11 18:55:06.000000] [WARNING] Undefined array key "melting_point" | File: logger.php:438 | User: guest | {"php_error":true,"severity":2,"file":"C:\\xampp\\htdocs\\v1\\api\\ai_assistant.php","line":1211}
[2026-03-11 18:55:06.000000] [WARNING] Undefined array key "boiling_point" | File: logger.php:438 | User: guest | {"php_error":true,"severity":2,"file":"C:\\xampp\\htdocs\\v1\\api\\ai_assistant.php","line":1212}
[2026-03-11 18:55:06.000000] [WARNING] Undefined array key "density" | File: logger.php:438 | User: guest | {"php_error":true,"severity":2,"file":"C:\\xampp\\htdocs\\v1\\api\\ai_assistant.php","line":1213}
[2026-03-11 18:55:06.000000] [WARNING] Undefined array key "vapor_pressure" | File: logger.php:438 | User: guest | {"php_error":true,"severity":2,"file":"C:\\xampp\\htdocs\\v1\\api\\ai_assistant.php","line":1215}
[2026-03-11 18:55:06.000000] [WARNING] Undefined array key "flash_point" | File: logger.php:438 | User: guest | {"php_error":true,"severity":2,"file":"C:\\xampp\\htdocs\\v1\\api\\ai_assistant.php","line":1216}
[2026-03-11 18:55:06.000000] [WARNING] Undefined array key "auto_ignition_temp" | File: logger.php:438 | User: guest | {"php_error":true,"severity":2,"file":"C:\\xampp\\htdocs\\v1\\api\\ai_assistant.php","line":1217}
[2026-03-11 18:55:08.000000] [WARNING] Undefined array key "melting_point" | File: logger.php:438 | User: guest | {"php_error":true,"severity":2,"file":"C:\\xampp\\htdocs\\v1\\api\\ai_assistant.php","line":1211}
[2026-03-11 18:55:08.000000] [WARNING] Undefined array key "boiling_point" | File: logger.php:438 | User: guest | {"php_error":true,"severity":2,"file":"C:\\xampp\\htdocs\\v1\\api\\ai_assistant.php","line":1212}
[2026-03-11 18:55:08.000000] [WARNING] Undefined array key "density" | File: logger.php:438 | User: guest | {"php_error":true,"severity":2,"file":"C:\\xampp\\htdocs\\v1\\api\\ai_assistant.php","line":1213}
[2026-03-11 18:55:08.000000] [WARNING] Undefined array key "vapor_pressure" | File: logger.php:438 | User: guest | {"php_error":true,"severity":2,"file":"C:\\xampp\\htdocs\\v1\\api\\ai_assistant.php","line":1215}
[2026-03-11 18:55:08.000000] [WARNING] Undefined array key "flash_point" | File: logger.php:438 | User: guest | {"php_error":true,"severity":2,"file":"C:\\xampp\\htdocs\\v1\\api\\ai_assistant.php","line":1216}
[2026-03-11 18:55:08.000000] [WARNING] Undefined array key "auto_ignition_temp" | File: logger.php:438 | User: guest | {"php_error":true,"severity":2,"file":"C:\\xampp\\htdocs\\v1\\api\\ai_assistant.php","line":1217}
[2026-03-11 18:55:10.000000] [WARNING] Undefined array key "melting_point" | File: logger.php:438 | User: guest | {"php_error":true,"severity":2,"file":"C:\\xampp\\htdocs\\v1\\api\\ai_assistant.php","line":1211}
[2026-03-11 18:55:10.000000] [WARNING] Undefined array key "boiling_point" | File: logger.php:438 | User: guest | {"php_error":true,"severity":2,"file":"C:\\xampp\\htdocs\\v1\\api\\ai_assistant.php","line":1212}
[2026-03-11 18:55:10.000000] [WARNING] Undefined array key "density" | File: logger.php:438 | User: guest | {"php_error":true,"severity":2,"file":"C:\\xampp\\htdocs\\v1\\api\\ai_assistant.php","line":1213}
[2026-03-11 18:55:10.000000] [WARNING] Undefined array key "vapor_pressure" | File: logger.php:438 | User: guest | {"php_error":true,"severity":2,"file":"C:\\xampp\\htdocs\\v1\\api\\ai_assistant.php","line":1215}
[2026-03-11 18:55:10.000000] [WARNING] Undefined array key "flash_point" | File: logger.php:438 | User: guest | {"php_error":true,"severity":2,"file":"C:\\xampp\\htdocs\\v1\\api\\ai_assistant.php","line":1216}
[2026-03-11 18:55:10.000000] [WARNING] Undefined array key "auto_ignition_temp" | File: logger.php:438 | User: guest | {"php_error":true,"severity":2,"file":"C:\\xampp\\htdocs\\v1\\api\\ai_assistant.php","line":1217}
[2026-03-11 18:55:12.000000] [WARNING] Undefined array key "melting_point" | File: logger.php:438 | User: guest | {"php_error":true,"severity":2,"file":"C:\\xampp\\htdocs\\v1\\api\\ai_assistant.php","line":1211}
[2026-03-11 18:55:12.000000] [WARNING] Undefined array key "boiling_point" | File: logger.php:438 | User: guest | {"php_error":true,"severity":2,"file":"C:\\xampp\\htdocs\\v1\\api\\ai_assistant.php","line":1212}
[2026-03-11 18:55:12.000000] [WARNING] Undefined array key "density" | File: logger.php:438 | User: guest | {"php_error":true,"severity":2,"file":"C:\\xampp\\htdocs\\v1\\api\\ai_assistant.php","line":1213}
[2026-03-11 18:55:12.000000] [WARNING] Undefined array key "vapor_pressure" | File: logger.php:438 | User: guest | {"php_error":true,"severity":2,"file":"C:\\xampp\\htdocs\\v1\\api\\ai_assistant.php","line":1215}
[2026-03-11 18:55:12.000000] [WARNING] Undefined array key "flash_point" | File: logger.php:438 | User: guest | {"php_error":true,"severity":2,"file":"C:\\xampp\\htdocs\\v1\\api\\ai_assistant.php","line":1216}
[2026-03-11 18:55:12.000000] [WARNING] Undefined array key "auto_ignition_temp" | File: logger.php:438 | User: guest | {"php_error":true,"severity":2,"file":"C:\\xampp\\htdocs\\v1\\api\\ai_assistant.php","line":1217}
[2026-03-11 18:55:14.000000] [WARNING] Undefined array key "melting_point" | File: logger.php:438 | User: guest | {"php_error":true,"severity":2,"file":"C:\\xampp\\htdocs\\v1\\api\\ai_assistant.php","line":1211}
[2026-03-11 18:55:14.000000] [WARNING] Undefined array key "boiling_point" | File: logger.php:438 | User: guest | {"php_error":true,"severity":2,"file":"C:\\xampp\\htdocs\\v1\\api\\ai_assistant.php","line":1212}
[2026-03-11 18:55:14.000000] [WARNING] Undefined array key "density" | File: logger.php:438 | User: guest | {"php_error":true,"severity":2,"file":"C:\\xampp\\htdocs\\v1\\api\\ai_assistant.php","line":1213}
[2026-03-11 18:55:14.000000] [WARNING] Undefined array key "vapor_pressure" | File: logger.php:438 | User: guest | {"php_error":true,"severity":2,"file":"C:\\xampp\\htdocs\\v1\\api\\ai_assistant.php","line":1215}
[2026-03-11 18:55:14.000000] [WARNING] Undefined array key "flash_point" | File: logger.php:438 | User: guest | {"php_error":true,"severity":2,"file":"C:\\xampp\\htdocs\\v1\\api\\ai_assistant.php","line":1216}
[2026-03-11 18:55:14.000000] [WARNING] Undefined array key "auto_ignition_temp" | File: logger.php:438 | User: guest | {"php_error":true,"severity":2,"file":"C:\\xampp\\htdocs\\v1\\api\\ai_assistant.php","line":1217}
[2026-03-11 18:58:35.000000] [WARNING] Undefined array key "melting_point" | File: logger.php:438 | User: guest | {"php_error":true,"severity":2,"file":"C:\\xampp\\htdocs\\v1\\api\\ai_assistant.php","line":1211}
[2026-03-11 18:58:35.000000] [WARNING] Undefined array key "boiling_point" | File: logger.php:438 | User: guest | {"php_error":true,"severity":2,"file":"C:\\xampp\\htdocs\\v1\\api\\ai_assistant.php","line":1212}
[2026-03-11 18:58:35.000000] [WARNING] Undefined array key "density" | File: logger.php:438 | User: guest | {"php_error":true,"severity":2,"file":"C:\\xampp\\htdocs\\v1\\api\\ai_assistant.php","line":1213}
[2026-03-11 18:58:35.000000] [WARNING] Undefined array key "vapor_pressure" | File: logger.php:438 | User: guest | {"php_error":true,"severity":2,"file":"C:\\xampp\\htdocs\\v1\\api\\ai_assistant.php","line":1215}
[2026-03-11 18:58:35.000000] [WARNING] Undefined array key "flash_point" | File: logger.php:438 | User: guest | {"php_error":true,"severity":2,"file":"C:\\xampp\\htdocs\\v1\\api\\ai_assistant.php","line":1216}
[2026-03-11 18:58:35.000000] [WARNING] Undefined array key "auto_ignition_temp" | File: logger.php:438 | User: guest | {"php_error":true,"severity":2,"file":"C:\\xampp\\htdocs\\v1\\api\\ai_assistant.php","line":1217}
[2026-03-11 19:12:17.000000] [WARNING] Undefined array key "melting_point" | File: logger.php:438 | User: guest | {"php_error":true,"severity":2,"file":"C:\\xampp\\htdocs\\v1\\api\\ai_assistant.php","line":1211}
[2026-03-11 19:12:17.000000] [WARNING] Undefined array key "boiling_point" | File: logger.php:438 | User: guest | {"php_error":true,"severity":2,"file":"C:\\xampp\\htdocs\\v1\\api\\ai_assistant.php","line":1212}
[2026-03-11 19:12:17.000000] [WARNING] Undefined array key "density" | File: logger.php:438 | User: guest | {"php_error":true,"severity":2,"file":"C:\\xampp\\htdocs\\v1\\api\\ai_assistant.php","line":1213}
[2026-03-11 19:12:17.000000] [WARNING] Undefined array key "vapor_pressure" | File: logger.php:438 | User: guest | {"php_error":true,"severity":2,"file":"C:\\xampp\\htdocs\\v1\\api\\ai_assistant.php","line":1215}
[2026-03-11 19:12:17.000000] [WARNING] Undefined array key "flash_point" | File: logger.php:438 | User: guest | {"php_error":true,"severity":2,"file":"C:\\xampp\\htdocs\\v1\\api\\ai_assistant.php","line":1216}
[2026-03-11 19:12:17.000000] [WARNING] Undefined array key "auto_ignition_temp" | File: logger.php:438 | User: guest | {"php_error":true,"severity":2,"file":"C:\\xampp\\htdocs\\v1\\api\\ai_assistant.php","line":1217}
[2026-03-11 19:14:04.000000] [WARNING] Undefined array key "melting_point" | File: logger.php:438 | User: guest | {"php_error":true,"severity":2,"file":"C:\\xampp\\htdocs\\v1\\api\\ai_assistant.php","line":1211}
[2026-03-11 19:14:04.000000] [WARNING] Undefined array key "boiling_point" | File: logger.php:438 | User: guest | {"php_error":true,"severity":2,"file":"C:\\xampp\\htdocs\\v1\\api\\ai_assistant.php","line":1212}
[2026-03-11 19:14:04.000000] [WARNING] Undefined array key "density" | File: logger.php:438 | User: guest | {"php_error":true,"severity":2,"file":"C:\\xampp\\htdocs\\v1\\api\\ai_assistant.php","line":1213}
[2026-03-11 19:14:04.000000] [WARNING] Undefined array key "vapor_pressure" | File: logger.php:438 | User: guest | {"php_error":true,"severity":2,"file":"C:\\xampp\\htdocs\\v1\\api\\ai_assistant.php","line":1215}
[2026-03-11 19:14:04.000000] [WARNING] Undefined array key "flash_point" | File: logger.php:438 | User: guest | {"php_error":true,"severity":2,"file":"C:\\xampp\\htdocs\\v1\\api\\ai_assistant.php","line":1216}
[2026-03-11 19:14:04.000000] [WARNING] Undefined array key "auto_ignition_temp" | File: logger.php:438 | User: guest | {"php_error":true,"severity":2,"file":"C:\\xampp\\htdocs\\v1\\api\\ai_assistant.php","line":1217}
[2026-03-11 19:16:05.000000] [WARNING] Undefined array key "melting_point" | File: logger.php:438 | User: guest | {"php_error":true,"severity":2,"file":"C:\\xampp\\htdocs\\v1\\api\\ai_assistant.php","line":1211}
[2026-03-11 19:16:05.000000] [WARNING] Undefined array key "boiling_point" | File: logger.php:438 | User: guest | {"php_error":true,"severity":2,"file":"C:\\xampp\\htdocs\\v1\\api\\ai_assistant.php","line":1212}
[2026-03-11 19:16:05.000000] [WARNING] Undefined array key "density" | File: logger.php:438 | User: guest | {"php_error":true,"severity":2,"file":"C:\\xampp\\htdocs\\v1\\api\\ai_assistant.php","line":1213}
[2026-03-11 19:16:05.000000] [WARNING] Undefined array key "vapor_pressure" | File: logger.php:438 | User: guest | {"php_error":true,"severity":2,"file":"C:\\xampp\\htdocs\\v1\\api\\ai_assistant.php","line":1215}
[2026-03-11 19:16:05.000000] [WARNING] Undefined array key "flash_point" | File: logger.php:438 | User: guest | {"php_error":true,"severity":2,"file":"C:\\xampp\\htdocs\\v1\\api\\ai_assistant.php","line":1216}
[2026-03-11 19:16:05.000000] [WARNING] Undefined array key "auto_ignition_temp" | File: logger.php:438 | User: guest | {"php_error":true,"severity":2,"file":"C:\\xampp\\htdocs\\v1\\api\\ai_assistant.php","line":1217}
[2026-03-11 20:17:42.000000] [WARNING] Undefined array key "melting_point" | File: logger.php:438 | User: guest | {"php_error":true,"severity":2,"file":"C:\\xampp\\htdocs\\v1\\api\\ai_assistant.php","line":1211}
[2026-03-11 20:17:42.000000] [WARNING] Undefined array key "boiling_point" | File: logger.php:438 | User: guest | {"php_error":true,"severity":2,"file":"C:\\xampp\\htdocs\\v1\\api\\ai_assistant.php","line":1212}
[2026-03-11 20:17:42.000000] [WARNING] Undefined array key "density" | File: logger.php:438 | User: guest | {"php_error":true,"severity":2,"file":"C:\\xampp\\htdocs\\v1\\api\\ai_assistant.php","line":1213}
[2026-03-11 20:17:42.000000] [WARNING] Undefined array key "vapor_pressure" | File: logger.php:438 | User: guest | {"php_error":true,"severity":2,"file":"C:\\xampp\\htdocs\\v1\\api\\ai_assistant.php","line":1215}
[2026-03-11 20:17:42.000000] [WARNING] Undefined array key "flash_point" | File: logger.php:438 | User: guest | {"php_error":true,"severity":2,"file":"C:\\xampp\\htdocs\\v1\\api\\ai_assistant.php","line":1216}
[2026-03-11 20:17:42.000000] [WARNING] Undefined array key "auto_ignition_temp" | File: logger.php:438 | User: guest | {"php_error":true,"severity":2,"file":"C:\\xampp\\htdocs\\v1\\api\\ai_assistant.php","line":1217}
[2026-03-11 23:10:43.000000] [WARNING] Undefined array key "melting_point" | File: logger.php:438 | User: guest | {"php_error":true,"severity":2,"file":"C:\\xampp\\htdocs\\v1\\api\\ai_assistant.php","line":1211}
[2026-03-11 23:10:43.000000] [WARNING] Undefined array key "boiling_point" | File: logger.php:438 | User: guest | {"php_error":true,"severity":2,"file":"C:\\xampp\\htdocs\\v1\\api\\ai_assistant.php","line":1212}
[2026-03-11 23:10:43.000000] [WARNING] Undefined array key "density" | File: logger.php:438 | User: guest | {"php_error":true,"severity":2,"file":"C:\\xampp\\htdocs\\v1\\api\\ai_assistant.php","line":1213}
[2026-03-11 23:10:43.000000] [WARNING] Undefined array key "vapor_pressure" | File: logger.php:438 | User: guest | {"php_error":true,"severity":2,"file":"C:\\xampp\\htdocs\\v1\\api\\ai_assistant.php","line":1215}
[2026-03-11 23:10:43.000000] [WARNING] Undefined array key "flash_point" | File: logger.php:438 | User: guest | {"php_error":true,"severity":2,"file":"C:\\xampp\\htdocs\\v1\\api\\ai_assistant.php","line":1216}
[2026-03-11 23:10:43.000000] [WARNING] Undefined array key "auto_ignition_temp" | File: logger.php:438 | User: guest | {"php_error":true,"severity":2,"file":"C:\\xampp\\htdocs\\v1\\api\\ai_assistant.php","line":1217}
[2026-03-11 23:11:21.000000] [WARNING] Undefined array key "melting_point" | File: logger.php:438 | User: guest | {"php_error":true,"severity":2,"file":"C:\\xampp\\htdocs\\v1\\api\\ai_assistant.php","line":1211}
[2026-03-11 23:11:21.000000] [WARNING] Undefined array key "boiling_point" | File: logger.php:438 | User: guest | {"php_error":true,"severity":2,"file":"C:\\xampp\\htdocs\\v1\\api\\ai_assistant.php","line":1212}
[2026-03-11 23:11:21.000000] [WARNING] Undefined array key "density" | File: logger.php:438 | User: guest | {"php_error":true,"severity":2,"file":"C:\\xampp\\htdocs\\v1\\api\\ai_assistant.php","line":1213}
[2026-03-11 23:11:21.000000] [WARNING] Undefined array key "vapor_pressure" | File: logger.php:438 | User: guest | {"php_error":true,"severity":2,"file":"C:\\xampp\\htdocs\\v1\\api\\ai_assistant.php","line":1215}
[2026-03-11 23:11:21.000000] [WARNING] Undefined array key "flash_point" | File: logger.php:438 | User: guest | {"php_error":true,"severity":2,"file":"C:\\xampp\\htdocs\\v1\\api\\ai_assistant.php","line":1216}
[2026-03-11 23:11:21.000000] [WARNING] Undefined array key "auto_ignition_temp" | File: logger.php:438 | User: guest | {"php_error":true,"severity":2,"file":"C:\\xampp\\htdocs\\v1\\api\\ai_assistant.php","line":1217}
[2026-03-11 23:29:07.000000] [WARNING] Undefined array key "melting_point" | File: logger.php:438 | User: guest | {"php_error":true,"severity":2,"file":"C:\\xampp\\htdocs\\v1\\api\\ai_assistant.php","line":1211}
[2026-03-11 23:29:07.000000] [WARNING] Undefined array key "boiling_point" | File: logger.php:438 | User: guest | {"php_error":true,"severity":2,"file":"C:\\xampp\\htdocs\\v1\\api\\ai_assistant.php","line":1212}
[2026-03-11 23:29:07.000000] [WARNING] Undefined array key "density" | File: logger.php:438 | User: guest | {"php_error":true,"severity":2,"file":"C:\\xampp\\htdocs\\v1\\api\\ai_assistant.php","line":1213}
[2026-03-11 23:29:07.000000] [WARNING] Undefined array key "vapor_pressure" | File: logger.php:438 | User: guest | {"php_error":true,"severity":2,"file":"C:\\xampp\\htdocs\\v1\\api\\ai_assistant.php","line":1215}
[2026-03-11 23:29:07.000000] [WARNING] Undefined array key "flash_point" | File: logger.php:438 | User: guest | {"php_error":true,"severity":2,"file":"C:\\xampp\\htdocs\\v1\\api\\ai_assistant.php","line":1216}
[2026-03-11 23:29:07.000000] [WARNING] Undefined array key "auto_ignition_temp" | File: logger.php:438 | User: guest | {"php_error":true,"severity":2,"file":"C:\\xampp\\htdocs\\v1\\api\\ai_assistant.php","line":1217}
[2026-03-11 23:36:34.000000] [WARNING] Undefined array key "melting_point" | File: logger.php:438 | User: guest | {"php_error":true,"severity":2,"file":"C:\\xampp\\htdocs\\v1\\api\\ai_assistant.php","line":1211}
[2026-03-11 23:36:34.000000] [WARNING] Undefined array key "boiling_point" | File: logger.php:438 | User: guest | {"php_error":true,"severity":2,"file":"C:\\xampp\\htdocs\\v1\\api\\ai_assistant.php","line":1212}
[2026-03-11 23:36:34.000000] [WARNING] Undefined array key "density" | File: logger.php:438 | User: guest | {"php_error":true,"severity":2,"file":"C:\\xampp\\htdocs\\v1\\api\\ai_assistant.php","line":1213}
[2026-03-11 23:36:34.000000] [WARNING] Undefined array key "vapor_pressure" | File: logger.php:438 | User: guest | {"php_error":true,"severity":2,"file":"C:\\xampp\\htdocs\\v1\\api\\ai_assistant.php","line":1215}
[2026-03-11 23:36:34.000000] [WARNING] Undefined array key "flash_point" | File: logger.php:438 | User: guest | {"php_error":true,"severity":2,"file":"C:\\xampp\\htdocs\\v1\\api\\ai_assistant.php","line":1216}
[2026-03-11 23:36:34.000000] [WARNING] Undefined array key "auto_ignition_temp" | File: logger.php:438 | User: guest | {"php_error":true,"severity":2,"file":"C:\\xampp\\htdocs\\v1\\api\\ai_assistant.php","line":1217}
[2026-03-11 23:39:22.000000] [WARNING] Undefined array key "melting_point" | File: logger.php:438 | User: guest | {"php_error":true,"severity":2,"file":"C:\\xampp\\htdocs\\v1\\api\\ai_assistant.php","line":1211}
[2026-03-11 23:39:22.000000] [WARNING] Undefined array key "boiling_point" | File: logger.php:438 | User: guest | {"php_error":true,"severity":2,"file":"C:\\xampp\\htdocs\\v1\\api\\ai_assistant.php","line":1212}
[2026-03-11 23:39:22.000000] [WARNING] Undefined array key "density" | File: logger.php:438 | User: guest | {"php_error":true,"severity":2,"file":"C:\\xampp\\htdocs\\v1\\api\\ai_assistant.php","line":1213}
[2026-03-11 23:39:22.000000] [WARNING] Undefined array key "vapor_pressure" | File: logger.php:438 | User: guest | {"php_error":true,"severity":2,"file":"C:\\xampp\\htdocs\\v1\\api\\ai_assistant.php","line":1215}
[2026-03-11 23:39:22.000000] [WARNING] Undefined array key "flash_point" | File: logger.php:438 | User: guest | {"php_error":true,"severity":2,"file":"C:\\xampp\\htdocs\\v1\\api\\ai_assistant.php","line":1216}
[2026-03-11 23:39:22.000000] [WARNING] Undefined array key "auto_ignition_temp" | File: logger.php:438 | User: guest | {"php_error":true,"severity":2,"file":"C:\\xampp\\htdocs\\v1\\api\\ai_assistant.php","line":1217}
[2026-03-11 23:39:46.000000] [WARNING] Undefined array key "melting_point" | File: logger.php:438 | User: guest | {"php_error":true,"severity":2,"file":"C:\\xampp\\htdocs\\v1\\api\\ai_assistant.php","line":1211}
[2026-03-11 23:39:46.000000] [WARNING] Undefined array key "boiling_point" | File: logger.php:438 | User: guest | {"php_error":true,"severity":2,"file":"C:\\xampp\\htdocs\\v1\\api\\ai_assistant.php","line":1212}
[2026-03-11 23:39:46.000000] [WARNING] Undefined array key "density" | File: logger.php:438 | User: guest | {"php_error":true,"severity":2,"file":"C:\\xampp\\htdocs\\v1\\api\\ai_assistant.php","line":1213}
[2026-03-11 23:39:46.000000] [WARNING] Undefined array key "vapor_pressure" | File: logger.php:438 | User: guest | {"php_error":true,"severity":2,"file":"C:\\xampp\\htdocs\\v1\\api\\ai_assistant.php","line":1215}
[2026-03-11 23:39:46.000000] [WARNING] Undefined array key "flash_point" | File: logger.php:438 | User: guest | {"php_error":true,"severity":2,"file":"C:\\xampp\\htdocs\\v1\\api\\ai_assistant.php","line":1216}
[2026-03-11 23:39:46.000000] [WARNING] Undefined array key "auto_ignition_temp" | File: logger.php:438 | User: guest | {"php_error":true,"severity":2,"file":"C:\\xampp\\htdocs\\v1\\api\\ai_assistant.php","line":1217}
[2026-03-11 23:42:05.000000] [WARNING] Undefined array key "melting_point" | File: logger.php:438 | User: guest | {"php_error":true,"severity":2,"file":"C:\\xampp\\htdocs\\v1\\api\\ai_assistant.php","line":1211}
[2026-03-11 23:42:05.000000] [WARNING] Undefined array key "boiling_point" | File: logger.php:438 | User: guest | {"php_error":true,"severity":2,"file":"C:\\xampp\\htdocs\\v1\\api\\ai_assistant.php","line":1212}
[2026-03-11 23:42:05.000000] [WARNING] Undefined array key "density" | File: logger.php:438 | User: guest | {"php_error":true,"severity":2,"file":"C:\\xampp\\htdocs\\v1\\api\\ai_assistant.php","line":1213}
[2026-03-11 23:42:05.000000] [WARNING] Undefined array key "vapor_pressure" | File: logger.php:438 | User: guest | {"php_error":true,"severity":2,"file":"C:\\xampp\\htdocs\\v1\\api\\ai_assistant.php","line":1215}
[2026-03-11 23:42:05.000000] [WARNING] Undefined array key "flash_point" | File: logger.php:438 | User: guest | {"php_error":true,"severity":2,"file":"C:\\xampp\\htdocs\\v1\\api\\ai_assistant.php","line":1216}
[2026-03-11 23:42:05.000000] [WARNING] Undefined array key "auto_ignition_temp" | File: logger.php:438 | User: guest | {"php_error":true,"severity":2,"file":"C:\\xampp\\htdocs\\v1\\api\\ai_assistant.php","line":1217}
[2026-03-11 23:46:32.000000] [WARNING] Undefined array key "melting_point" | File: logger.php:438 | User: guest | {"php_error":true,"severity":2,"file":"C:\\xampp\\htdocs\\v1\\api\\ai_assistant.php","line":1211}
[2026-03-11 23:46:32.000000] [WARNING] Undefined array key "boiling_point" | File: logger.php:438 | User: guest | {"php_error":true,"severity":2,"file":"C:\\xampp\\htdocs\\v1\\api\\ai_assistant.php","line":1212}
[2026-03-11 23:46:32.000000] [WARNING] Undefined array key "density" | File: logger.php:438 | User: guest | {"php_error":true,"severity":2,"file":"C:\\xampp\\htdocs\\v1\\api\\ai_assistant.php","line":1213}
[2026-03-11 23:46:32.000000] [WARNING] Undefined array key "vapor_pressure" | File: logger.php:438 | User: guest | {"php_error":true,"severity":2,"file":"C:\\xampp\\htdocs\\v1\\api\\ai_assistant.php","line":1215}
[2026-03-11 23:46:32.000000] [WARNING] Undefined array key "flash_point" | File: logger.php:438 | User: guest | {"php_error":true,"severity":2,"file":"C:\\xampp\\htdocs\\v1\\api\\ai_assistant.php","line":1216}
[2026-03-11 23:46:32.000000] [WARNING] Undefined array key "auto_ignition_temp" | File: logger.php:438 | User: guest | {"php_error":true,"severity":2,"file":"C:\\xampp\\htdocs\\v1\\api\\ai_assistant.php","line":1217}
[2026-03-11 23:49:30.000000] [WARNING] Undefined array key "melting_point" | File: logger.php:438 | User: guest | {"php_error":true,"severity":2,"file":"C:\\xampp\\htdocs\\v1\\api\\ai_assistant.php","line":1211}
[2026-03-11 23:49:30.000000] [WARNING] Undefined array key "boiling_point" | File: logger.php:438 | User: guest | {"php_error":true,"severity":2,"file":"C:\\xampp\\htdocs\\v1\\api\\ai_assistant.php","line":1212}
[2026-03-11 23:49:30.000000] [WARNING] Undefined array key "density" | File: logger.php:438 | User: guest | {"php_error":true,"severity":2,"file":"C:\\xampp\\htdocs\\v1\\api\\ai_assistant.php","line":1213}
[2026-03-11 23:49:30.000000] [WARNING] Undefined array key "vapor_pressure" | File: logger.php:438 | User: guest | {"php_error":true,"severity":2,"file":"C:\\xampp\\htdocs\\v1\\api\\ai_assistant.php","line":1215}
[2026-03-11 23:49:30.000000] [WARNING] Undefined array key "flash_point" | File: logger.php:438 | User: guest | {"php_error":true,"severity":2,"file":"C:\\xampp\\htdocs\\v1\\api\\ai_assistant.php","line":1216}
[2026-03-11 23:49:30.000000] [WARNING] Undefined array key "auto_ignition_temp" | File: logger.php:438 | User: guest | {"php_error":true,"severity":2,"file":"C:\\xampp\\htdocs\\v1\\api\\ai_assistant.php","line":1217}
[2026-03-12 00:06:52.000000] [WARNING] Undefined array key "melting_point" | File: logger.php:438 | User: guest | {"php_error":true,"severity":2,"file":"C:\\xampp\\htdocs\\v1\\api\\ai_assistant.php","line":1211}
[2026-03-12 00:06:52.000000] [WARNING] Undefined array key "boiling_point" | File: logger.php:438 | User: guest | {"php_error":true,"severity":2,"file":"C:\\xampp\\htdocs\\v1\\api\\ai_assistant.php","line":1212}
[2026-03-12 00:06:52.000000] [WARNING] Undefined array key "density" | File: logger.php:438 | User: guest | {"php_error":true,"severity":2,"file":"C:\\xampp\\htdocs\\v1\\api\\ai_assistant.php","line":1213}
[2026-03-12 00:06:52.000000] [WARNING] Undefined array key "vapor_pressure" | File: logger.php:438 | User: guest | {"php_error":true,"severity":2,"file":"C:\\xampp\\htdocs\\v1\\api\\ai_assistant.php","line":1215}
[2026-03-12 00:06:52.000000] [WARNING] Undefined array key "flash_point" | File: logger.php:438 | User: guest | {"php_error":true,"severity":2,"file":"C:\\xampp\\htdocs\\v1\\api\\ai_assistant.php","line":1216}
[2026-03-12 00:06:52.000000] [WARNING] Undefined array key "auto_ignition_temp" | File: logger.php:438 | User: guest | {"php_error":true,"severity":2,"file":"C:\\xampp\\htdocs\\v1\\api\\ai_assistant.php","line":1217}
[2026-03-12 00:12:44.000000] [WARNING] Undefined array key "melting_point" | File: logger.php:438 | User: guest | {"php_error":true,"severity":2,"file":"C:\\xampp\\htdocs\\v1\\api\\ai_assistant.php","line":1211}
[2026-03-12 00:12:44.000000] [WARNING] Undefined array key "boiling_point" | File: logger.php:438 | User: guest | {"php_error":true,"severity":2,"file":"C:\\xampp\\htdocs\\v1\\api\\ai_assistant.php","line":1212}
[2026-03-12 00:12:44.000000] [WARNING] Undefined array key "density" | File: logger.php:438 | User: guest | {"php_error":true,"severity":2,"file":"C:\\xampp\\htdocs\\v1\\api\\ai_assistant.php","line":1213}
[2026-03-12 00:12:44.000000] [WARNING] Undefined array key "vapor_pressure" | File: logger.php:438 | User: guest | {"php_error":true,"severity":2,"file":"C:\\xampp\\htdocs\\v1\\api\\ai_assistant.php","line":1215}
[2026-03-12 00:12:44.000000] [WARNING] Undefined array key "flash_point" | File: logger.php:438 | User: guest | {"php_error":true,"severity":2,"file":"C:\\xampp\\htdocs\\v1\\api\\ai_assistant.php","line":1216}
[2026-03-12 00:12:44.000000] [WARNING] Undefined array key "auto_ignition_temp" | File: logger.php:438 | User: guest | {"php_error":true,"severity":2,"file":"C:\\xampp\\htdocs\\v1\\api\\ai_assistant.php","line":1217}
[2026-03-12 00:13:37.000000] [WARNING] Undefined array key "melting_point" | File: logger.php:438 | User: guest | {"php_error":true,"severity":2,"file":"C:\\xampp\\htdocs\\v1\\api\\ai_assistant.php","line":1211}
[2026-03-12 00:13:37.000000] [WARNING] Undefined array key "boiling_point" | File: logger.php:438 | User: guest | {"php_error":true,"severity":2,"file":"C:\\xampp\\htdocs\\v1\\api\\ai_assistant.php","line":1212}
[2026-03-12 00:13:37.000000] [WARNING] Undefined array key "density" | File: logger.php:438 | User: guest | {"php_error":true,"severity":2,"file":"C:\\xampp\\htdocs\\v1\\api\\ai_assistant.php","line":1213}
[2026-03-12 00:13:37.000000] [WARNING] Undefined array key "vapor_pressure" | File: logger.php:438 | User: guest | {"php_error":true,"severity":2,"file":"C:\\xampp\\htdocs\\v1\\api\\ai_assistant.php","line":1215}
[2026-03-12 00:13:37.000000] [WARNING] Undefined array key "flash_point" | File: logger.php:438 | User: guest | {"php_error":true,"severity":2,"file":"C:\\xampp\\htdocs\\v1\\api\\ai_assistant.php","line":1216}
[2026-03-12 00:13:37.000000] [WARNING] Undefined array key "auto_ignition_temp" | File: logger.php:438 | User: guest | {"php_error":true,"severity":2,"file":"C:\\xampp\\htdocs\\v1\\api\\ai_assistant.php","line":1217}
[2026-03-12 00:14:59.000000] [WARNING] Undefined array key "melting_point" | File: logger.php:438 | User: guest | {"php_error":true,"severity":2,"file":"C:\\xampp\\htdocs\\v1\\api\\ai_assistant.php","line":1211}
[2026-03-12 00:14:59.000000] [WARNING] Undefined array key "boiling_point" | File: logger.php:438 | User: guest | {"php_error":true,"severity":2,"file":"C:\\xampp\\htdocs\\v1\\api\\ai_assistant.php","line":1212}
[2026-03-12 00:14:59.000000] [WARNING] Undefined array key "density" | File: logger.php:438 | User: guest | {"php_error":true,"severity":2,"file":"C:\\xampp\\htdocs\\v1\\api\\ai_assistant.php","line":1213}
[2026-03-12 00:14:59.000000] [WARNING] Undefined array key "vapor_pressure" | File: logger.php:438 | User: guest | {"php_error":true,"severity":2,"file":"C:\\xampp\\htdocs\\v1\\api\\ai_assistant.php","line":1215}
[2026-03-12 00:14:59.000000] [WARNING] Undefined array key "flash_point" | File: logger.php:438 | User: guest | {"php_error":true,"severity":2,"file":"C:\\xampp\\htdocs\\v1\\api\\ai_assistant.php","line":1216}
[2026-03-12 00:14:59.000000] [WARNING] Undefined array key "auto_ignition_temp" | File: logger.php:438 | User: guest | {"php_error":true,"severity":2,"file":"C:\\xampp\\htdocs\\v1\\api\\ai_assistant.php","line":1217}
[2026-03-12 00:15:17.000000] [WARNING] Undefined array key "melting_point" | File: logger.php:438 | User: guest | {"php_error":true,"severity":2,"file":"C:\\xampp\\htdocs\\v1\\api\\ai_assistant.php","line":1211}
[2026-03-12 00:15:17.000000] [WARNING] Undefined array key "boiling_point" | File: logger.php:438 | User: guest | {"php_error":true,"severity":2,"file":"C:\\xampp\\htdocs\\v1\\api\\ai_assistant.php","line":1212}
[2026-03-12 00:15:17.000000] [WARNING] Undefined array key "density" | File: logger.php:438 | User: guest | {"php_error":true,"severity":2,"file":"C:\\xampp\\htdocs\\v1\\api\\ai_assistant.php","line":1213}
[2026-03-12 00:15:17.000000] [WARNING] Undefined array key "vapor_pressure" | File: logger.php:438 | User: guest | {"php_error":true,"severity":2,"file":"C:\\xampp\\htdocs\\v1\\api\\ai_assistant.php","line":1215}
[2026-03-12 00:15:17.000000] [WARNING] Undefined array key "flash_point" | File: logger.php:438 | User: guest | {"php_error":true,"severity":2,"file":"C:\\xampp\\htdocs\\v1\\api\\ai_assistant.php","line":1216}
[2026-03-12 00:15:17.000000] [WARNING] Undefined array key "auto_ignition_temp" | File: logger.php:438 | User: guest | {"php_error":true,"severity":2,"file":"C:\\xampp\\htdocs\\v1\\api\\ai_assistant.php","line":1217}
[2026-03-12 00:15:53.000000] [WARNING] Undefined array key "melting_point" | File: logger.php:438 | User: guest | {"php_error":true,"severity":2,"file":"C:\\xampp\\htdocs\\v1\\api\\ai_assistant.php","line":1211}
[2026-03-12 00:15:53.000000] [WARNING] Undefined array key "boiling_point" | File: logger.php:438 | User: guest | {"php_error":true,"severity":2,"file":"C:\\xampp\\htdocs\\v1\\api\\ai_assistant.php","line":1212}
[2026-03-12 00:15:53.000000] [WARNING] Undefined array key "density" | File: logger.php:438 | User: guest | {"php_error":true,"severity":2,"file":"C:\\xampp\\htdocs\\v1\\api\\ai_assistant.php","line":1213}
[2026-03-12 00:15:53.000000] [WARNING] Undefined array key "vapor_pressure" | File: logger.php:438 | User: guest | {"php_error":true,"severity":2,"file":"C:\\xampp\\htdocs\\v1\\api\\ai_assistant.php","line":1215}
[2026-03-12 00:15:53.000000] [WARNING] Undefined array key "flash_point" | File: logger.php:438 | User: guest | {"php_error":true,"severity":2,"file":"C:\\xampp\\htdocs\\v1\\api\\ai_assistant.php","line":1216}
[2026-03-12 00:15:53.000000] [WARNING] Undefined array key "auto_ignition_temp" | File: logger.php:438 | User: guest | {"php_error":true,"severity":2,"file":"C:\\xampp\\htdocs\\v1\\api\\ai_assistant.php","line":1217}
[2026-03-12 00:30:23.000000] [WARNING] Undefined array key "melting_point" | File: logger.php:438 | User: guest | {"php_error":true,"severity":2,"file":"C:\\xampp\\htdocs\\v1\\api\\ai_assistant.php","line":1211}
[2026-03-12 00:30:23.000000] [WARNING] Undefined array key "boiling_point" | File: logger.php:438 | User: guest | {"php_error":true,"severity":2,"file":"C:\\xampp\\htdocs\\v1\\api\\ai_assistant.php","line":1212}
[2026-03-12 00:30:23.000000] [WARNING] Undefined array key "density" | File: logger.php:438 | User: guest | {"php_error":true,"severity":2,"file":"C:\\xampp\\htdocs\\v1\\api\\ai_assistant.php","line":1213}
[2026-03-12 00:30:23.000000] [WARNING] Undefined array key "vapor_pressure" | File: logger.php:438 | User: guest | {"php_error":true,"severity":2,"file":"C:\\xampp\\htdocs\\v1\\api\\ai_assistant.php","line":1215}
[2026-03-12 00:30:23.000000] [WARNING] Undefined array key "flash_point" | File: logger.php:438 | User: guest | {"php_error":true,"severity":2,"file":"C:\\xampp\\htdocs\\v1\\api\\ai_assistant.php","line":1216}
[2026-03-12 00:30:23.000000] [WARNING] Undefined array key "auto_ignition_temp" | File: logger.php:438 | User: guest | {"php_error":true,"severity":2,"file":"C:\\xampp\\htdocs\\v1\\api\\ai_assistant.php","line":1217}
[2026-03-12 17:37:51.000000] [WARNING] Undefined array key "melting_point" | File: logger.php:438 | User: guest | {"php_error":true,"severity":2,"file":"C:\\xampp\\htdocs\\v1\\api\\ai_assistant.php","line":1211}
[2026-03-12 17:37:51.000000] [WARNING] Undefined array key "boiling_point" | File: logger.php:438 | User: guest | {"php_error":true,"severity":2,"file":"C:\\xampp\\htdocs\\v1\\api\\ai_assistant.php","line":1212}
[2026-03-12 17:37:51.000000] [WARNING] Undefined array key "density" | File: logger.php:438 | User: guest | {"php_error":true,"severity":2,"file":"C:\\xampp\\htdocs\\v1\\api\\ai_assistant.php","line":1213}
[2026-03-12 17:37:51.000000] [WARNING] Undefined array key "vapor_pressure" | File: logger.php:438 | User: guest | {"php_error":true,"severity":2,"file":"C:\\xampp\\htdocs\\v1\\api\\ai_assistant.php","line":1215}
[2026-03-12 17:37:51.000000] [WARNING] Undefined array key "flash_point" | File: logger.php:438 | User: guest | {"php_error":true,"severity":2,"file":"C:\\xampp\\htdocs\\v1\\api\\ai_assistant.php","line":1216}
[2026-03-12 17:37:51.000000] [WARNING] Undefined array key "auto_ignition_temp" | File: logger.php:438 | User: guest | {"php_error":true,"severity":2,"file":"C:\\xampp\\htdocs\\v1\\api\\ai_assistant.php","line":1217}
[2026-03-12 17:38:08.000000] [WARNING] Undefined array key "melting_point" | File: logger.php:438 | User: guest | {"php_error":true,"severity":2,"file":"C:\\xampp\\htdocs\\v1\\api\\ai_assistant.php","line":1211}
[2026-03-12 17:38:08.000000] [WARNING] Undefined array key "boiling_point" | File: logger.php:438 | User: guest | {"php_error":true,"severity":2,"file":"C:\\xampp\\htdocs\\v1\\api\\ai_assistant.php","line":1212}
[2026-03-12 17:38:08.000000] [WARNING] Undefined array key "density" | File: logger.php:438 | User: guest | {"php_error":true,"severity":2,"file":"C:\\xampp\\htdocs\\v1\\api\\ai_assistant.php","line":1213}
[2026-03-12 17:38:08.000000] [WARNING] Undefined array key "vapor_pressure" | File: logger.php:438 | User: guest | {"php_error":true,"severity":2,"file":"C:\\xampp\\htdocs\\v1\\api\\ai_assistant.php","line":1215}
[2026-03-12 17:38:08.000000] [WARNING] Undefined array key "flash_point" | File: logger.php:438 | User: guest | {"php_error":true,"severity":2,"file":"C:\\xampp\\htdocs\\v1\\api\\ai_assistant.php","line":1216}
[2026-03-12 17:38:08.000000] [WARNING] Undefined array key "auto_ignition_temp" | File: logger.php:438 | User: guest | {"php_error":true,"severity":2,"file":"C:\\xampp\\htdocs\\v1\\api\\ai_assistant.php","line":1217}
[2026-03-12 17:38:39.000000] [WARNING] Undefined array key "melting_point" | File: logger.php:438 | User: guest | {"php_error":true,"severity":2,"file":"C:\\xampp\\htdocs\\v1\\api\\ai_assistant.php","line":1211}
[2026-03-12 17:38:39.000000] [WARNING] Undefined array key "boiling_point" | File: logger.php:438 | User: guest | {"php_error":true,"severity":2,"file":"C:\\xampp\\htdocs\\v1\\api\\ai_assistant.php","line":1212}
[2026-03-12 17:38:39.000000] [WARNING] Undefined array key "density" | File: logger.php:438 | User: guest | {"php_error":true,"severity":2,"file":"C:\\xampp\\htdocs\\v1\\api\\ai_assistant.php","line":1213}
[2026-03-12 17:38:39.000000] [WARNING] Undefined array key "vapor_pressure" | File: logger.php:438 | User: guest | {"php_error":true,"severity":2,"file":"C:\\xampp\\htdocs\\v1\\api\\ai_assistant.php","line":1215}
[2026-03-12 17:38:39.000000] [WARNING] Undefined array key "flash_point" | File: logger.php:438 | User: guest | {"php_error":true,"severity":2,"file":"C:\\xampp\\htdocs\\v1\\api\\ai_assistant.php","line":1216}
[2026-03-12 17:38:39.000000] [WARNING] Undefined array key "auto_ignition_temp" | File: logger.php:438 | User: guest | {"php_error":true,"severity":2,"file":"C:\\xampp\\htdocs\\v1\\api\\ai_assistant.php","line":1217}
[2026-03-12 18:33:55.000000] [WARNING] Undefined array key "melting_point" | File: logger.php:438 | User: guest | {"php_error":true,"severity":2,"file":"C:\\xampp\\htdocs\\v1\\api\\ai_assistant.php","line":1211}
[2026-03-12 18:33:55.000000] [WARNING] Undefined array key "boiling_point" | File: logger.php:438 | User: guest | {"php_error":true,"severity":2,"file":"C:\\xampp\\htdocs\\v1\\api\\ai_assistant.php","line":1212}
[2026-03-12 18:33:55.000000] [WARNING] Undefined array key "density" | File: logger.php:438 | User: guest | {"php_error":true,"severity":2,"file":"C:\\xampp\\htdocs\\v1\\api\\ai_assistant.php","line":1213}
[2026-03-12 18:33:55.000000] [WARNING] Undefined array key "vapor_pressure" | File: logger.php:438 | User: guest | {"php_error":true,"severity":2,"file":"C:\\xampp\\htdocs\\v1\\api\\ai_assistant.php","line":1215}
[2026-03-12 18:33:55.000000] [WARNING] Undefined array key "flash_point" | File: logger.php:438 | User: guest | {"php_error":true,"severity":2,"file":"C:\\xampp\\htdocs\\v1\\api\\ai_assistant.php","line":1216}
[2026-03-12 18:33:55.000000] [WARNING] Undefined array key "auto_ignition_temp" | File: logger.php:438 | User: guest | {"php_error":true,"severity":2,"file":"C:\\xampp\\htdocs\\v1\\api\\ai_assistant.php","line":1217}
[2026-03-19 22:48:21.000000] [WARNING] Undefined array key "melting_point" | File: logger.php:438 | User: guest | {"php_error":true,"severity":2,"file":"C:\\xampp\\htdocs\\v1\\api\\ai_assistant.php","line":1211}
[2026-03-19 22:48:21.000000] [WARNING] Undefined array key "boiling_point" | File: logger.php:438 | User: guest | {"php_error":true,"severity":2,"file":"C:\\xampp\\htdocs\\v1\\api\\ai_assistant.php","line":1212}
[2026-03-19 22:48:21.000000] [WARNING] Undefined array key "density" | File: logger.php:438 | User: guest | {"php_error":true,"severity":2,"file":"C:\\xampp\\htdocs\\v1\\api\\ai_assistant.php","line":1213}
[2026-03-19 22:48:21.000000] [WARNING] Undefined array key "vapor_pressure" | File: logger.php:438 | User: guest | {"php_error":true,"severity":2,"file":"C:\\xampp\\htdocs\\v1\\api\\ai_assistant.php","line":1215}
[2026-03-19 22:48:21.000000] [WARNING] Undefined array key "flash_point" | File: logger.php:438 | User: guest | {"php_error":true,"severity":2,"file":"C:\\xampp\\htdocs\\v1\\api\\ai_assistant.php","line":1216}
[2026-03-19 22:48:21.000000] [WARNING] Undefined array key "auto_ignition_temp" | File: logger.php:438 | User: guest | {"php_error":true,"severity":2,"file":"C:\\xampp\\htdocs\\v1\\api\\ai_assistant.php","line":1217}
[2026-03-20 16:07:47.000000] [CRITICAL] Uncaught Exception: http_response_code(): Argument #1 ($response_code) must be of type int, string given | File: logger.php:85 | User: guest | {"exception":{"class":"TypeError","code":0,"file":"C:\\xampp\\htdocs\\v1\\api\\borrow.php","line":87,"trace":"#0 C:\\xampp\\htdocs\\v1\\api\\borrow.php(87): http_response_code('HY093')\n#1 {main}"}}
[2026-03-20 16:07:51.000000] [CRITICAL] Uncaught Exception: http_response_code(): Argument #1 ($response_code) must be of type int, string given | File: logger.php:85 | User: guest | {"exception":{"class":"TypeError","code":0,"file":"C:\\xampp\\htdocs\\v1\\api\\borrow.php","line":87,"trace":"#0 C:\\xampp\\htdocs\\v1\\api\\borrow.php(87): http_response_code('HY093')\n#1 {main}"}}
[2026-03-20 16:07:56.000000] [CRITICAL] Uncaught Exception: http_response_code(): Argument #1 ($response_code) must be of type int, string given | File: logger.php:85 | User: guest | {"exception":{"class":"TypeError","code":0,"file":"C:\\xampp\\htdocs\\v1\\api\\borrow.php","line":87,"trace":"#0 C:\\xampp\\htdocs\\v1\\api\\borrow.php(87): http_response_code('HY093')\n#1 {main}"}}
[2026-03-20 16:07:57.000000] [CRITICAL] Uncaught Exception: http_response_code(): Argument #1 ($response_code) must be of type int, string given | File: logger.php:85 | User: guest | {"exception":{"class":"TypeError","code":0,"file":"C:\\xampp\\htdocs\\v1\\api\\borrow.php","line":87,"trace":"#0 C:\\xampp\\htdocs\\v1\\api\\borrow.php(87): http_response_code('HY093')\n#1 {main}"}}
[2026-03-20 16:07:58.000000] [CRITICAL] Uncaught Exception: http_response_code(): Argument #1 ($response_code) must be of type int, string given | File: logger.php:85 | User: guest | {"exception":{"class":"TypeError","code":0,"file":"C:\\xampp\\htdocs\\v1\\api\\borrow.php","line":87,"trace":"#0 C:\\xampp\\htdocs\\v1\\api\\borrow.php(87): http_response_code('HY093')\n#1 {main}"}}
[2026-03-20 16:08:03.000000] [CRITICAL] Uncaught Exception: http_response_code(): Argument #1 ($response_code) must be of type int, string given | File: logger.php:85 | User: guest | {"exception":{"class":"TypeError","code":0,"file":"C:\\xampp\\htdocs\\v1\\api\\borrow.php","line":87,"trace":"#0 C:\\xampp\\htdocs\\v1\\api\\borrow.php(87): http_response_code('HY093')\n#1 {main}"}}
[2026-03-20 16:20:35.000000] [WARNING] Undefined array key "melting_point" | File: logger.php:438 | User: guest | {"php_error":true,"severity":2,"file":"C:\\xampp\\htdocs\\v1\\api\\ai_assistant.php","line":1211}
[2026-03-20 16:20:35.000000] [WARNING] Undefined array key "boiling_point" | File: logger.php:438 | User: guest | {"php_error":true,"severity":2,"file":"C:\\xampp\\htdocs\\v1\\api\\ai_assistant.php","line":1212}
[2026-03-20 16:20:35.000000] [WARNING] Undefined array key "density" | File: logger.php:438 | User: guest | {"php_error":true,"severity":2,"file":"C:\\xampp\\htdocs\\v1\\api\\ai_assistant.php","line":1213}
[2026-03-20 16:20:35.000000] [WARNING] Undefined array key "vapor_pressure" | File: logger.php:438 | User: guest | {"php_error":true,"severity":2,"file":"C:\\xampp\\htdocs\\v1\\api\\ai_assistant.php","line":1215}
[2026-03-20 16:20:35.000000] [WARNING] Undefined array key "flash_point" | File: logger.php:438 | User: guest | {"php_error":true,"severity":2,"file":"C:\\xampp\\htdocs\\v1\\api\\ai_assistant.php","line":1216}
[2026-03-20 16:20:35.000000] [WARNING] Undefined array key "auto_ignition_temp" | File: logger.php:438 | User: guest | {"php_error":true,"severity":2,"file":"C:\\xampp\\htdocs\\v1\\api\\ai_assistant.php","line":1217}
[2026-03-20 21:30:25.000000] [WARNING] Undefined array key "melting_point" | File: logger.php:438 | User: guest | {"php_error":true,"severity":2,"file":"C:\\xampp\\htdocs\\v1\\api\\ai_assistant.php","line":1211}
[2026-03-20 21:30:25.000000] [WARNING] Undefined array key "boiling_point" | File: logger.php:438 | User: guest | {"php_error":true,"severity":2,"file":"C:\\xampp\\htdocs\\v1\\api\\ai_assistant.php","line":1212}
[2026-03-20 21:30:25.000000] [WARNING] Undefined array key "density" | File: logger.php:438 | User: guest | {"php_error":true,"severity":2,"file":"C:\\xampp\\htdocs\\v1\\api\\ai_assistant.php","line":1213}
[2026-03-20 21:30:25.000000] [WARNING] Undefined array key "vapor_pressure" | File: logger.php:438 | User: guest | {"php_error":true,"severity":2,"file":"C:\\xampp\\htdocs\\v1\\api\\ai_assistant.php","line":1215}
[2026-03-20 21:30:25.000000] [WARNING] Undefined array key "flash_point" | File: logger.php:438 | User: guest | {"php_error":true,"severity":2,"file":"C:\\xampp\\htdocs\\v1\\api\\ai_assistant.php","line":1216}
[2026-03-20 21:30:25.000000] [WARNING] Undefined array key "auto_ignition_temp" | File: logger.php:438 | User: guest | {"php_error":true,"severity":2,"file":"C:\\xampp\\htdocs\\v1\\api\\ai_assistant.php","line":1217}
[2026-03-20 21:31:17.000000] [WARNING] Undefined array key "melting_point" | File: logger.php:438 | User: guest | {"php_error":true,"severity":2,"file":"C:\\xampp\\htdocs\\v1\\api\\ai_assistant.php","line":1211}
[2026-03-20 21:31:17.000000] [WARNING] Undefined array key "boiling_point" | File: logger.php:438 | User: guest | {"php_error":true,"severity":2,"file":"C:\\xampp\\htdocs\\v1\\api\\ai_assistant.php","line":1212}
[2026-03-20 21:31:17.000000] [WARNING] Undefined array key "density" | File: logger.php:438 | User: guest | {"php_error":true,"severity":2,"file":"C:\\xampp\\htdocs\\v1\\api\\ai_assistant.php","line":1213}
[2026-03-20 21:31:17.000000] [WARNING] Undefined array key "vapor_pressure" | File: logger.php:438 | User: guest | {"php_error":true,"severity":2,"file":"C:\\xampp\\htdocs\\v1\\api\\ai_assistant.php","line":1215}
[2026-03-20 21:31:17.000000] [WARNING] Undefined array key "flash_point" | File: logger.php:438 | User: guest | {"php_error":true,"severity":2,"file":"C:\\xampp\\htdocs\\v1\\api\\ai_assistant.php","line":1216}
[2026-03-20 21:31:17.000000] [WARNING] Undefined array key "auto_ignition_temp" | File: logger.php:438 | User: guest | {"php_error":true,"severity":2,"file":"C:\\xampp\\htdocs\\v1\\api\\ai_assistant.php","line":1217}
[2026-04-01 14:17:05.000000] [WARNING] Undefined array key "melting_point" | File: logger.php:438 | User: guest | {"php_error":true,"severity":2,"file":"C:\\xampp\\htdocs\\v1\\api\\ai_assistant.php","line":1211}
[2026-04-01 14:17:05.000000] [WARNING] Undefined array key "boiling_point" | File: logger.php:438 | User: guest | {"php_error":true,"severity":2,"file":"C:\\xampp\\htdocs\\v1\\api\\ai_assistant.php","line":1212}
[2026-04-01 14:17:05.000000] [WARNING] Undefined array key "density" | File: logger.php:438 | User: guest | {"php_error":true,"severity":2,"file":"C:\\xampp\\htdocs\\v1\\api\\ai_assistant.php","line":1213}
[2026-04-01 14:17:05.000000] [WARNING] Undefined array key "vapor_pressure" | File: logger.php:438 | User: guest | {"php_error":true,"severity":2,"file":"C:\\xampp\\htdocs\\v1\\api\\ai_assistant.php","line":1215}
[2026-04-01 14:17:05.000000] [WARNING] Undefined array key "flash_point" | File: logger.php:438 | User: guest | {"php_error":true,"severity":2,"file":"C:\\xampp\\htdocs\\v1\\api\\ai_assistant.php","line":1216}
[2026-04-01 14:17:05.000000] [WARNING] Undefined array key "auto_ignition_temp" | File: logger.php:438 | User: guest | {"php_error":true,"severity":2,"file":"C:\\xampp\\htdocs\\v1\\api\\ai_assistant.php","line":1217}
[2026-04-04 03:18:59.000000] [WARNING] Undefined array key "melting_point" | File: logger.php:438 | User: guest | {"php_error":true,"severity":2,"file":"C:\\xampp\\htdocs\\v1\\api\\ai_assistant.php","line":1211}
[2026-04-04 03:18:59.000000] [WARNING] Undefined array key "boiling_point" | File: logger.php:438 | User: guest | {"php_error":true,"severity":2,"file":"C:\\xampp\\htdocs\\v1\\api\\ai_assistant.php","line":1212}
[2026-04-04 03:18:59.000000] [WARNING] Undefined array key "density" | File: logger.php:438 | User: guest | {"php_error":true,"severity":2,"file":"C:\\xampp\\htdocs\\v1\\api\\ai_assistant.php","line":1213}
[2026-04-04 03:18:59.000000] [WARNING] Undefined array key "vapor_pressure" | File: logger.php:438 | User: guest | {"php_error":true,"severity":2,"file":"C:\\xampp\\htdocs\\v1\\api\\ai_assistant.php","line":1215}
[2026-04-04 03:18:59.000000] [WARNING] Undefined array key "flash_point" | File: logger.php:438 | User: guest | {"php_error":true,"severity":2,"file":"C:\\xampp\\htdocs\\v1\\api\\ai_assistant.php","line":1216}
[2026-04-04 03:18:59.000000] [WARNING] Undefined array key "auto_ignition_temp" | File: logger.php:438 | User: guest | {"php_error":true,"severity":2,"file":"C:\\xampp\\htdocs\\v1\\api\\ai_assistant.php","line":1217}
[2026-04-04 03:21:33.000000] [WARNING] Undefined array key "melting_point" | File: logger.php:438 | User: guest | {"php_error":true,"severity":2,"file":"C:\\xampp\\htdocs\\v1\\api\\ai_assistant.php","line":1211}
[2026-04-04 03:21:33.000000] [WARNING] Undefined array key "boiling_point" | File: logger.php:438 | User: guest | {"php_error":true,"severity":2,"file":"C:\\xampp\\htdocs\\v1\\api\\ai_assistant.php","line":1212}
[2026-04-04 03:21:33.000000] [WARNING] Undefined array key "density" | File: logger.php:438 | User: guest | {"php_error":true,"severity":2,"file":"C:\\xampp\\htdocs\\v1\\api\\ai_assistant.php","line":1213}
[2026-04-04 03:21:33.000000] [WARNING] Undefined array key "vapor_pressure" | File: logger.php:438 | User: guest | {"php_error":true,"severity":2,"file":"C:\\xampp\\htdocs\\v1\\api\\ai_assistant.php","line":1215}
[2026-04-04 03:21:33.000000] [WARNING] Undefined array key "flash_point" | File: logger.php:438 | User: guest | {"php_error":true,"severity":2,"file":"C:\\xampp\\htdocs\\v1\\api\\ai_assistant.php","line":1216}
[2026-04-04 03:21:33.000000] [WARNING] Undefined array key "auto_ignition_temp" | File: logger.php:438 | User: guest | {"php_error":true,"severity":2,"file":"C:\\xampp\\htdocs\\v1\\api\\ai_assistant.php","line":1217}
[2026-04-04 03:27:19.000000] [WARNING] Undefined array key "melting_point" | File: logger.php:438 | User: guest | {"php_error":true,"severity":2,"file":"C:\\xampp\\htdocs\\v1\\api\\ai_assistant.php","line":1211}
[2026-04-04 03:27:19.000000] [WARNING] Undefined array key "boiling_point" | File: logger.php:438 | User: guest | {"php_error":true,"severity":2,"file":"C:\\xampp\\htdocs\\v1\\api\\ai_assistant.php","line":1212}
[2026-04-04 03:27:19.000000] [WARNING] Undefined array key "density" | File: logger.php:438 | User: guest | {"php_error":true,"severity":2,"file":"C:\\xampp\\htdocs\\v1\\api\\ai_assistant.php","line":1213}
[2026-04-04 03:27:19.000000] [WARNING] Undefined array key "vapor_pressure" | File: logger.php:438 | User: guest | {"php_error":true,"severity":2,"file":"C:\\xampp\\htdocs\\v1\\api\\ai_assistant.php","line":1215}
[2026-04-04 03:27:19.000000] [WARNING] Undefined array key "flash_point" | File: logger.php:438 | User: guest | {"php_error":true,"severity":2,"file":"C:\\xampp\\htdocs\\v1\\api\\ai_assistant.php","line":1216}
[2026-04-04 03:27:19.000000] [WARNING] Undefined array key "auto_ignition_temp" | File: logger.php:438 | User: guest | {"php_error":true,"severity":2,"file":"C:\\xampp\\htdocs\\v1\\api\\ai_assistant.php","line":1217}
[2026-04-04 03:32:41.000000] [WARNING] Undefined array key "melting_point" | File: logger.php:438 | User: guest | {"php_error":true,"severity":2,"file":"C:\\xampp\\htdocs\\v1\\api\\ai_assistant.php","line":1211}
[2026-04-04 03:32:41.000000] [WARNING] Undefined array key "boiling_point" | File: logger.php:438 | User: guest | {"php_error":true,"severity":2,"file":"C:\\xampp\\htdocs\\v1\\api\\ai_assistant.php","line":1212}
[2026-04-04 03:32:41.000000] [WARNING] Undefined array key "density" | File: logger.php:438 | User: guest | {"php_error":true,"severity":2,"file":"C:\\xampp\\htdocs\\v1\\api\\ai_assistant.php","line":1213}
[2026-04-04 03:32:41.000000] [WARNING] Undefined array key "vapor_pressure" | File: logger.php:438 | User: guest | {"php_error":true,"severity":2,"file":"C:\\xampp\\htdocs\\v1\\api\\ai_assistant.php","line":1215}
[2026-04-04 03:32:41.000000] [WARNING] Undefined array key "flash_point" | File: logger.php:438 | User: guest | {"php_error":true,"severity":2,"file":"C:\\xampp\\htdocs\\v1\\api\\ai_assistant.php","line":1216}
[2026-04-04 03:32:41.000000] [WARNING] Undefined array key "auto_ignition_temp" | File: logger.php:438 | User: guest | {"php_error":true,"severity":2,"file":"C:\\xampp\\htdocs\\v1\\api\\ai_assistant.php","line":1217}
[2026-04-04 03:43:50.000000] [WARNING] Undefined array key "melting_point" | File: logger.php:438 | User: guest | {"php_error":true,"severity":2,"file":"C:\\xampp\\htdocs\\v1\\api\\ai_assistant.php","line":1211}
[2026-04-04 03:43:50.000000] [WARNING] Undefined array key "boiling_point" | File: logger.php:438 | User: guest | {"php_error":true,"severity":2,"file":"C:\\xampp\\htdocs\\v1\\api\\ai_assistant.php","line":1212}
[2026-04-04 03:43:50.000000] [WARNING] Undefined array key "density" | File: logger.php:438 | User: guest | {"php_error":true,"severity":2,"file":"C:\\xampp\\htdocs\\v1\\api\\ai_assistant.php","line":1213}
[2026-04-04 03:43:50.000000] [WARNING] Undefined array key "vapor_pressure" | File: logger.php:438 | User: guest | {"php_error":true,"severity":2,"file":"C:\\xampp\\htdocs\\v1\\api\\ai_assistant.php","line":1215}
[2026-04-04 03:43:50.000000] [WARNING] Undefined array key "flash_point" | File: logger.php:438 | User: guest | {"php_error":true,"severity":2,"file":"C:\\xampp\\htdocs\\v1\\api\\ai_assistant.php","line":1216}
[2026-04-04 03:43:50.000000] [WARNING] Undefined array key "auto_ignition_temp" | File: logger.php:438 | User: guest | {"php_error":true,"severity":2,"file":"C:\\xampp\\htdocs\\v1\\api\\ai_assistant.php","line":1217}
[2026-04-06 02:33:53.000000] [WARNING] Undefined array key "melting_point" | File: logger.php:438 | User: guest | {"php_error":true,"severity":2,"file":"C:\\xampp\\htdocs\\v1\\api\\ai_assistant.php","line":1211}
[2026-04-06 02:33:53.000000] [WARNING] Undefined array key "boiling_point" | File: logger.php:438 | User: guest | {"php_error":true,"severity":2,"file":"C:\\xampp\\htdocs\\v1\\api\\ai_assistant.php","line":1212}
[2026-04-06 02:33:53.000000] [WARNING] Undefined array key "density" | File: logger.php:438 | User: guest | {"php_error":true,"severity":2,"file":"C:\\xampp\\htdocs\\v1\\api\\ai_assistant.php","line":1213}
[2026-04-06 02:33:53.000000] [WARNING] Undefined array key "vapor_pressure" | File: logger.php:438 | User: guest | {"php_error":true,"severity":2,"file":"C:\\xampp\\htdocs\\v1\\api\\ai_assistant.php","line":1215}
[2026-04-06 02:33:53.000000] [WARNING] Undefined array key "flash_point" | File: logger.php:438 | User: guest | {"php_error":true,"severity":2,"file":"C:\\xampp\\htdocs\\v1\\api\\ai_assistant.php","line":1216}
[2026-04-06 02:33:53.000000] [WARNING] Undefined array key "auto_ignition_temp" | File: logger.php:438 | User: guest | {"php_error":true,"severity":2,"file":"C:\\xampp\\htdocs\\v1\\api\\ai_assistant.php","line":1217}
[2026-04-06 02:48:35.000000] [WARNING] Undefined array key "melting_point" | File: logger.php:438 | User: guest | {"php_error":true,"severity":2,"file":"C:\\xampp\\htdocs\\v1\\api\\ai_assistant.php","line":1211}
[2026-04-06 02:48:35.000000] [WARNING] Undefined array key "boiling_point" | File: logger.php:438 | User: guest | {"php_error":true,"severity":2,"file":"C:\\xampp\\htdocs\\v1\\api\\ai_assistant.php","line":1212}
[2026-04-06 02:48:35.000000] [WARNING] Undefined array key "density" | File: logger.php:438 | User: guest | {"php_error":true,"severity":2,"file":"C:\\xampp\\htdocs\\v1\\api\\ai_assistant.php","line":1213}
[2026-04-06 02:48:35.000000] [WARNING] Undefined array key "vapor_pressure" | File: logger.php:438 | User: guest | {"php_error":true,"severity":2,"file":"C:\\xampp\\htdocs\\v1\\api\\ai_assistant.php","line":1215}
[2026-04-06 02:48:35.000000] [WARNING] Undefined array key "flash_point" | File: logger.php:438 | User: guest | {"php_error":true,"severity":2,"file":"C:\\xampp\\htdocs\\v1\\api\\ai_assistant.php","line":1216}
[2026-04-06 02:48:35.000000] [WARNING] Undefined array key "auto_ignition_temp" | File: logger.php:438 | User: guest | {"php_error":true,"severity":2,"file":"C:\\xampp\\htdocs\\v1\\api\\ai_assistant.php","line":1217}
[2026-04-06 03:06:45.000000] [WARNING] Undefined array key "melting_point" | File: logger.php:438 | User: guest | {"php_error":true,"severity":2,"file":"C:\\xampp\\htdocs\\v1\\api\\ai_assistant.php","line":1211}
[2026-04-06 03:06:45.000000] [WARNING] Undefined array key "boiling_point" | File: logger.php:438 | User: guest | {"php_error":true,"severity":2,"file":"C:\\xampp\\htdocs\\v1\\api\\ai_assistant.php","line":1212}
[2026-04-06 03:06:45.000000] [WARNING] Undefined array key "density" | File: logger.php:438 | User: guest | {"php_error":true,"severity":2,"file":"C:\\xampp\\htdocs\\v1\\api\\ai_assistant.php","line":1213}
[2026-04-06 03:06:45.000000] [WARNING] Undefined array key "vapor_pressure" | File: logger.php:438 | User: guest | {"php_error":true,"severity":2,"file":"C:\\xampp\\htdocs\\v1\\api\\ai_assistant.php","line":1215}
[2026-04-06 03:06:45.000000] [WARNING] Undefined array key "flash_point" | File: logger.php:438 | User: guest | {"php_error":true,"severity":2,"file":"C:\\xampp\\htdocs\\v1\\api\\ai_assistant.php","line":1216}
[2026-04-06 03:06:45.000000] [WARNING] Undefined array key "auto_ignition_temp" | File: logger.php:438 | User: guest | {"php_error":true,"severity":2,"file":"C:\\xampp\\htdocs\\v1\\api\\ai_assistant.php","line":1217}
[2026-04-06 07:39:36.000000] [WARNING] Undefined array key "melting_point" | File: logger.php:438 | User: guest | {"php_error":true,"severity":2,"file":"C:\\xampp\\htdocs\\v1\\api\\ai_assistant.php","line":1389}
[2026-04-06 07:39:36.000000] [WARNING] Undefined array key "boiling_point" | File: logger.php:438 | User: guest | {"php_error":true,"severity":2,"file":"C:\\xampp\\htdocs\\v1\\api\\ai_assistant.php","line":1390}
[2026-04-06 07:39:36.000000] [WARNING] Undefined array key "density" | File: logger.php:438 | User: guest | {"php_error":true,"severity":2,"file":"C:\\xampp\\htdocs\\v1\\api\\ai_assistant.php","line":1391}
[2026-04-06 07:39:36.000000] [WARNING] Undefined array key "vapor_pressure" | File: logger.php:438 | User: guest | {"php_error":true,"severity":2,"file":"C:\\xampp\\htdocs\\v1\\api\\ai_assistant.php","line":1393}
[2026-04-06 07:39:36.000000] [WARNING] Undefined array key "flash_point" | File: logger.php:438 | User: guest | {"php_error":true,"severity":2,"file":"C:\\xampp\\htdocs\\v1\\api\\ai_assistant.php","line":1394}
[2026-04-06 07:39:36.000000] [WARNING] Undefined array key "auto_ignition_temp" | File: logger.php:438 | User: guest | {"php_error":true,"severity":2,"file":"C:\\xampp\\htdocs\\v1\\api\\ai_assistant.php","line":1395}
[2026-04-06 07:55:21.000000] [WARNING] Undefined array key "melting_point" | File: logger.php:438 | User: guest | {"php_error":true,"severity":2,"file":"C:\\xampp\\htdocs\\v1\\api\\ai_assistant.php","line":1391}
[2026-04-06 07:55:21.000000] [WARNING] Undefined array key "boiling_point" | File: logger.php:438 | User: guest | {"php_error":true,"severity":2,"file":"C:\\xampp\\htdocs\\v1\\api\\ai_assistant.php","line":1392}
[2026-04-06 07:55:21.000000] [WARNING] Undefined array key "density" | File: logger.php:438 | User: guest | {"php_error":true,"severity":2,"file":"C:\\xampp\\htdocs\\v1\\api\\ai_assistant.php","line":1393}
[2026-04-06 07:55:21.000000] [WARNING] Undefined array key "vapor_pressure" | File: logger.php:438 | User: guest | {"php_error":true,"severity":2,"file":"C:\\xampp\\htdocs\\v1\\api\\ai_assistant.php","line":1395}
[2026-04-06 07:55:21.000000] [WARNING] Undefined array key "flash_point" | File: logger.php:438 | User: guest | {"php_error":true,"severity":2,"file":"C:\\xampp\\htdocs\\v1\\api\\ai_assistant.php","line":1396}
[2026-04-06 07:55:21.000000] [WARNING] Undefined array key "auto_ignition_temp" | File: logger.php:438 | User: guest | {"php_error":true,"severity":2,"file":"C:\\xampp\\htdocs\\v1\\api\\ai_assistant.php","line":1397}
[2026-04-06 12:05:45.000000] [WARNING] Undefined array key "melting_point" | File: logger.php:438 | User: guest | {"php_error":true,"severity":2,"file":"C:\\xampp\\htdocs\\v1\\api\\ai_assistant.php","line":1391}
[2026-04-06 12:05:45.000000] [WARNING] Undefined array key "boiling_point" | File: logger.php:438 | User: guest | {"php_error":true,"severity":2,"file":"C:\\xampp\\htdocs\\v1\\api\\ai_assistant.php","line":1392}
[2026-04-06 12:05:45.000000] [WARNING] Undefined array key "density" | File: logger.php:438 | User: guest | {"php_error":true,"severity":2,"file":"C:\\xampp\\htdocs\\v1\\api\\ai_assistant.php","line":1393}
[2026-04-06 12:05:45.000000] [WARNING] Undefined array key "vapor_pressure" | File: logger.php:438 | User: guest | {"php_error":true,"severity":2,"file":"C:\\xampp\\htdocs\\v1\\api\\ai_assistant.php","line":1395}
[2026-04-06 12:05:45.000000] [WARNING] Undefined array key "flash_point" | File: logger.php:438 | User: guest | {"php_error":true,"severity":2,"file":"C:\\xampp\\htdocs\\v1\\api\\ai_assistant.php","line":1396}
[2026-04-06 12:05:45.000000] [WARNING] Undefined array key "auto_ignition_temp" | File: logger.php:438 | User: guest | {"php_error":true,"severity":2,"file":"C:\\xampp\\htdocs\\v1\\api\\ai_assistant.php","line":1397}
[2026-04-07 16:39:06.000000] [WARNING] Undefined array key "melting_point" | File: logger.php:438 | User: guest | {"php_error":true,"severity":2,"file":"C:\\xampp\\htdocs\\v1\\api\\ai_assistant.php","line":1391}
[2026-04-07 16:39:06.000000] [WARNING] Undefined array key "boiling_point" | File: logger.php:438 | User: guest | {"php_error":true,"severity":2,"file":"C:\\xampp\\htdocs\\v1\\api\\ai_assistant.php","line":1392}
[2026-04-07 16:39:06.000000] [WARNING] Undefined array key "density" | File: logger.php:438 | User: guest | {"php_error":true,"severity":2,"file":"C:\\xampp\\htdocs\\v1\\api\\ai_assistant.php","line":1393}
[2026-04-07 16:39:06.000000] [WARNING] Undefined array key "vapor_pressure" | File: logger.php:438 | User: guest | {"php_error":true,"severity":2,"file":"C:\\xampp\\htdocs\\v1\\api\\ai_assistant.php","line":1395}
[2026-04-07 16:39:06.000000] [WARNING] Undefined array key "flash_point" | File: logger.php:438 | User: guest | {"php_error":true,"severity":2,"file":"C:\\xampp\\htdocs\\v1\\api\\ai_assistant.php","line":1396}
[2026-04-07 16:39:06.000000] [WARNING] Undefined array key "auto_ignition_temp" | File: logger.php:438 | User: guest | {"php_error":true,"severity":2,"file":"C:\\xampp\\htdocs\\v1\\api\\ai_assistant.php","line":1397}
[2026-04-07 16:43:41.000000] [WARNING] Undefined array key "melting_point" | File: logger.php:438 | User: guest | {"php_error":true,"severity":2,"file":"C:\\xampp\\htdocs\\v1\\api\\ai_assistant.php","line":1391}
[2026-04-07 16:43:41.000000] [WARNING] Undefined array key "boiling_point" | File: logger.php:438 | User: guest | {"php_error":true,"severity":2,"file":"C:\\xampp\\htdocs\\v1\\api\\ai_assistant.php","line":1392}
[2026-04-07 16:43:41.000000] [WARNING] Undefined array key "density" | File: logger.php:438 | User: guest | {"php_error":true,"severity":2,"file":"C:\\xampp\\htdocs\\v1\\api\\ai_assistant.php","line":1393}
[2026-04-07 16:43:41.000000] [WARNING] Undefined array key "vapor_pressure" | File: logger.php:438 | User: guest | {"php_error":true,"severity":2,"file":"C:\\xampp\\htdocs\\v1\\api\\ai_assistant.php","line":1395}
[2026-04-07 16:43:41.000000] [WARNING] Undefined array key "flash_point" | File: logger.php:438 | User: guest | {"php_error":true,"severity":2,"file":"C:\\xampp\\htdocs\\v1\\api\\ai_assistant.php","line":1396}
[2026-04-07 16:43:41.000000] [WARNING] Undefined array key "auto_ignition_temp" | File: logger.php:438 | User: guest | {"php_error":true,"severity":2,"file":"C:\\xampp\\htdocs\\v1\\api\\ai_assistant.php","line":1397}
[2026-04-07 18:20:45.000000] [WARNING] Undefined variable $isManager | File: logger.php:438 | User: guest | {"php_error":true,"severity":2,"file":"C:\\xampp\\htdocs\\v1\\pages\\stock.php","line":1035}
[2026-04-07 18:20:45.000000] [WARNING] Undefined variable $isLabStaff | File: logger.php:438 | User: guest | {"php_error":true,"severity":2,"file":"C:\\xampp\\htdocs\\v1\\pages\\stock.php","line":1035}
[2026-04-07 18:20:45.000000] [WARNING] Undefined variable $isManager | File: logger.php:438 | User: guest | {"php_error":true,"severity":2,"file":"C:\\xampp\\htdocs\\v1\\pages\\stock.php","line":1089}
[2026-04-07 18:24:07.000000] [WARNING] Undefined variable $isManager | File: logger.php:438 | User: guest | {"php_error":true,"severity":2,"file":"C:\\xampp\\htdocs\\v1\\pages\\stock.php","line":1035}
[2026-04-07 18:24:07.000000] [WARNING] Undefined variable $isLabStaff | File: logger.php:438 | User: guest | {"php_error":true,"severity":2,"file":"C:\\xampp\\htdocs\\v1\\pages\\stock.php","line":1035}
[2026-04-07 18:24:07.000000] [WARNING] Undefined variable $isManager | File: logger.php:438 | User: guest | {"php_error":true,"severity":2,"file":"C:\\xampp\\htdocs\\v1\\pages\\stock.php","line":1089}
[2026-04-07 18:24:20.000000] [WARNING] Undefined variable $isManager | File: logger.php:438 | User: guest | {"php_error":true,"severity":2,"file":"C:\\xampp\\htdocs\\v1\\pages\\stock.php","line":1035}
[2026-04-07 18:24:20.000000] [WARNING] Undefined variable $isLabStaff | File: logger.php:438 | User: guest | {"php_error":true,"severity":2,"file":"C:\\xampp\\htdocs\\v1\\pages\\stock.php","line":1035}
[2026-04-07 18:24:20.000000] [WARNING] Undefined variable $isManager | File: logger.php:438 | User: guest | {"php_error":true,"severity":2,"file":"C:\\xampp\\htdocs\\v1\\pages\\stock.php","line":1089}
[2026-04-07 18:24:49.000000] [WARNING] Undefined variable $isManager | File: logger.php:438 | User: guest | {"php_error":true,"severity":2,"file":"C:\\xampp\\htdocs\\v1\\pages\\stock.php","line":1035}
[2026-04-07 18:24:49.000000] [WARNING] Undefined variable $isLabStaff | File: logger.php:438 | User: guest | {"php_error":true,"severity":2,"file":"C:\\xampp\\htdocs\\v1\\pages\\stock.php","line":1035}
[2026-04-07 18:24:49.000000] [WARNING] Undefined variable $isManager | File: logger.php:438 | User: guest | {"php_error":true,"severity":2,"file":"C:\\xampp\\htdocs\\v1\\pages\\stock.php","line":1089}
[2026-04-07 18:25:12.000000] [WARNING] Undefined variable $isManager | File: logger.php:438 | User: guest | {"php_error":true,"severity":2,"file":"C:\\xampp\\htdocs\\v1\\pages\\stock.php","line":1035}
[2026-04-07 18:25:12.000000] [WARNING] Undefined variable $isLabStaff | File: logger.php:438 | User: guest | {"php_error":true,"severity":2,"file":"C:\\xampp\\htdocs\\v1\\pages\\stock.php","line":1035}
[2026-04-07 18:25:12.000000] [WARNING] Undefined variable $isManager | File: logger.php:438 | User: guest | {"php_error":true,"severity":2,"file":"C:\\xampp\\htdocs\\v1\\pages\\stock.php","line":1089}
[2026-04-07 18:27:42.000000] [WARNING] Undefined variable $isManager | File: logger.php:438 | User: guest | {"php_error":true,"severity":2,"file":"C:\\xampp\\htdocs\\v1\\pages\\stock.php","line":1035}
[2026-04-07 18:27:42.000000] [WARNING] Undefined variable $isLabStaff | File: logger.php:438 | User: guest | {"php_error":true,"severity":2,"file":"C:\\xampp\\htdocs\\v1\\pages\\stock.php","line":1035}
[2026-04-07 18:27:42.000000] [WARNING] Undefined variable $isManager | File: logger.php:438 | User: guest | {"php_error":true,"severity":2,"file":"C:\\xampp\\htdocs\\v1\\pages\\stock.php","line":1089}
[2026-04-07 18:53:56.000000] [WARNING] Undefined array key "melting_point" | File: logger.php:438 | User: guest | {"php_error":true,"severity":2,"file":"C:\\xampp\\htdocs\\v1\\api\\ai_assistant.php","line":1391}
[2026-04-07 18:53:56.000000] [WARNING] Undefined array key "boiling_point" | File: logger.php:438 | User: guest | {"php_error":true,"severity":2,"file":"C:\\xampp\\htdocs\\v1\\api\\ai_assistant.php","line":1392}
[2026-04-07 18:53:56.000000] [WARNING] Undefined array key "density" | File: logger.php:438 | User: guest | {"php_error":true,"severity":2,"file":"C:\\xampp\\htdocs\\v1\\api\\ai_assistant.php","line":1393}
[2026-04-07 18:53:56.000000] [WARNING] Undefined array key "vapor_pressure" | File: logger.php:438 | User: guest | {"php_error":true,"severity":2,"file":"C:\\xampp\\htdocs\\v1\\api\\ai_assistant.php","line":1395}
[2026-04-07 18:53:56.000000] [WARNING] Undefined array key "flash_point" | File: logger.php:438 | User: guest | {"php_error":true,"severity":2,"file":"C:\\xampp\\htdocs\\v1\\api\\ai_assistant.php","line":1396}
[2026-04-07 18:53:56.000000] [WARNING] Undefined array key "auto_ignition_temp" | File: logger.php:438 | User: guest | {"php_error":true,"severity":2,"file":"C:\\xampp\\htdocs\\v1\\api\\ai_assistant.php","line":1397}
[2026-04-07 18:56:00.000000] [WARNING] Undefined array key "melting_point" | File: logger.php:438 | User: guest | {"php_error":true,"severity":2,"file":"C:\\xampp\\htdocs\\v1\\api\\ai_assistant.php","line":1391}
[2026-04-07 18:56:00.000000] [WARNING] Undefined array key "boiling_point" | File: logger.php:438 | User: guest | {"php_error":true,"severity":2,"file":"C:\\xampp\\htdocs\\v1\\api\\ai_assistant.php","line":1392}
[2026-04-07 18:56:00.000000] [WARNING] Undefined array key "density" | File: logger.php:438 | User: guest | {"php_error":true,"severity":2,"file":"C:\\xampp\\htdocs\\v1\\api\\ai_assistant.php","line":1393}
[2026-04-07 18:56:00.000000] [WARNING] Undefined array key "vapor_pressure" | File: logger.php:438 | User: guest | {"php_error":true,"severity":2,"file":"C:\\xampp\\htdocs\\v1\\api\\ai_assistant.php","line":1395}
[2026-04-07 18:56:00.000000] [WARNING] Undefined array key "flash_point" | File: logger.php:438 | User: guest | {"php_error":true,"severity":2,"file":"C:\\xampp\\htdocs\\v1\\api\\ai_assistant.php","line":1396}
[2026-04-07 18:56:00.000000] [WARNING] Undefined array key "auto_ignition_temp" | File: logger.php:438 | User: guest | {"php_error":true,"severity":2,"file":"C:\\xampp\\htdocs\\v1\\api\\ai_assistant.php","line":1397}
[2026-04-08 15:11:57.000000] [WARNING] Undefined array key "melting_point" | File: logger.php:438 | User: guest | {"php_error":true,"severity":2,"file":"C:\\xampp\\htdocs\\v1\\api\\ai_assistant.php","line":1391}
[2026-04-08 15:11:57.000000] [WARNING] Undefined array key "boiling_point" | File: logger.php:438 | User: guest | {"php_error":true,"severity":2,"file":"C:\\xampp\\htdocs\\v1\\api\\ai_assistant.php","line":1392}
[2026-04-08 15:11:57.000000] [WARNING] Undefined array key "density" | File: logger.php:438 | User: guest | {"php_error":true,"severity":2,"file":"C:\\xampp\\htdocs\\v1\\api\\ai_assistant.php","line":1393}
[2026-04-08 15:11:57.000000] [WARNING] Undefined array key "vapor_pressure" | File: logger.php:438 | User: guest | {"php_error":true,"severity":2,"file":"C:\\xampp\\htdocs\\v1\\api\\ai_assistant.php","line":1395}
[2026-04-08 15:11:57.000000] [WARNING] Undefined array key "flash_point" | File: logger.php:438 | User: guest | {"php_error":true,"severity":2,"file":"C:\\xampp\\htdocs\\v1\\api\\ai_assistant.php","line":1396}
[2026-04-08 15:11:57.000000] [WARNING] Undefined array key "auto_ignition_temp" | File: logger.php:438 | User: guest | {"php_error":true,"severity":2,"file":"C:\\xampp\\htdocs\\v1\\api\\ai_assistant.php","line":1397}
[2026-04-08 15:14:29.000000] [WARNING] Undefined array key "melting_point" | File: logger.php:438 | User: guest | {"php_error":true,"severity":2,"file":"C:\\xampp\\htdocs\\v1\\api\\ai_assistant.php","line":1391}
[2026-04-08 15:14:29.000000] [WARNING] Undefined array key "boiling_point" | File: logger.php:438 | User: guest | {"php_error":true,"severity":2,"file":"C:\\xampp\\htdocs\\v1\\api\\ai_assistant.php","line":1392}
[2026-04-08 15:14:29.000000] [WARNING] Undefined array key "density" | File: logger.php:438 | User: guest | {"php_error":true,"severity":2,"file":"C:\\xampp\\htdocs\\v1\\api\\ai_assistant.php","line":1393}
[2026-04-08 15:14:29.000000] [WARNING] Undefined array key "vapor_pressure" | File: logger.php:438 | User: guest | {"php_error":true,"severity":2,"file":"C:\\xampp\\htdocs\\v1\\api\\ai_assistant.php","line":1395}
[2026-04-08 15:14:29.000000] [WARNING] Undefined array key "flash_point" | File: logger.php:438 | User: guest | {"php_error":true,"severity":2,"file":"C:\\xampp\\htdocs\\v1\\api\\ai_assistant.php","line":1396}
[2026-04-08 15:14:29.000000] [WARNING] Undefined array key "auto_ignition_temp" | File: logger.php:438 | User: guest | {"php_error":true,"severity":2,"file":"C:\\xampp\\htdocs\\v1\\api\\ai_assistant.php","line":1397}
[2026-04-08 15:14:39.000000] [WARNING] Undefined array key "melting_point" | File: logger.php:438 | User: guest | {"php_error":true,"severity":2,"file":"C:\\xampp\\htdocs\\v1\\api\\ai_assistant.php","line":1391}
[2026-04-08 15:14:39.000000] [WARNING] Undefined array key "boiling_point" | File: logger.php:438 | User: guest | {"php_error":true,"severity":2,"file":"C:\\xampp\\htdocs\\v1\\api\\ai_assistant.php","line":1392}
[2026-04-08 15:14:39.000000] [WARNING] Undefined array key "density" | File: logger.php:438 | User: guest | {"php_error":true,"severity":2,"file":"C:\\xampp\\htdocs\\v1\\api\\ai_assistant.php","line":1393}
[2026-04-08 15:14:39.000000] [WARNING] Undefined array key "vapor_pressure" | File: logger.php:438 | User: guest | {"php_error":true,"severity":2,"file":"C:\\xampp\\htdocs\\v1\\api\\ai_assistant.php","line":1395}
[2026-04-08 15:14:39.000000] [WARNING] Undefined array key "flash_point" | File: logger.php:438 | User: guest | {"php_error":true,"severity":2,"file":"C:\\xampp\\htdocs\\v1\\api\\ai_assistant.php","line":1396}
[2026-04-08 15:14:39.000000] [WARNING] Undefined array key "auto_ignition_temp" | File: logger.php:438 | User: guest | {"php_error":true,"severity":2,"file":"C:\\xampp\\htdocs\\v1\\api\\ai_assistant.php","line":1397}
[2026-04-21 11:03:23.000000] [CRITICAL] Uncaught Exception: SQLSTATE[23000]: Integrity constraint violation: 1451 Cannot delete or update a parent row: a foreign key constraint fails (`chem_inventory_db`.`containers`, CONSTRAINT `containers_ibfk_3` FOREIGN KEY (`lab_id`) REFERENCES `labs` (`id`)) | File: logger.php:85 | User: guest | {"exception":{"class":"PDOException","code":"23000","file":"C:\\xampp\\htdocs\\v1\\includes\\database.php","line":100,"trace":"#0 C:\\xampp\\htdocs\\v1\\includes\\database.php(100): PDOStatement->execute()\n#1 C:\\xampp\\htdocs\\v1\\setup_room_access.php(29): Database::query('DELETE FROM lab...')\n#2 {main}"}}
[2026-04-21 11:03:26.000000] [CRITICAL] Uncaught Exception: SQLSTATE[23000]: Integrity constraint violation: 1451 Cannot delete or update a parent row: a foreign key constraint fails (`chem_inventory_db`.`containers`, CONSTRAINT `containers_ibfk_3` FOREIGN KEY (`lab_id`) REFERENCES `labs` (`id`)) | File: logger.php:85 | User: guest | {"exception":{"class":"PDOException","code":"23000","file":"C:\\xampp\\htdocs\\v1\\includes\\database.php","line":100,"trace":"#0 C:\\xampp\\htdocs\\v1\\includes\\database.php(100): PDOStatement->execute()\n#1 C:\\xampp\\htdocs\\v1\\setup_room_access.php(29): Database::query('DELETE FROM lab...')\n#2 {main}"}}
[2026-04-21 11:03:29.000000] [CRITICAL] Uncaught Exception: SQLSTATE[23000]: Integrity constraint violation: 1451 Cannot delete or update a parent row: a foreign key constraint fails (`chem_inventory_db`.`containers`, CONSTRAINT `containers_ibfk_3` FOREIGN KEY (`lab_id`) REFERENCES `labs` (`id`)) | File: logger.php:85 | User: guest | {"exception":{"class":"PDOException","code":"23000","file":"C:\\xampp\\htdocs\\v1\\includes\\database.php","line":100,"trace":"#0 C:\\xampp\\htdocs\\v1\\includes\\database.php(100): PDOStatement->execute()\n#1 C:\\xampp\\htdocs\\v1\\setup_room_access.php(29): Database::query('DELETE FROM lab...')\n#2 {main}"}}
[2026-04-21 11:13:03.000000] [CRITICAL] Uncaught Exception: SQLSTATE[23000]: Integrity constraint violation: 1451 Cannot delete or update a parent row: a foreign key constraint fails (`chem_inventory_db`.`containers`, CONSTRAINT `containers_ibfk_3` FOREIGN KEY (`lab_id`) REFERENCES `labs` (`id`)) | File: logger.php:85 | User: guest | {"exception":{"class":"PDOException","code":"23000","file":"C:\\xampp\\htdocs\\v1\\includes\\database.php","line":100,"trace":"#0 C:\\xampp\\htdocs\\v1\\includes\\database.php(100): PDOStatement->execute()\n#1 C:\\xampp\\htdocs\\v1\\setup_room_access.php(29): Database::query('DELETE FROM lab...')\n#2 {main}"}}
[2026-04-21 11:16:39.000000] [CRITICAL] Uncaught Exception: SQLSTATE[23000]: Integrity constraint violation: 1451 Cannot delete or update a parent row: a foreign key constraint fails (`chem_inventory_db`.`containers`, CONSTRAINT `containers_ibfk_3` FOREIGN KEY (`lab_id`) REFERENCES `labs` (`id`)) | File: logger.php:85 | User: guest | {"exception":{"class":"PDOException","code":"23000","file":"C:\\xampp\\htdocs\\v1\\includes\\database.php","line":100,"trace":"#0 C:\\xampp\\htdocs\\v1\\includes\\database.php(100): PDOStatement->execute()\n#1 C:\\xampp\\htdocs\\v1\\setup_room_access.php(29): Database::query('DELETE FROM lab...')\n#2 {main}"}}
[2026-04-21 11:17:49.000000] [CRITICAL] Uncaught Exception: SQLSTATE[23000]: Integrity constraint violation: 1451 Cannot delete or update a parent row: a foreign key constraint fails (`chem_inventory_db`.`containers`, CONSTRAINT `containers_ibfk_3` FOREIGN KEY (`lab_id`) REFERENCES `labs` (`id`)) | File: logger.php:85 | User: guest | {"exception":{"class":"PDOException","code":"23000","file":"C:\\xampp\\htdocs\\v1\\includes\\database.php","line":100,"trace":"#0 C:\\xampp\\htdocs\\v1\\includes\\database.php(100): PDOStatement->execute()\n#1 C:\\xampp\\htdocs\\v1\\setup_room_access.php(29): Database::query('DELETE FROM lab...')\n#2 {main}"}}
[2026-04-21 11:20:04.000000] [CRITICAL] Fatal Error: Uncaught PDOException: SQLSTATE[23000]: Integrity constraint violation: 1451 Cannot delete or update a parent row: a foreign key constraint fails (`chem_inventory_db`.`containers`, CONSTRAINT `containers_ibfk_3` FOREIGN KEY (`lab_id`) REFERENCES `labs` (`id`)) in C:\xampp\htdocs\v1\includes\database.php:100
Stack trace:
#0 C:\xampp\htdocs\v1\includes\database.php(100): PDOStatement->execute()
#1 C:\xampp\htdocs\v1\setup_room_access.php(29): Database::query('DELETE FROM lab...')
#2 Command line code(1): require_once('C:\\xampp\\htdocs...')
#3 {main}
  thrown | File: logger.php:85 | User: guest | {"fatal_error":true,"type":1,"file":"C:\\xampp\\htdocs\\v1\\includes\\database.php","line":100}
[2026-04-22 03:03:03.000000] [CRITICAL] Fatal Error: Uncaught Exception: Database connection failed. Please try again later. in C:\xampp\htdocs\v1\includes\database.php:54
Stack trace:
#0 C:\xampp\htdocs\v1\includes\database.php(81): Database::getInstance()
#1 C:\xampp\htdocs\v1\includes\database.php(111): Database::query('SHOW COLUMNS FR...', Array)
#2 Command line code(3): Database::fetchAll('SHOW COLUMNS FR...')
#3 {main}
  thrown | File: logger.php:85 | User: guest | {"fatal_error":true,"type":1,"file":"C:\\xampp\\htdocs\\v1\\includes\\database.php","line":54}
[2026-05-19 14:37:28.000000] [WARNING] Undefined array key "melting_point" | File: logger.php:438 | User: guest | {"php_error":true,"severity":2,"file":"C:\\xampp\\htdocs\\v1\\api\\ai_assistant.php","line":1391}
[2026-05-19 14:37:28.000000] [WARNING] Undefined array key "boiling_point" | File: logger.php:438 | User: guest | {"php_error":true,"severity":2,"file":"C:\\xampp\\htdocs\\v1\\api\\ai_assistant.php","line":1392}
[2026-05-19 14:37:28.000000] [WARNING] Undefined array key "density" | File: logger.php:438 | User: guest | {"php_error":true,"severity":2,"file":"C:\\xampp\\htdocs\\v1\\api\\ai_assistant.php","line":1393}
[2026-05-19 14:37:28.000000] [WARNING] Undefined array key "vapor_pressure" | File: logger.php:438 | User: guest | {"php_error":true,"severity":2,"file":"C:\\xampp\\htdocs\\v1\\api\\ai_assistant.php","line":1395}
[2026-05-19 14:37:28.000000] [WARNING] Undefined array key "flash_point" | File: logger.php:438 | User: guest | {"php_error":true,"severity":2,"file":"C:\\xampp\\htdocs\\v1\\api\\ai_assistant.php","line":1396}
[2026-05-19 14:37:28.000000] [WARNING] Undefined array key "auto_ignition_temp" | File: logger.php:438 | User: guest | {"php_error":true,"severity":2,"file":"C:\\xampp\\htdocs\\v1\\api\\ai_assistant.php","line":1397}
[2026-06-01 09:33:16.000000] [CRITICAL] Uncaught Exception: Database connection failed. Please try again later. | File: logger.php:85 | User: guest | {"exception":{"class":"Exception","code":0,"file":"C:\\xampp\\htdocs\\v1\\includes\\database.php","line":54,"trace":"#0 C:\\xampp\\htdocs\\v1\\includes\\database.php(81): Database::getInstance()\n#1 C:\\xampp\\htdocs\\v1\\includes\\database.php(105): Database::query('SELECT setting_...', Array)\n#2 C:\\xampp\\htdocs\\v1\\pages\\login.php(14): Database::fetch('SELECT setting_...', Array)\n#3 C:\\xampp\\htdocs\\v1\\index.php(17): include('C:\\\\xampp\\\\htdocs...')\n#4 {main}"}}
[2026-06-01 16:15:37.000000] [CRITICAL] Uncaught Exception: sort(): Argument #1 ($array) cannot be passed by reference | File: logger.php:85 | User: guest | {"exception":{"class":"Error","code":0,"file":"C:\\xampp\\htdocs\\v1\\api\\chemicals.php","line":633,"trace":"#0 C:\\xampp\\htdocs\\v1\\api\\chemicals.php(541): parsePubchemGhs(Array)\n#1 C:\\xampp\\htdocs\\v1\\api\\chemicals.php(279): fetchGhsData(Array)\n#2 C:\\xampp\\htdocs\\v1\\api\\chemicals.php(22): handlePost('fetch_ghs_data', Array, true, true)\n#3 {main}"}}
[2026-06-01 16:15:44.000000] [CRITICAL] Uncaught Exception: sort(): Argument #1 ($array) cannot be passed by reference | File: logger.php:85 | User: guest | {"exception":{"class":"Error","code":0,"file":"C:\\xampp\\htdocs\\v1\\api\\chemicals.php","line":633,"trace":"#0 C:\\xampp\\htdocs\\v1\\api\\chemicals.php(541): parsePubchemGhs(Array)\n#1 C:\\xampp\\htdocs\\v1\\api\\chemicals.php(279): fetchGhsData(Array)\n#2 C:\\xampp\\htdocs\\v1\\api\\chemicals.php(22): handlePost('fetch_ghs_data', Array, true, true)\n#3 {main}"}}
[2026-06-01 16:18:07.000000] [CRITICAL] Uncaught Exception: sort(): Argument #1 ($array) cannot be passed by reference | File: logger.php:85 | User: guest | {"exception":{"class":"Error","code":0,"file":"C:\\xampp\\htdocs\\v1\\api\\chemicals.php","line":634,"trace":"#0 C:\\xampp\\htdocs\\v1\\api\\chemicals.php(542): parsePubchemGhs(Array)\n#1 C:\\xampp\\htdocs\\v1\\api\\chemicals.php(280): fetchGhsData(Array)\n#2 C:\\xampp\\htdocs\\v1\\api\\chemicals.php(22): handlePost('fetch_ghs_data', Array, true, true)\n#3 {main}"}}
[2026-06-01 16:25:31.000000] [CRITICAL] Uncaught Exception: sort(): Argument #1 ($array) cannot be passed by reference | File: logger.php:85 | User: guest | {"exception":{"class":"Error","code":0,"file":"C:\\xampp\\htdocs\\v1\\api\\chemicals.php","line":634,"trace":"#0 C:\\xampp\\htdocs\\v1\\api\\chemicals.php(542): parsePubchemGhs(Array)\n#1 C:\\xampp\\htdocs\\v1\\api\\chemicals.php(280): fetchGhsData(Array)\n#2 C:\\xampp\\htdocs\\v1\\api\\chemicals.php(22): handlePost('fetch_ghs_data', Array, true, true)\n#3 {main}"}}
[2026-06-01 21:58:17.000000] [CRITICAL] Uncaught Exception: SQLSTATE[42S22]: Column not found: 1054 Unknown column 'role' in 'where clause' | File: logger.php:85 | User: guest | {"exception":{"class":"PDOException","code":"42S22","file":"C:\\xampp\\htdocs\\v1\\includes\\database.php","line":100,"trace":"#0 C:\\xampp\\htdocs\\v1\\includes\\database.php(100): PDOStatement->execute()\n#1 C:\\xampp\\htdocs\\v1\\includes\\database.php(105): Database::query('SELECT id FROM ...', Array)\n#2 C:\\xampp\\htdocs\\v1\\scripts\\sds_downloader.php(133): Database::fetch('SELECT id FROM ...')\n#3 C:\\xampp\\htdocs\\v1\\scripts\\sds_downloader.php(496): getAdminUserId()\n#4 {main}"}}
[2026-06-01 21:59:15.000000] [CRITICAL] Uncaught Exception: SQLSTATE[42S22]: Column not found: 1054 Unknown column 'role' in 'where clause' | File: logger.php:85 | User: guest | {"exception":{"class":"PDOException","code":"42S22","file":"C:\\xampp\\htdocs\\v1\\includes\\database.php","line":100,"trace":"#0 C:\\xampp\\htdocs\\v1\\includes\\database.php(100): PDOStatement->execute()\n#1 C:\\xampp\\htdocs\\v1\\includes\\database.php(105): Database::query('SELECT id FROM ...', Array)\n#2 C:\\xampp\\htdocs\\v1\\scripts\\sds_downloader.php(133): Database::fetch('SELECT id FROM ...')\n#3 C:\\xampp\\htdocs\\v1\\scripts\\sds_downloader.php(496): getAdminUserId()\n#4 {main}"}}
[2026-06-01 22:00:13.000000] [CRITICAL] Uncaught Exception: SQLSTATE[42S22]: Column not found: 1054 Unknown column 'role' in 'where clause' | File: logger.php:85 | User: guest | {"exception":{"class":"PDOException","code":"42S22","file":"C:\\xampp\\htdocs\\v1\\includes\\database.php","line":100,"trace":"#0 C:\\xampp\\htdocs\\v1\\includes\\database.php(100): PDOStatement->execute()\n#1 C:\\xampp\\htdocs\\v1\\includes\\database.php(105): Database::query('SELECT id FROM ...', Array)\n#2 C:\\xampp\\htdocs\\v1\\scripts\\sds_downloader.php(133): Database::fetch('SELECT id FROM ...')\n#3 C:\\xampp\\htdocs\\v1\\scripts\\sds_downloader.php(496): getAdminUserId()\n#4 {main}"}}
[2026-06-01 22:01:17.000000] [CRITICAL] Uncaught Exception: SQLSTATE[42S22]: Column not found: 1054 Unknown column 'role' in 'where clause' | File: logger.php:85 | User: guest | {"exception":{"class":"PDOException","code":"42S22","file":"C:\\xampp\\htdocs\\v1\\includes\\database.php","line":100,"trace":"#0 C:\\xampp\\htdocs\\v1\\includes\\database.php(100): PDOStatement->execute()\n#1 C:\\xampp\\htdocs\\v1\\includes\\database.php(105): Database::query('SELECT id FROM ...', Array)\n#2 C:\\xampp\\htdocs\\v1\\scripts\\sds_downloader.php(133): Database::fetch('SELECT id FROM ...')\n#3 C:\\xampp\\htdocs\\v1\\scripts\\sds_downloader.php(496): getAdminUserId()\n#4 {main}"}}
[2026-06-01 22:04:39.000000] [CRITICAL] Uncaught Exception: SQLSTATE[42S22]: Column not found: 1054 Unknown column 'role' in 'where clause' | File: logger.php:85 | User: guest | {"exception":{"class":"PDOException","code":"42S22","file":"C:\\xampp\\htdocs\\v1\\includes\\database.php","line":100,"trace":"#0 C:\\xampp\\htdocs\\v1\\includes\\database.php(100): PDOStatement->execute()\n#1 C:\\xampp\\htdocs\\v1\\includes\\database.php(105): Database::query('SELECT id FROM ...', Array)\n#2 C:\\xampp\\htdocs\\v1\\scripts\\sds_downloader.php(137): Database::fetch('SELECT id FROM ...')\n#3 C:\\xampp\\htdocs\\v1\\scripts\\sds_downloader.php(527): getAdminUserId()\n#4 {main}"}}
[2026-06-01 22:04:54.000000] [CRITICAL] Uncaught Exception: SQLSTATE[42S22]: Column not found: 1054 Unknown column 'role' in 'where clause' | File: logger.php:85 | User: guest | {"exception":{"class":"PDOException","code":"42S22","file":"C:\\xampp\\htdocs\\v1\\includes\\database.php","line":100,"trace":"#0 C:\\xampp\\htdocs\\v1\\includes\\database.php(100): PDOStatement->execute()\n#1 C:\\xampp\\htdocs\\v1\\includes\\database.php(105): Database::query('SELECT id FROM ...', Array)\n#2 C:\\xampp\\htdocs\\v1\\scripts\\sds_downloader.php(137): Database::fetch('SELECT id FROM ...')\n#3 C:\\xampp\\htdocs\\v1\\scripts\\sds_downloader.php(527): getAdminUserId()\n#4 {main}"}}
[2026-06-01 22:05:16.000000] [CRITICAL] Uncaught Exception: SQLSTATE[42S22]: Column not found: 1054 Unknown column 'role' in 'where clause' | File: logger.php:85 | User: guest | {"exception":{"class":"PDOException","code":"42S22","file":"C:\\xampp\\htdocs\\v1\\includes\\database.php","line":100,"trace":"#0 C:\\xampp\\htdocs\\v1\\includes\\database.php(100): PDOStatement->execute()\n#1 C:\\xampp\\htdocs\\v1\\includes\\database.php(105): Database::query('SELECT id FROM ...', Array)\n#2 C:\\xampp\\htdocs\\v1\\scripts\\sds_downloader.php(137): Database::fetch('SELECT id FROM ...')\n#3 C:\\xampp\\htdocs\\v1\\scripts\\sds_downloader.php(527): getAdminUserId()\n#4 {main}"}}
[2026-06-01 22:06:24.000000] [CRITICAL] Uncaught Exception: SQLSTATE[42S22]: Column not found: 1054 Unknown column 'role' in 'where clause' | File: logger.php:85 | User: guest | {"exception":{"class":"PDOException","code":"42S22","file":"C:\\xampp\\htdocs\\v1\\includes\\database.php","line":100,"trace":"#0 C:\\xampp\\htdocs\\v1\\includes\\database.php(100): PDOStatement->execute()\n#1 C:\\xampp\\htdocs\\v1\\includes\\database.php(105): Database::query('SELECT id FROM ...', Array)\n#2 C:\\xampp\\htdocs\\v1\\scripts\\sds_downloader.php(137): Database::fetch('SELECT id FROM ...')\n#3 C:\\xampp\\htdocs\\v1\\scripts\\sds_downloader.php(527): getAdminUserId()\n#4 {main}"}}
[2026-06-01 22:06:53.000000] [CRITICAL] Fatal Error: Uncaught PDOException: SQLSTATE[42S22]: Column not found: 1054 Unknown column 'role' in 'where clause' in C:\xampp\htdocs\v1\includes\database.php:100
Stack trace:
#0 C:\xampp\htdocs\v1\includes\database.php(100): PDOStatement->execute()
#1 C:\xampp\htdocs\v1\includes\database.php(105): Database::query('SELECT id FROM ...', Array)
#2 Command line code(5): Database::fetch('SELECT id FROM ...')
#3 {main}
  thrown | File: logger.php:85 | User: guest | {"fatal_error":true,"type":1,"file":"C:\\xampp\\htdocs\\v1\\includes\\database.php","line":100}
[2026-06-04 10:44:35.000000] [CRITICAL] Uncaught Exception: SQLSTATE[23000]: Integrity constraint violation: 1052 Column 'id' in field list is ambiguous | File: logger.php:85 | User: guest | {"exception":{"class":"PDOException","code":"23000","file":"C:\\xampp\\htdocs\\v1\\includes\\database.php","line":100,"trace":"#0 C:\\xampp\\htdocs\\v1\\includes\\database.php(100): PDOStatement->execute()\n#1 C:\\xampp\\htdocs\\v1\\includes\\database.php(111): Database::query('SELECT id, bott...', Array)\n#2 C:\\Users\\Admin\\AppData\\Local\\Temp\\chkdon9.php(10): Database::fetchAll('SELECT id, bott...')\n#3 {main}"}}
[2026-06-04 10:45:54.000000] [CRITICAL] Uncaught Exception: Call to undefined method Database::getConnection() | File: logger.php:85 | User: guest | {"exception":{"class":"Error","code":0,"file":"C:\\xampp\\htdocs\\v1\\fix_donation_schema.php","line":5,"trace":"#0 {main}"}}
[2026-06-04 10:46:31.000000] [CRITICAL] Uncaught Exception: Call to undefined method Database::getConnection() | File: logger.php:85 | User: guest | {"exception":{"class":"Error","code":0,"file":"C:\\xampp\\htdocs\\v1\\fix2.php","line":4,"trace":"#0 {main}"}}
[2026-06-04 10:46:52.000000] [CRITICAL] Uncaught Exception: Call to undefined method Database::getConnection() | File: logger.php:85 | User: guest | {"exception":{"class":"Error","code":0,"file":"C:\\xampp\\htdocs\\v1\\fix3.php","line":6,"trace":"#0 {main}"}}
[2026-06-04 10:47:37.000000] [CRITICAL] Uncaught Exception: Call to undefined method Database::getConnection() | File: logger.php:85 | User: guest | {"exception":{"class":"Error","code":0,"file":"C:\\xampp\\htdocs\\v1\\fix5.php","line":6,"trace":"#0 {main}"}}
[2026-06-04 10:47:48.000000] [CRITICAL] Fatal Error: Uncaught Error: Call to undefined method Database::getConnection() in Command line code:4
Stack trace:
#0 {main}
  thrown | File: logger.php:85 | User: guest | {"fatal_error":true,"type":1,"file":"Command line code","line":4}
[2026-06-04 10:48:25.000000] [CRITICAL] Uncaught Exception: Call to undefined method Database::getConnection() | File: logger.php:85 | User: guest | {"exception":{"class":"Error","code":0,"file":"C:\\xampp\\htdocs\\v1\\fixschema.php","line":6,"trace":"#0 {main}"}}
[2026-06-04 10:48:40.000000] [CRITICAL] Uncaught Exception: Call to undefined method Database::getConnection() | File: logger.php:85 | User: guest | {"exception":{"class":"Error","code":0,"file":"C:\\xampp\\htdocs\\v1\\fixschema.php","line":6,"trace":"#0 {main}"}}
[2026-06-04 10:50:05.000000] [CRITICAL] Uncaught Exception: Call to undefined method Database::getConnection() | File: logger.php:85 | User: guest | {"exception":{"class":"Error","code":0,"file":"C:\\xampp\\htdocs\\v1\\fixschema.php","line":6,"trace":"#0 {main}"}}
[2026-06-04 10:50:19.000000] [CRITICAL] Uncaught Exception: Call to undefined method Database::getConnection() | File: logger.php:85 | User: guest | {"exception":{"class":"Error","code":0,"file":"C:\\xampp\\htdocs\\v1\\fixschema.php","line":6,"trace":"#0 {main}"}}
[2026-06-04 10:50:29.000000] [CRITICAL] Uncaught Exception: Call to undefined method Database::getConnection() | File: logger.php:85 | User: guest | {"exception":{"class":"Error","code":0,"file":"C:\\xampp\\htdocs\\v1\\fixschema.php","line":6,"trace":"#0 {main}"}}
[2026-06-04 10:51:23.000000] [CRITICAL] Uncaught Exception: Call to undefined method Database::getConnection() | File: logger.php:85 | User: guest | {"exception":{"class":"Error","code":0,"file":"C:\\xampp\\htdocs\\v1\\fixschema.php","line":6,"trace":"#0 {main}"}}
[2026-06-04 10:51:31.000000] [CRITICAL] Uncaught Exception: Call to undefined method Database::getConnection() | File: logger.php:85 | User: guest | {"exception":{"class":"Error","code":0,"file":"C:\\xampp\\htdocs\\v1\\fixschema.php","line":6,"trace":"#0 {main}"}}
[2026-06-04 10:51:45.000000] [CRITICAL] Uncaught Exception: Call to undefined method Database::getConnection() | File: logger.php:85 | User: guest | {"exception":{"class":"Error","code":0,"file":"C:\\xampp\\htdocs\\v1\\fixschema.php","line":6,"trace":"#0 {main}"}}
[2026-06-04 10:52:02.000000] [CRITICAL] Uncaught Exception: Call to undefined method Database::getConnection() | File: logger.php:85 | User: guest | {"exception":{"class":"Error","code":0,"file":"C:\\xampp\\htdocs\\v1\\fixschema.php","line":6,"trace":"#0 {main}"}}
[2026-06-04 10:52:57.000000] [CRITICAL] Uncaught Exception: Call to undefined method Database::getConnection() | File: logger.php:85 | User: guest | {"exception":{"class":"Error","code":0,"file":"C:\\xampp\\htdocs\\v1\\fixschema.php","line":14,"trace":"#0 {main}"}}
[2026-06-04 16:55:28.000000] [CRITICAL] Fatal Error: Uncaught Error: Call to undefined method Database::getConnection() in Command line code:1
Stack trace:
#0 {main}
  thrown | File: logger.php:85 | User: guest | {"fatal_error":true,"type":1,"file":"Command line code","line":1}
