[OK] id=1 cid=313 signal=Danger pics=GHS04,GHS05,GHS06,GHS07,GHS08,GHS09 query=7647-01-0
[OK] id=2 cid=1118 signal=Danger pics=GHS05,GHS06,GHS08,GHS09 query=7664-93-9
[OK] id=3 cid=176 signal=Danger pics=GHS02,GHS05,GHS07,GHS08 query=64-19-7
[OK] id=4 cid=14798 signal=Danger pics=GHS05,GHS07,GHS08 query=1310-73-2
[OK] id=5 cid=14923 signal=Danger pics=GHS05,GHS06,GHS07,GHS08,GHS09 query=1336-21-6
[OK] id=6 cid=180 signal=Danger pics=GHS02,GHS07,GHS08 query=67-64-1
[OK] id=7 cid=702 signal=Danger pics=GHS02,GHS07,GHS08 query=64-17-5
[OK] id=8 cid=3776 signal=Danger pics=GHS02,GHS05,GHS07,GHS08,GHS09 query=67-63-0
[OK] id=9 cid=6344 signal=Danger pics=GHS07,GHS08 query=75-09-2
[OK] id=10 cid=712 signal=Danger pics=GHS02,GHS04,GHS05,GHS06,GHS07,GHS08 query=50-00-0
[OK] id=11 cid=1140 signal=Danger pics=GHS02,GHS07,GHS08 query=108-88-3
[EMPTY] id=12 cid=4873 query=7447-40-7
[OK] id=13 cid=5234 signal=Danger pics=GHS05,GHS07 query=7647-14-5
[EMPTY] id=14 cid=23831 query=9005-49-6
[OK] id=15 cid=24526 signal=Danger pics=GHS03,GHS04,GHS05,GHS06,GHS07,GHS08,GHS09 query=7782-50-5
[OK] id=16 cid=222 signal=Danger pics=GHS02,GHS04,GHS05,GHS06,GHS07,GHS08,GHS09 query=7664-41-7
[OK] id=17 cid=6348 signal=Danger pics=GHS02,GHS06,GHS07,GHS08,GHS09 query=75-15-0
[NOTFOUND] id=26 query=9075-67-6
[NOTFOUND] id=241 query=8008-63-7
[OK] id=287 cid=32793 signal=Warning pics=GHS07,GHS08,GHS09 query=25103-58-6
[NOTFOUND] id=292 query=20211-76-1
[NOTFOUND] id=295 query=63394-02-5
[NOTFOUND] id=373 query=8006-54-0
[NOTFOUND] id=375 query=11078-31-2
[NOTFOUND] id=390 query=8001-79-4
[NOTFOUND] id=399 query=8000-48-4
[NOTFOUND] id=417 query=84843-69-6
[EMPTY] id=500 cid=135337197 query=9000-85-5
[OK] id=507 cid=24850 signal=Danger pics=GHS05,GHS07 query=17927-65-0
[EMPTY] id=510 cid=9546757 query=4004-05-1
[NOTFOUND] id=518 query=10060-12-5
[NOTFOUND] id=585 query=37326-33-3
[EMPTY] id=608 cid=121596710 query=7753-56-2
[EMPTY] id=638 cid=54691414 query=63524-04-9
[NOTFOUND] id=639 query=61790-53-2
[NOTFOUND] id=755 query=81029-05-2
[EMPTY] id=770 cid=19700 query=3844-45-9
[EMPTY] id=771 cid=164825 query=1934-21-0
[EMPTY] id=772 cid=17466 query=2611-82-7
[EMPTY] id=773 cid=19118 query=3567-69-9
[OK] id=783 cid=8657 signal=Danger pics=GHS02,GHS07,GHS08,GHS09 query=25340-17-4
[OK] id=784 cid=171144 signal=Danger pics=GHS05 query=27193-86-8
[EMPTY] id=789 cid=17749098 query=29932-54-5
[NOTFOUND] id=809 query=68990-09-0
[EMPTY] id=830 cid=12087397 query=71206-95-6
[EMPTY] id=831 cid=358901 query=10351-88-9
[NOTFOUND] id=838 query=8002-50-4
[EMPTY] id=842 cid=159413 query=12037-29-5
[EMPTY] id=845 cid=82686 query=10510-54-0
[EMPTY] id=847 cid=203081 query=13759-83-6
[NOTFOUND] id=850 query=43086-58-4
[EMPTY] id=856 cid=57358310 query=61043-41-2
[NOTFOUND] id=857 query=68513-95-1
[EMPTY] id=858 cid=15325150 query=39001-65-5
[EMPTY] id=859 cid=135421174 query=116453-73-7
[EMPTY] id=861 cid=86280046 query=917-23-7
[EMPTY] id=863 cid=3646652 query=39001-64-4
[EMPTY] id=865 cid=4659299 query=214078-92-9
[EMPTY] id=871 cid=102544 query=1034-10-2
[EMPTY] id=872 cid=56978866 query=11139-85-8
[NOTFOUND] id=874 query=25038-59-9
[NOTFOUND] id=875 query=85597-60-0
[NOTFOUND] id=894 query=9059-09-0
[NOTFOUND] id=895 query=9014-56-6
[EMPTY] id=900 cid=10313226 query=31828-68-9
[NOTFOUND] id=919 query=16961-25-4
[EMPTY] id=921 cid=7275400 query=18422-53-2
[EMPTY] id=926 cid=16217011 query=28393-01-3
[EMPTY] id=927 cid=54686904 query=220620-09-7
[NOTFOUND] id=937 query=8001-22-7
[EMPTY] id=938 cid=15488999 query=97281-52-2
[EMPTY] id=949 cid=123608 query=5451-09-2
[EMPTY] id=951 cid=2802070 query=19165-11-8
[NOTFOUND] id=953 query=9002-13-5
[EMPTY] id=954 cid=168010059 query=9031-79-2
[EMPTY] id=956 cid=3769888 query=8064-60-6
[NOTFOUND] id=960 query=9001-81-4
[NOTFOUND] id=962 query=9026-22-6
[EMPTY] id=964 cid=4971 query=553-12-8
[EMPTY] id=968 cid=81732 query=7300-59-6
[NOTFOUND] id=971 query=9026-00-0
[NOTFOUND] id=974 query=69011-17-2
[NOTFOUND] id=978 query=11081-40-6
[NOTFOUND] id=983 query=40591-57-9
[EMPTY] id=987 cid=16219818 query=27378-49-0
[OK] id=988 cid=13360 signal=Danger pics=GHS07,GHS08 query=25249-16-5
[EMPTY] id=1008 cid=231181 query=1393-92-6
[NOTFOUND] id=1009 query=106096-93-9
[NOTFOUND] id=1010 query=66071-94-1
[EMPTY] id=1027 cid=124005 query=34620-76-3
[EMPTY] id=1029 cid=101220 query=2051-07-2
[NOTFOUND] id=1032 query=54724-00-4
[NOTFOUND] id=1033 query=1415-93-6
[NOTFOUND] id=1045 query=9036-06-0
[EMPTY] id=1055 cid=24751 query=106392-12-5
[NOTFOUND] id=1071 query=9041-08-1
[OK] id=1076 cid=8027 signal=Warning pics=GHS02,GHS07 query=30604-81-0
[NOTFOUND] id=1079 query=8024-32-6
[NOTFOUND] id=1080 query=8007-69-0
[OK] id=1085 cid=9369 signal=Danger pics=GHS08 query=9001-64-3
[EMPTY] id=1086 cid=857560 query=9001-60-9
[EMPTY] id=1090 cid=5486960 query=70967-97-4
[NOTFOUND] id=1092 query=9057-91-4
[NOTFOUND] id=1099 query=9011-93-2
[EMPTY] id=1101 cid=155074 query=141433-60-5
[NOTFOUND] id=1108 query=9005-67-8
[NOTFOUND] id=1109 query=9005-66-7
[EMPTY] id=1110 cid=6134 query=5965-66-2
[NOTFOUND] id=1111 query=8001-30-7
[NOTFOUND] id=1114 query=9007-34-5
[NOTFOUND] id=1116 query=9003-98-9
[NOTFOUND] id=1121 query=9000-91-3
[EMPTY] id=1128 cid=189147 query=54799-93-8
[EMPTY] id=1130 cid=13860073 query=1186-30-7
[EMPTY] id=1131 cid=14001297 query=116057-53-5
[NOTFOUND] id=1156 query=66796-30-3
[EMPTY] id=1158 cid=688505 query=143537-62-6
[EMPTY] id=1165 cid=186770 query=64709-55-3
[EMPTY] id=1166 cid=778 query=454-29-5
[NOTFOUND] id=1167 query=104934-50-1
[EMPTY] id=1168 cid=57015767 query=138184-36-8
[EMPTY] id=1169 cid=10954 query=74244-64-7
[NOTFOUND] id=1174 query=26590-05-6
[EMPTY] id=1178 cid=74778 query=1956-11-2
[NOTFOUND] id=1186 query=69-68-5
[NOTFOUND] id=1192 query=40064-34-4
[EMPTY] id=1206 cid=2723895 query=481-21-0
[NOTFOUND] id=1211 query=8021-55-4
[EMPTY] id=1214 cid=75783 query=2610-10-8
[EMPTY] id=1216 cid=5311303 query=101204-49-3
[OK] id=1222 cid=590836 signal=Danger pics=GHS08 query=68515-48-0
[NOTFOUND] id=1223 query=8012-89-3
[NOTFOUND] id=1225 query=74405-53-8
[NOTFOUND] id=1227 query=9054-89-1
[NOTFOUND] id=1228 query=9001-48-3
[EMPTY] id=1235 cid=23683295 query=76204-02-9
[EMPTY] id=1236 cid=135408741 query=492-99-9
[EMPTY] id=1237 cid=445929 query=25990-10-7
[EMPTY] id=1263 cid=85962369 query=68037-40-1
[EMPTY] id=1266 cid=390986 query=148504-34-1
[EMPTY] id=1267 cid=77033 query=3483-82-7
[EMPTY] id=1268 cid=71058124 query=70968-04-6
[EMPTY] id=1271 cid=5484223 query=52299-14-6
[NOTFOUND] id=1285 query=65997-17-3
[OK] id=1286 cid=90508 signal=Danger pics=GHS07,GHS08 query=41637-38-1
[EMPTY] id=1290 cid=70803 query=1131-61-9
[NOTFOUND] id=1297 query=12070-08-5
[NOTFOUND] id=1304 query=13759-92-7
[NOTFOUND] id=1305 query=13798-24-8
[EMPTY] id=1320 cid=11297927 query=326475-45-0
[EMPTY] id=1326 cid=17462 query=2610-11-9
[NOTFOUND] id=1331 query=25233-30-1
[NOTFOUND] id=1332 query=30030-25-2
[EMPTY] id=1335 cid=76675 query=6586-04-5
[NOTFOUND] id=1343 query=26182-60-5
[NOTFOUND] id=1344 query=130169-63-0
[NOTFOUND] id=1350 query=70693-62-8
[EMPTY] id=1367 cid=853018 query=579-43-1
[EMPTY] id=1371 cid=21953454 query=26023-84-7
[NOTFOUND] id=1372 query=9066-91-5
[EMPTY] id=1373 cid=105482 query=67627-18-3
[NOTFOUND] id=1375 query=91079-43-5
[NOTFOUND] id=1378 query=9064-57-7
[EMPTY] id=1389 cid=186136 query=30827-99-7
[OK] id=1392 cid=6369 signal=Danger pics=GHS02,GHS04,GHS07,GHS08 query=24937-79-9
[EMPTY] id=1394 cid=3083969 query=6586-05-6
[NOTFOUND] id=1395 query=558-11-2
[NOTFOUND] id=1396 query=557-80-2
[NOTFOUND] id=1397 query=104219-63-8
[EMPTY] id=1406 cid=735952 query=38026-46-9
[NOTFOUND] id=1407 query=9001-42-7
[NOTFOUND] id=1418 query=91510-62-2
[EMPTY] id=1443 cid=135465068 query=6470-98-0
[NOTFOUND] id=1452 query=84082-64-4
[NOTFOUND] id=1458 query=81295-12-7
[NOTFOUND] id=1477 query=7785-20-8
[OK] id=1479 cid=612 signal=Danger pics=GHS05,GHS07 query=26100-51-6
[EMPTY] id=1484 cid=19256 query=3625-57-8
[EMPTY] id=1486 cid=66370 query=5996-10-1
[EMPTY] id=1493 cid=125395 query=19694-02-1
[NOTFOUND] id=1501 query=26062-79-3
[NOTFOUND] id=1502 query=27988-77-8
[NOTFOUND] id=1504 query=145333-02-4
[EMPTY] id=1505 cid=11957589 query=934389-88-5
[NOTFOUND] id=1506 query=58856-93-2
[EMPTY] id=1517 cid=25504 query=12070-12-1
[NOTFOUND] id=1520 query=68954-42-7
[EMPTY] id=1521 cid=53216871 query=9050-68-4
[NOTFOUND] id=1522 query=68240-09-5
[NOTFOUND] id=1530 query=9002-17-9
[NOTFOUND] id=1533 query=9001-40-5
[NOTFOUND] id=1535 query=33068-18-7
[EMPTY] id=1537 cid=70910 query=1187-50-4
[EMPTY] id=1539 cid=2724074 query=14726-29-5
[EMPTY] id=1540 cid=92843 query=869-19-2
[EMPTY] id=1542 cid=60160999 query=104872-94-8
[EMPTY] id=1543 cid=22812950 query=26177-86-6
[EMPTY] id=1544 cid=81721 query=7298-84-2
[NOTFOUND] id=1545 query=37925-07-5
[EMPTY] id=1546 cid=168942 query=1637-73-6
[EMPTY] id=1551 cid=445468 query=923-61-5
[NOTFOUND] id=1553 query=60177-39-1
[NOTFOUND] id=1573 query=55844-94-5
[EMPTY] id=1574 cid=6030 query=27416-86-0
[EMPTY] id=1579 cid=4599240 query=108698-01-7
[EMPTY] id=1580 cid=15748573 query=61012-47-3
[OK] id=1591 cid=76173 signal=Warning pics=GHS07 query=9003-35-4
[EMPTY] id=1592 cid=135273238 query=37380-42-0
[NOTFOUND] id=1593 query=9003-69-4
[EMPTY] id=1601 cid=168009903 query=9002-70-4
[NOTFOUND] id=1604 query=9008-02-0
[EMPTY] id=1606 cid=9690702 query=623145-57-3
[EMPTY] id=1608 cid=22138113 query=17830-18-1
[EMPTY] id=1609 cid=656867 query=6101-15-1
[NOTFOUND] id=1611 query=0009-01-5
[NOTFOUND] id=1615 query=9001-57-4
[EMPTY] id=1616 cid=23694217 query=78590-17-7
[EMPTY] id=1620 cid=16219897 query=66778-08-3
[EMPTY] id=1622 cid=17749099 query=75881-23-1
[NOTFOUND] id=1623 query=8000-27-9
[NOTFOUND] id=1624 query=8007-47-4
[NOTFOUND] id=1626 query=33864-99-2
[EMPTY] id=1628 cid=72685 query=1400-62-0
[EMPTY] id=1632 cid=7083 query=92-31-9
[EMPTY] id=1633 cid=24596 query=7788-99-0
[NOTFOUND] id=1637 query=39450-01-6
[EMPTY] id=1647 cid=6421262 query=2566-90-7
[NOTFOUND] id=1656 query=68855-54-9
[EMPTY] id=1659 cid=68275 query=531-55-5
[NOTFOUND] id=1679 query=8001-25-0
[NOTFOUND] id=1684 query=8068-05-1
[NOTFOUND] id=1688 query=63231-60-7
[NOTFOUND] id=1691 query=8000-34-8
[NOTFOUND] id=1692 query=8042-47-5
[NOTFOUND] id=1693 query=14552-35-3
[EMPTY] id=1698 cid=168009960 query=102110-74-7
[OK] id=1702 cid=568 signal= pics=GHS09 query=132-64-9
[OK] id=1703 cid=2453 signal=Warning pics=GHS07 query=521-74-4
[OK] id=1704 cid=11163 signal=Warning pics=GHS07 query=556-50-3
[NOTFOUND] id=1705 query=83589-02-0
[NOTFOUND] id=1706 query=80498-17-5
[OK] id=1707 cid=41206 signal=Warning pics=GHS07,GHS08 query=54827-17-7
[OK] id=1708 cid=83874 signal=Warning pics=GHS07 query=72040-63-2
[OK] id=1709 cid=441374 signal=Danger pics=GHS08,GHS09 query=25389-94-0
[OK] id=1710 cid=6047 signal=Danger pics=GHS07,GHS08,GHS09 query=59-92-7
[OK] id=1711 cid=23664709 signal=Danger pics=GHS07,GHS08 query=113-98-4
[NOTFOUND] id=1712 query=68988-92-1
[OK] id=1713 cid=83887 signal=Warning pics=GHS07 query=1783-96-6
[OK] id=1714 cid=23327 signal=Warning pics=GHS07 query=6893-26-1
[EMPTY] id=1715 cid=111194 query=6341-24-8
[OK] id=1716 cid=71070 signal=Warning pics=GHS07 query=157-06-2
[OK] id=1717 cid=71083 signal=Warning pics=GHS07 query=351-50-8
[OK] id=1718 cid=4740 signal=Warning pics=GHS07 query=6493-05-6
[EMPTY] id=1719 cid=67678 query=56-89-3
[OK] id=1720 cid=92136 signal=Warning pics=GHS07 query=1118-90-7
[OK] id=1721 cid=9060 signal=Warning pics=GHS07 query=153-94-6
[OK] id=1722 cid=69435 signal=Warning pics=GHS07 query=632-20-2
[OK] id=1723 cid=92863 signal=Warning pics=GHS07 query=1113-41-3
[EMPTY] id=1724 cid=84815 query=348-67-4
[OK] id=1725 cid=24087 signal=Danger pics=GHS06,GHS08,GHS09 query=7488-56-4
[OK] id=1726 cid=681 signal=Warning pics=GHS07,GHS08,GHS09 query=51-61-6
[OK] id=1727 cid=2151 signal=Warning pics=GHS07 query=83-07-8
[OK] id=1728 cid=7547 signal=Warning pics=GHS09 query=101-20-2
[OK] id=1729 cid=159425 signal=Warning pics=GHS09 query=12060-58-1
[OK] id=1730 cid=5359277 signal=Warning pics=GHS07 query=87-42-3
[OK] id=1731 cid=22523 signal=Danger pics=GHS05,GHS07,GHS08 query=6146-52-7
[OK] id=1732 cid=104805 signal=Warning pics=GHS07 query=7789-77-7
[OK] id=1733 cid=19956 signal=Warning pics=GHS07 query=931-86-2
[OK] id=1734 cid=23954 signal=Danger pics=GHS07,GHS08,GHS09 query=7440-22-4
[NOTFOUND] id=1735 query=62306-27-8
[OK] id=1736 cid=159427 signal=Warning pics=GHS07,GHS09 query=12064-62-9
[OK] id=1737 cid=23932 signal=Danger pics=GHS02,GHS07,GHS08 query=7439-98-7
[NOTFOUND] id=1738 query=63148-65-2
[OK] id=1739 cid=159374 signal=Warning pics=GHS07 query=1314-36-9
[OK] id=1740 cid=9903420 signal=Warning pics=GHS07 query=1313-96-8
[OK] id=1741 cid=16211588 signal=Danger pics=GHS05,GHS07 query=13478-10-9
[OK] id=1742 cid=131750181 signal=Danger pics=GHS08 query=9066-59-5
[OK] id=1743 cid=10330532 signal=Warning pics=GHS07 query=27043-36-3
[OK] id=1744 cid=34777 signal=Warning pics=GHS07 query=626-19-7
[OK] id=1745 cid=587784 signal=Warning pics=GHS07 query=932-95-6
[NOTFOUND] id=1746 query=9060-05-3
[NOTFOUND] id=1747 query=9003-70-7
[OK] id=1748 cid=11337898 signal=Warning pics=GHS07 query=13682-61-6
[OK] id=1749 cid=64965 signal=Warning pics=GHS07,GHS08 query=298-93-1
[EMPTY] id=1750 cid=146160861 query=9032-42-2
[NOTFOUND] id=1751 query=69227-00-5
[EMPTY] id=1752 cid=16211150 query=169396-88-7
[OK] id=1753 cid=69672 signal=Warning pics=GHS07 query=696-07-1
[OK] id=1754 cid=239041 signal=Danger pics=GHS02,GHS05,GHS06,GHS07 query=2450-71-7
[OK] id=1755 cid=23702152 signal=Warning pics=GHS07 query=70331-82-7
[NOTFOUND] id=1756 query=63181-94-2
[EMPTY] id=1757 cid=66370 query=14431-43-7
[NOTFOUND] id=1758 query=127087-87-0
[NOTFOUND] id=1759 query=9005-35-0
[OK] id=1760 cid=7041 signal=Warning pics=GHS07 query=91-10-1
[OK] id=1761 cid=439503 signal=Warning pics=GHS07 query=138-52-3
[EMPTY] id=1762 cid=170358 query=5794-13-8
[EMPTY] id=1763 cid=23665719 query=5165-97-9
[OK] id=1764 cid=3744 signal=Warning pics=GHS07 query=830-96-6
[OK] id=1765 cid=1269845 signal=Danger pics=GHS08,GHS09 query=141-90-2
[NOTFOUND] id=1766 query=36877-69-7
[EMPTY] id=1767 cid=5892 query=53-84-9
[OK] id=1768 cid=3864541 signal=Danger pics=GHS07,GHS08 query=3374-05-8
[EMPTY] id=1769 cid=135403650 query=1562-90-9
[OK] id=1770 cid=261501 signal=Warning pics=GHS07 query=886-86-2
[OK] id=1771 cid=197097 signal=Danger pics=GHS05,GHS07 query=7783-83-7
[OK] id=1772 cid=17701 signal=Danger pics=GHS06,GHS09 query=2767-54-6
[OK] id=1773 cid=14236 signal=Danger pics=GHS05,GHS07,GHS08,GHS09 query=1118-46-3
[OK] id=1774 cid=10789 signal=Danger pics=GHS05,GHS07,GHS09 query=533-75-5
[OK] id=1775 cid=165866 signal=Danger pics=GHS05 query=19495-80-8
[OK] id=1776 cid=673681 signal=Warning pics=GHS07 query=38521-46-9
[OK] id=1777 cid=9082 signal=Warning pics=GHS07 query=156-57-0
[OK] id=1778 cid=23675622 signal=Warning pics=GHS07 query=6408-78-2
[OK] id=1779 cid=70248 signal=Danger pics=GHS05,GHS07,GHS08 query=24991-53-5
[NOTFOUND] id=1780 query=34513-98-9
[EMPTY] id=1781 cid=206 query=125004-35-5
[OK] id=1782 cid=20933 signal=Danger pics=GHS07,GHS08 query=4800-94-6
[OK] id=1783 cid=6019 signal=Danger pics=GHS05 query=58-56-0
[OK] id=1784 cid=9283 signal=Danger pics=GHS02,GHS07 query=298-96-4
[OK] id=1785 cid=6171 signal=Warning pics=GHS07 query=65-22-5
[OK] id=1786 cid=1054 signal=Warning pics=GHS07 query=65-23-6
[OK] id=1787 cid=17198 signal=Warning pics=GHS07 query=2478-38-8
[OK] id=1788 cid=3830 signal=Warning pics=GHS08 query=525-79-1
[OK] id=1789 cid=70677 signal=Danger pics=GHS05,GHS07 query=1107-00-2
[OK] id=1790 cid=24500 signal=Danger pics=GHS06,GHS07,GHS08,GHS09 query=7778-43-0
[OK] id=1791 cid=9605257 signal= pics=GHS09 query=13943-58-3
[OK] id=1792 cid=80351 signal=Danger pics=GHS06,GHS07 query=536-47-0
[EMPTY] id=1793 cid=165339223 query=68-19-9
[OK] id=1794 cid=4989393 signal=Warning pics=GHS07 query=2338-05-8
[EMPTY] id=1795 cid=2723854 query=860-22-0
[EMPTY] id=1796 cid=119026203 query=9000-29-7
[OK] id=1797 cid=323 signal=Danger pics=GHS06,GHS07,GHS08 query=91-64-5
[NOTFOUND] id=1798 query=53092-85-6
[OK] id=1799 cid=44134537 signal=Warning pics=GHS07 query=12228-87-4
[OK] id=1800 cid=3613184 signal=Warning pics=GHS07 query=380430-49-9
[NOTFOUND] id=1801 query=25214-39-5
[NOTFOUND] id=1802 query=25034-86-0
[OK] id=1803 cid=8758 signal=Danger pics=GHS07,GHS08,GHS09 query=139-13-9
[EMPTY] id=1804 cid=3532725 query=14216-23-0
[NOTFOUND] id=1805 query=68131-04-4
[EMPTY] id=1806 cid=12142572 query=150408-83-6
[OK] id=1807 cid=7747 signal=Warning pics=GHS07 query=105-34-0
[OK] id=1808 cid=78882 signal=Danger pics=GHS05,GHS07 query=5205-93-6
[OK] id=1809 cid=16211647 signal=Warning pics=GHS07 query=122965-43-9
[OK] id=1810 cid=538433 signal=Warning pics=GHS07 query=66990-32-7
[OK] id=1811 cid=61975 signal=Danger pics=GHS05,GHS07,GHS09 query=5657-17-0
[OK] id=1812 cid=8789 signal=Warning pics=GHS07 query=140-22-7
[OK] id=1813 cid=62449 signal=Warning pics=GHS02,GHS07,GHS08 query=2530-87-2
[OK] id=1814 cid=273 signal=Danger pics=GHS05,GHS07 query=462-94-2
[OK] id=1815 cid=135398638 signal=Warning pics=GHS07 query=68-94-0
[OK] id=1816 cid=5084102 signal=Warning pics=GHS07 query=164461-18-1
[OK] id=1817 cid=2102 signal=Warning pics=GHS07 query=28166-41-8
[OK] id=1818 cid=65132 signal=Warning pics=GHS07 query=3952-78-1
[OK] id=1819 cid=2116 signal=Warning pics=GHS07 query=10191-41-0
[OK] id=1820 cid=73026 signal=Danger pics=GHS01,GHS07 query=28230-32-2
[OK] id=1821 cid=70160 signal=Warning pics=GHS07 query=883-44-3
[OK] id=1822 cid=93021 signal=Danger pics=GHS05,GHS07,GHS08 query=6156-78-1
[OK] id=1823 cid=236334 signal=Warning pics=GHS07 query=18190-44-8
[OK] id=1824 cid=8478 signal=Danger pics=GHS05,GHS06,GHS07,GHS09 query=121-54-0
[EMPTY] id=1825 cid=135442942 query=8005-03-6
[OK] id=1826 cid=11429 signal=Warning pics=GHS07 query=584-03-2
[OK] id=1827 cid=150906 signal=Warning pics=GHS07 query=1312-81-8
[OK] id=1828 cid=13229 signal=Danger pics=GHS07,GHS08,GHS09 query=827-52-1
[NOTFOUND] id=1829 query=12028-48-7
[OK] id=1830 cid=6336629 signal=Warning pics=GHS07 query=16828-11-8
[NOTFOUND] id=1831 query=63231-69-6
[OK] id=1832 cid=171355 signal=Danger pics=GHS05 query=54549-24-5
[NOTFOUND] id=1833 query=68439-46-3
[OK] id=1834 cid=7580 signal=Warning pics=GHS09 query=101-81-5
[OK] id=1835 cid=10787 signal=Danger pics=GHS05,GHS07 query=533-73-3
[OK] id=1836 cid=7724 signal=Danger pics=GHS07,GHS08 query=104-85-8
[EMPTY] id=1837 cid=11317 query=573-98-8
[EMPTY] id=1838 cid=11396 query=582-16-1
[OK] id=1839 cid=11387 signal=Warning pics=GHS09 query=581-42-0
[EMPTY] id=1840 cid=11287 query=569-41-5
[OK] id=1841 cid=45052255 signal=Warning pics=GHS07 query=5324-84-5
[OK] id=1842 cid=16211802 signal=Warning pics=GHS07 query=207234-02-4
[OK] id=1843 cid=18669 signal=Warning pics=GHS07 query=3282-73-3
[EMPTY] id=1844 cid=753 query=25618-55-7
[OK] id=1845 cid=42953 signal=Warning pics=GHS07 query=627-82-7
[NOTFOUND] id=1846 query=1314-11-0
[EMPTY] id=1847 cid=23689119 query=142-47-2
[OK] id=1848 cid=6364575 signal=Warning pics=GHS07 query=2768-90-3
[OK] id=1849 cid=78500 signal=Warning pics=GHS07 query=4766-57-8
[OK] id=1850 cid=743 signal=Danger pics=GHS05,GHS07 query=110-94-1
[EMPTY] id=1851 cid=2724054 query=1320-06-5
[EMPTY] id=1852 cid=102248350 query=129-16-8
[OK] id=1853 cid=14900 signal= pics=GHS09 query=542-44-9
[EMPTY] id=1854 cid=5497163 query=122-32-7
[EMPTY] id=1855 cid=5497165 query=2465-32-9
[EMPTY] id=1856 cid=69310 query=621-71-6
[OK] id=1857 cid=640997 signal=Warning pics=GHS07 query=42890-76-6
[OK] id=1858 cid=10635 signal=Danger pics=GHS08 query=521-18-6
[NOTFOUND] id=1859 query=9001-45-0
[OK] id=1860 cid=441302 signal=Warning pics=GHS07,GHS08 query=481-29-8
[EMPTY] id=1861 cid=5880 query=53-42-9
[EMPTY] id=1862 cid=22833375 query=68987-90-6
[NOTFOUND] id=1863 query=68412-54-4
[NOTFOUND] id=1864 query=25395-31-7
[OK] id=1865 cid=3084101 signal=Danger pics=GHS03,GHS07 query=12053-18-8
[OK] id=1866 cid=92938 signal=Danger pics=GHS02 query=2638-94-0
[OK] id=1867 cid=93252 signal=Warning pics=GHS07 query=50438-75-0
[NOTFOUND] id=1868 query=155090-83-8
[OK] id=1869 cid=107983 signal=Danger pics=GHS05,GHS07 query=4511-42-6
[OK] id=1870 cid=70711 signal=Danger pics=GHS05,GHS07,GHS09 query=1120-24-7
[EMPTY] id=1871 cid=5839 query=52-39-1
[OK] id=1872 cid=5284557 signal=Danger pics=GHS08 query=434-03-7
[OK] id=1873 cid=8955 signal=Warning pics=GHS07,GHS08 query=145-13-1
[EMPTY] id=1874 cid=5311364 query=72-23-1
[OK] id=1875 cid=13308 signal=Danger pics=GHS07,GHS08 query=846-48-0
[OK] id=1876 cid=5754 signal=Warning pics=GHS08 query=50-23-7
[OK] id=1877 cid=222786 signal=Warning pics=GHS08 query=53-06-5
[EMPTY] id=1878 cid=66209 query=10026-08-1
[OK] id=1879 cid=5601 signal=Warning pics=GHS07 query=326-91-0
[EMPTY] id=1880 cid=246983 query=79-63-0
[OK] id=1881 cid=7889 signal=Warning pics=GHS07 query=107-80-2
[OK] id=1882 cid=54684600 signal=Warning pics=GHS07 query=824-35-1
[OK] id=1883 cid=440707 signal=Warning pics=GHS07,GHS08 query=152-58-9
[OK] id=1884 cid=223368 signal=Danger pics=GHS07,GHS08 query=474-86-2
[OK] id=1885 cid=68929 signal=Danger pics=GHS08 query=547-81-9
[OK] id=1886 cid=6279 signal=Danger pics=GHS07,GHS08 query=71-58-9
[OK] id=1887 cid=101956 signal=Warning pics=GHS07 query=1070-10-6
[EMPTY] id=1888 cid=168266275 query=25212-74-2
[OK] id=1889 cid=83205 signal=Warning pics=GHS07 query=13177-41-8
[EMPTY] id=1890 cid=24699 query=123-94-4
[EMPTY] id=1891 cid=247 query=107-43-7
[NOTFOUND] id=1892 query=9010-66-6
[NOTFOUND] id=1893 query=8024-37-1
[NOTFOUND] id=1894 query=25067-34-9
[NOTFOUND] id=1895 query=24980-41-4
[OK] id=1896 cid=5018304 signal=Danger pics=GHS06,GHS07,GHS08,GHS09 query=15307-79-6
[NOTFOUND] id=1897 query=9003-07-0
[NOTFOUND] id=1898 query=9004-64-2
[OK] id=1899 cid=4807 signal=Danger pics=GHS02,GHS05,GHS06,GHS07,GHS08,GHS09 query=643-79-8
[NOTFOUND] id=1900 query=1398-61-4
[EMPTY] id=1901 cid=107801 query=80181-31-3
[EMPTY] id=1902 cid=441476 query=9000-69-5
[NOTFOUND] id=1903 query=25053-53-6
[NOTFOUND] id=1904 query=9010-77-9
[OK] id=1905 cid=90571 signal=Warning pics=GHS07,GHS08,GHS09 query=24650-42-8
[NOTFOUND] id=1906 query=9012-76-4
[OK] id=1907 cid=122242 signal=Warning pics=GHS07 query=22572-40-3
[NOTFOUND] id=1908 query=9010-86-0
[OK] id=1909 cid=23679061 signal= pics= query=206986-87-0
[OK] id=1910 cid=82029 signal=Danger pics=GHS02,GHS03,GHS07,GHS08 query=7529-22-8
[NOTFOUND] id=1911 query=9006-65-9
[NOTFOUND] id=1912 query=100915-96-6
[OK] id=1913 cid=25127 signal=Danger pics=GHS08,GHS09 query=10287-53-3
[EMPTY] id=1914 cid=7149 query=93-56-1
[OK] id=1915 cid=13583 signal=Danger pics=GHS05,GHS07,GHS08,GHS09 query=124-22-1
[OK] id=1916 cid=7253 signal=Danger pics=GHS05,GHS07,GHS08,GHS09 query=95-71-6
[OK] id=1917 cid=5489021 signal=Danger pics=GHS05,GHS07 query=17927-72-9
[OK] id=1918 cid=78361 signal=Danger pics=GHS05,GHS07 query=4620-70-6
[OK] id=1919 cid=74964 signal=Warning pics=GHS07 query=2083-68-3
[EMPTY] id=1920 cid=6502 query=77-85-0
[OK] id=1921 cid=10219931 signal=Warning pics=GHS07 query=12014-56-1
[OK] id=1922 cid=84465 signal=Warning pics=GHS07 query=14475-63-9
[OK] id=1923 cid=8155 signal=Danger pics=GHS05,GHS06,GHS07,GHS09 query=112-03-8
[OK] id=1924 cid=7463 signal=Danger pics=GHS02,GHS06,GHS07,GHS08,GHS09 query=99-87-6
[OK] id=1925 cid=10285 signal=Warning pics=GHS07 query=491-35-0
[EMPTY] id=1926 cid=31352 query=126-58-9
[EMPTY] id=1927 cid=9016 query=150-78-7
[EMPTY] id=1928 cid=1549179 query=2767-84-2
[OK] id=1929 cid=14085 signal=Warning pics=GHS02,GHS07,GHS09 query=1073-67-2
[OK] id=1930 cid=28050 signal=Warning pics=GHS07 query=16766-30-6
[OK] id=1931 cid=7956 signal=Warning pics=GHS07 query=108-80-5
[OK] id=1932 cid=8273 signal=Warning pics=GHS07 query=115-40-2
[EMPTY] id=1933 cid=10197832 query=142-03-0
[OK] id=1934 cid=75905 signal=Danger pics=GHS05,GHS06 query=25704-18-1
[OK] id=1935 cid=17317 signal=Danger pics=GHS05,GHS07,GHS08 query=2530-83-8
[OK] id=1936 cid=7986 signal=Warning pics=GHS07 query=109-43-3
[OK] id=1937 cid=6456 signal=Danger pics=GHS05,GHS07,GHS09 query=76-83-5
[OK] id=1938 cid=9318 signal=Danger pics=GHS05,GHS07,GHS08,GHS09 query=301-10-0
[NOTFOUND] id=1939 query=24937-78-8
[NOTFOUND] id=1940 query=128446-35-5
[OK] id=1941 cid=2201 signal=Danger pics=GHS06,GHS07 query=723-62-6
[OK] id=1942 cid=70708 signal=Danger pics=GHS05,GHS07 query=1120-02-1
[NOTFOUND] id=1943 query=26098-55-5
[NOTFOUND] id=1944 query=50327-22-5
[OK] id=1945 cid=516989 signal=Warning pics=GHS07 query=3006-15-3
[OK] id=1946 cid=8816 signal=Danger pics=GHS06,GHS07 query=140-72-7
[OK] id=1947 cid=166871 signal=Danger pics=GHS01,GHS03,GHS07,GHS09 query=13601-08-6
[EMPTY] id=1948 cid=17730 query=2783-94-0
[OK] id=1949 cid=6322 signal=Warning pics=GHS07 query=74-79-3
[OK] id=1950 cid=10951 signal=Danger pics=GHS05,GHS06,GHS07,GHS08,GHS09 query=542-16-5
[OK] id=1951 cid=5354261 signal=Danger pics=GHS05,GHS07 query=102-92-1
[OK] id=1952 cid=8880 signal=Danger pics=GHS05,GHS07 query=142-26-7
[OK] id=1953 cid=13831 signal=Danger pics=GHS02,GHS05,GHS07,GHS09 query=998-40-3
[OK] id=1954 cid=2737137 signal=Warning pics=GHS07 query=66003-76-7
[OK] id=1955 cid=11400 signal=Warning pics=GHS07 query=582-33-2
[NOTFOUND] id=1956 query=12003-13-3
[OK] id=1957 cid=12173 signal=Danger pics=GHS06,GHS07 query=623-27-8
[OK] id=1958 cid=4421864 signal=Danger pics=GHS06,GHS07 query=126213-50-1
[OK] id=1959 cid=61501 signal=Warning pics=GHS07 query=10294-66-3
[OK] id=1960 cid=2733675 signal=Warning pics=GHS07 query=66605-57-0
[OK] id=1961 cid=2733352 signal=Danger pics=GHS02,GHS05 query=6921-34-2
[EMPTY] id=1962 cid=198382 query=59556-17-1
[OK] id=1963 cid=2202 signal=Warning pics=GHS07 query=1143-38-0
[OK] id=1964 cid=9833925 signal=Danger pics=GHS02,GHS05,GHS06,GHS07,GHS08 query=13292-87-0
[OK] id=1965 cid=8100 signal=Warning pics=GHS07 query=111-24-0
[OK] id=1966 cid=77731 signal=Danger pics=GHS05,GHS06,GHS07,GHS08 query=4097-89-6
[OK] id=1967 cid=168533 signal=Danger pics=GHS05,GHS07 query=26412-87-3
[OK] id=1968 cid=74852 signal=Danger pics=GHS02,GHS06,GHS07 query=2032-35-1
[OK] id=1969 cid=159879 signal=Danger pics=GHS02,GHS03,GHS05,GHS07,GHS08,GHS09 query=20039-37-6
[OK] id=1970 cid=10401 signal=Warning pics=GHS07 query=502-44-3
[OK] id=1971 cid=67553 signal=Danger pics=GHS05,GHS07,GHS09 query=311-28-4
[OK] id=1972 cid=359 signal=Warning pics=GHS07,GHS08 query=108-73-6
[OK] id=1973 cid=53233771 signal=Warning pics=GHS07 query=6099-90-7
[OK] id=1974 cid=15959344 signal=Danger pics=GHS03,GHS05 query=14242-05-8
[OK] id=1975 cid=11469095 signal=Danger pics=GHS07,GHS08 query=6276-54-6
[OK] id=1976 cid=159762 signal=Danger pics=GHS03,GHS05,GHS07 query=15630-89-4
[OK] id=1977 cid=6381 signal=Danger pics=GHS06,GHS07 query=75-58-1
[OK] id=1978 cid=6918 signal=Warning pics=GHS07 query=88-13-1
[OK] id=1979 cid=13389 signal=Danger pics=GHS05,GHS07 query=872-85-5
[OK] id=1980 cid=445858 signal=Warning pics=GHS07 query=1135-24-6
[OK] id=1981 cid=82310 signal=Danger pics=GHS05,GHS07 query=10031-26-2
[EMPTY] id=1987 cid=3032893 query=32131-17-2
[OK] id=1988 cid=6325 signal=Danger pics=GHS02,GHS04,GHS07 query=9002-88-4
[NOTFOUND] id=1989 query=9011-14-7
[NOTFOUND] id=1990 query=25037-45-0
[NOTFOUND] id=1991 query=68131-40-8
[NOTFOUND] id=1996 query=39389-20-3
[NOTFOUND] id=2002 query=63148-57-2
[NOTFOUND] id=2009 query=8001-26-1
[NOTFOUND] id=2039 query=9003-29-6
[NOTFOUND] id=2041 query=37340-57-1
[NOTFOUND] id=2063 query=9006-59-1
[NOTFOUND] id=2134 query=3618-43-7
[NOTFOUND] id=2147 query=61791-12-6
[NOTFOUND] id=2178 query=9004-35-7
[OK] id=2199 cid=7497 signal=Danger pics=GHS02,GHS05,GHS06,GHS07,GHS08,GHS09 query=57407-08-6
[NOTFOUND] id=2212 query=114616-32-9
[NOTFOUND] id=2217 query=9010-34-8
[NOTFOUND] id=2278 query=69011-20-7
[NOTFOUND] id=2279 query=71010-52-1
[NOTFOUND] id=2284 query=9014-63-5
[NOTFOUND] id=2285 query=1302-78-9
[NOTFOUND] id=2287 query=101316-46-5
[NOTFOUND] id=2289 query=9004-65-3
[NOTFOUND] id=2299 query=63231-67-4
[EMPTY] id=2300 cid=107526 query=9050-36-6
[NOTFOUND] id=2310 query=9012-90-2
[NOTFOUND] id=2325 query=13573-16-5
[NOTFOUND] id=2334 query=9004-34-6
[NOTFOUND] id=2335 query=9004-54-0
[NOTFOUND] id=2336 query=9061-82-9
[NOTFOUND] id=2337 query=8002-48-0
[NOTFOUND] id=2338 query=37360-75-1
[NOTFOUND] id=2353 query=9000-40-2
[NOTFOUND] id=2361 query=11114-20-8
[NOTFOUND] id=2364 query=69011-19-4
[NOTFOUND] id=2368 query=9013-34-7
[NOTFOUND] id=2376 query=9032-08-0
[NOTFOUND] id=2380 query=128446-36-6
[NOTFOUND] id=2397 query=8013-01-2
[EMPTY] id=2406 cid=62708 query=9011-16-9
[NOTFOUND] id=2407 query=9001-18-7
[OK] id=2409 cid=9033 signal=Danger pics=GHS02,GHS05,GHS06,GHS07,GHS08,GHS09 query=9002-98-6
[NOTFOUND] id=2412 query=9005-46-3
[NOTFOUND] id=2415 query=61840-62-8
[NOTFOUND] id=2423 query=9005-82-7
[NOTFOUND] id=2427 query=9012-36-6
[NOTFOUND] id=2428 query=9037-22-3
[NOTFOUND] id=2436 query=73049-73-7
[NOTFOUND] id=2440 query=68987-32-6
[NOTFOUND] id=2442 query=9002-04-4
[NOTFOUND] id=2454 query=9005-38-3
[NOTFOUND] id=2456 query=8002-74-2
[NOTFOUND] id=2478 query=9001-05-2
[OK] id=2501 cid=6579 signal=Danger pics=GHS06,GHS07,GHS08 query=9003-05-8
[NOTFOUND] id=2503 query=9000-70-8
[NOTFOUND] id=2506 query=9011-18-1
[NOTFOUND] id=2512 query=1332-09-8
[NOTFOUND] id=2517 query=37380-43-1
[NOTFOUND] id=2529 query=63231-57-2
[NOTFOUND] id=2535 query=9048-46-8
[NOTFOUND] id=2537 query=9007-83-4
[NOTFOUND] id=2539 query=1332-58-7
[NOTFOUND] id=2544 query=68439-86-1
[OK] id=2545 cid=4068533 signal=Warning pics=GHS07,GHS09 query=9003-01-4
[NOTFOUND] id=2551 query=9004-67-5
[NOTFOUND] id=2555 query=9000-11-7
[NOTFOUND] id=2559 query=9000-01-5
[NOTFOUND] id=2560 query=64742-55-8
[NOTFOUND] id=2561 query=92061-94-4
[OK] id=2566 cid=23662403 signal=Danger pics=GHS05,GHS07 query=27176-87-0
[NOTFOUND] id=2573 query=97926-43-7
[NOTFOUND] id=2575 query=91995-75-4
[NOTFOUND] id=2596 query=68609-97-2
[NOTFOUND] id=2597 query=84989-09-3
[NOTFOUND] id=2600 query=92061-92-2
[NOTFOUND] id=2604 query=68477-83-8
[NOTFOUND] id=2624 query=92045-50-6
[NOTFOUND] id=2626 query=68477-98-5
[NOTFOUND] id=2642 query=68512-91-4
[NOTFOUND] id=2643 query=68476-30-2
[NOTFOUND] id=2645 query=68512-62-9
[NOTFOUND] id=2686 query=97926-76-6
[NOTFOUND] id=2687 query=8006-64-2
[NOTFOUND] id=2693 query=68919-07-3
[OK] id=2706 cid=11294 signal=Danger pics=GHS05,GHS06,GHS07,GHS08,GHS09 query=12069-69-1
[OK] id=2710 cid=7843 signal=Danger pics=GHS02,GHS04,GHS07,GHS08 query=68475-59-2
[NOTFOUND] id=2713 query=68478-27-3
[NOTFOUND] id=2714 query=64741-80-6
[NOTFOUND] id=2741 query=9002-07-7
[NOTFOUND] id=2751 query=8007-45-2
[NOTFOUND] id=2772 query=68476-29-9
[NOTFOUND] id=2774 query=92045-62-0
[NOTFOUND] id=2775 query=8002-43-5
[NOTFOUND] id=2805 query=68409-99-4
[NOTFOUND] id=2828 query=101316-82-9
[NOTFOUND] id=2842 query=77536-66-4
[NOTFOUND] id=2847 query=92045-23-3
[NOTFOUND] id=2848 query=64742-20-7
[NOTFOUND] id=2855 query=64742-91-2
[NOTFOUND] id=2856 query=68307-98-2
[NOTFOUND] id=2861 query=90641-06-8
[NOTFOUND] id=2864 query=68955-34-0
[NOTFOUND] id=2865 query=68513-17-7
[NOTFOUND] id=2871 query=51404-69-4
[NOTFOUND] id=2876 query=97722-04-8
[NOTFOUND] id=2877 query=92045-60-8
[NOTFOUND] id=2879 query=68478-01-3
[NOTFOUND] id=2888 query=25376-45-8
[OK] id=2891 cid=7096 signal=Danger pics=GHS05,GHS06 query=92-54-6
[OK] id=2892 cid=10129889 signal=Danger pics=GHS03,GHS07,GHS08 query=7790-69-4
[NOTFOUND] id=2894 query=64742-88-7
[EMPTY] id=2896 cid=131883815 query=70901-20-1
[NOTFOUND] id=2905 query=64741-96-4
[NOTFOUND] id=2910 query=77536-68-6
[NOTFOUND] id=2921 query=68919-11-9
[NOTFOUND] id=2922 query=92045-80-2
[NOTFOUND] id=2923 query=98219-46-6
[NOTFOUND] id=2924 query=90669-77-5
[NOTFOUND] id=2933 query=70321-80-1
[EMPTY] id=2937 cid=60021 query=108319-06-8
[NOTFOUND] id=2939 query=29191-52-4
[EMPTY] id=2945 cid=30198 query=20600-96-8
[EMPTY] id=2947 cid=20270 query=4275-28-9
[NOTFOUND] id=2948 query=68476-86-8
[NOTFOUND] id=2949 query=68476-31-3
[NOTFOUND] id=2956 query=101896-28-0
[NOTFOUND] id=2958 query=68477-80-5
[NOTFOUND] id=2963 query=68410-97-9
[NOTFOUND] id=2971 query=121620-48-2
[NOTFOUND] id=2972 query=90640-93-0
[NOTFOUND] id=2984 query=68476-40-4
[NOTFOUND] id=2987 query=91995-38-9
[NOTFOUND] id=2998 query=99688-47-8
[NOTFOUND] id=3000 query=97488-96-5
[OK] id=3004 cid=12309460 signal=Danger pics=GHS06,GHS07,GHS09 query=33213-65-9
[OK] id=3005 cid=16867 signal=Warning pics=GHS02 query=2346-00-1
[OK] id=3006 cid=11192 signal=Danger pics=GHS05,GHS07,GHS09 query=557-34-6
[OK] id=3007 cid=39211 signal=Warning pics=GHS07 query=42454-06-8
[OK] id=3008 cid=62414 signal=Warning pics=GHS07 query=1680-21-3
[NOTFOUND] id=3009 query=72623-86-0
[OK] id=3010 cid=26229 signal=Warning pics=GHS07 query=122-88-3
[OK] id=3011 cid=24545 signal=Danger pics=GHS06,GHS08,GHS09 query=7783-36-0
[NOTFOUND] id=3012 query=31175-20-9
[NOTFOUND] id=3013 query=64742-67-2
[OK] id=3014 cid=25408 signal=Danger pics=GHS03,GHS05,GHS06,GHS07,GHS08,GHS09 query=10588-01-9
[OK] id=3015 cid=25484 signal=Warning pics=GHS07 query=34590-94-8
[NOTFOUND] id=3016 query=13755-38-9
[OK] id=3017 cid=5942 signal=Danger pics=GHS05,GHS06,GHS07,GHS08 query=56-18-8
[OK] id=3018 cid=66226 signal=Danger pics=GHS05,GHS06,GHS07,GHS09 query=10038-98-9
[EMPTY] id=3020 cid=7305 query=96-64-0
[NOTFOUND] id=3021 query=91995-53-8
[OK] id=3022 cid=4148882 signal=Danger pics=GHS06,GHS07,GHS08,GHS09 query=13718-26-8
[OK] id=3023 cid=7492 signal=Danger pics=GHS06,GHS07,GHS08,GHS09 query=100-25-4
[OK] id=3025 cid=92425 signal=Danger pics=GHS08,GHS09 query=103361-09-7
[OK] id=3026 cid=6909 signal=Danger pics=GHS03,GHS05,GHS07,GHS09 query=87-90-1
[OK] id=3027 cid=10560 signal=Danger pics=GHS02,GHS07,GHS09 query=513-53-1
[OK] id=3028 cid=3034351 signal= pics=GHS09 query=25059-80-7
[OK] id=3029 cid=197701 signal=Warning pics=GHS07,GHS09 query=165252-70-0
[EMPTY] id=3030 cid=5951 query=56-45-1
[NOTFOUND] id=3032 query=90640-87-2
[NOTFOUND] id=3033 query=68308-11-2
[OK] id=3034 cid=41368 signal=Danger pics=GHS07,GHS08,GHS09 query=55219-65-3
[OK] id=3035 cid=4933 signal=Warning pics=GHS07,GHS08,GHS09 query=709-98-8
[OK] id=3036 cid=67154 signal=Warning pics=GHS07 query=123-12-6
[OK] id=3037 cid=7847 signal=Danger pics=GHS02,GHS05,GHS06,GHS07,GHS08,GHS09 query=107-02-8
[OK] id=3038 cid=31657 signal=Danger pics=GHS06,GHS07,GHS08,GHS09 query=23135-22-0
[OK] id=3039 cid=9553856 signal=Warning pics=GHS07 query=139-91-3
[OK] id=3040 cid=8315 signal=Warning pics=GHS07 query=116-54-1
[OK] id=3041 cid=8172 signal=Danger pics=GHS05,GHS07 query=112-27-6
[OK] id=3042 cid=12309460 signal=Danger pics=GHS06,GHS07,GHS09 query=959-98-8
[OK] id=3043 cid=8914 signal=Warning pics=GHS07,GHS08,GHS09 query=143-08-8
[NOTFOUND] id=3044 query=64742-04-7
[OK] id=3045 cid=190 signal=Danger pics=GHS06 query=73-24-5
[NOTFOUND] id=3046 query=1317-65-3
[OK] id=3047 cid=11000 signal=Danger pics=GHS02,GHS06,GHS07,GHS08 query=544-25-2
[OK] id=3048 cid=11271 signal=Danger pics=GHS02,GHS07,GHS08 query=565-80-0
[EMPTY] id=3049 cid=9290 query=299-28-5
[OK] id=3050 cid=11843 signal=Danger pics=GHS05,GHS06,GHS07,GHS09 query=608-25-3
[OK] id=3051 cid=61221 signal=Danger pics=GHS05,GHS06,GHS07,GHS08,GHS09 query=818-08-6
[OK] id=3052 cid=7936 signal=Warning pics=GHS02,GHS07 query=108-47-4
[OK] id=3053 cid=8170 signal=Danger pics=GHS05,GHS06,GHS07,GHS08 query=112-25-4
[OK] id=3054 cid=23664618 signal=Danger pics=GHS02,GHS05,GHS07 query=865-33-8
[OK] id=3055 cid=71245 signal=Danger pics=GHS07,GHS08,GHS09 query=80844-07-1
[OK] id=3056 cid=6781 signal=Warning pics=GHS07 query=84-66-2
[OK] id=3057 cid=69471 signal=Warning pics=GHS07 query=636-93-1
[OK] id=3058 cid=10989 signal=Danger pics=GHS02,GHS06,GHS07,GHS09 query=544-01-4
[NOTFOUND] id=3059 query=7783-85-9
[OK] id=3060 cid=4298216 signal=Danger pics=GHS05,GHS07,GHS08 query=14283-07-9
[OK] id=3061 cid=86804 signal=Warning pics=GHS07 query=18908-66-2
[OK] id=3062 cid=12225 signal=Danger pics=GHS06,GHS08 query=624-76-0
[NOTFOUND] id=3063 query=97926-68-6
[EMPTY] id=3064 cid=69798 query=759-24-0
[OK] id=3065 cid=62679 signal=Danger pics=GHS06,GHS08,GHS09 query=7790-30-9
[NOTFOUND] id=3066 query=11070-44-3
[OK] id=3067 cid=78705 signal=Danger pics=GHS02,GHS05 query=5006-22-4
[NOTFOUND] id=3068 query=121575-60-8
[OK] id=3069 cid=31279 signal=Danger pics=GHS02,GHS05,GHS06,GHS07,GHS08,GHS09 query=124-02-7
[OK] id=3070 cid=54689800 signal=Danger pics=GHS06,GHS08 query=117-52-2
[OK] id=3071 cid=241582 signal=Danger pics=GHS06,GHS07 query=140-53-4
[EMPTY] id=3072 cid=113232 query=63451-35-4
[OK] id=3073 cid=62832 signal=Danger pics=GHS05,GHS07,GHS08 query=28479-22-3
[OK] id=3075 cid=7579 signal=Danger pics=GHS06,GHS07,GHS08,GHS09 query=101-80-4
[OK] id=3076 cid=7937 signal=Warning pics=GHS02,GHS07 query=108-48-5
[EMPTY] id=3077 cid=16132294 query=37332-99-3
[EMPTY] id=3078 cid=14796 query=1310-53-8
[OK] id=3079 cid=8715 signal=Danger pics=GHS06,GHS07,GHS08 query=137-09-7
[OK] id=3080 cid=13436 signal=Warning pics=GHS07,GHS08,GHS09 query=882-33-7
[OK] id=3081 cid=3023 signal=Danger pics=GHS06,GHS07,GHS08,GHS09 query=132-65-0
[OK] id=3083 cid=92831 signal=Danger pics=GHS02,GHS05,GHS07 query=687-47-8
[OK] id=3084 cid=8129 signal=Warning pics=GHS07 query=111-70-6
[OK] id=3085 cid=10864 signal= pics=GHS09 query=538-68-1
[NOTFOUND] id=3086 query=90669-57-1
[OK] id=3087 cid=7404 signal=Danger pics=GHS05,GHS07 query=98-74-8
[OK] id=3088 cid=7656 signal=Danger pics=GHS05,GHS07,GHS09 query=103-49-1
[OK] id=3089 cid=67717 signal=Warning pics=GHS07 query=354-38-1
[OK] id=3090 cid=992 signal=Danger pics=GHS06,GHS07,GHS08,GHS09 query=87-86-5
[NOTFOUND] id=3091 query=8008-20-6
[OK] id=3092 cid=61497 signal=Danger pics=GHS05 query=10241-05-1
[OK] id=3093 cid=74195 signal=Warning pics=GHS07 query=1625-91-8
[OK] id=3094 cid=62643 signal=Danger pics=GHS05,GHS07,GHS08,GHS09 query=7488-55-3
[OK] id=3095 cid=8289 signal=Warning pics=GHS09 query=115-86-6
[OK] id=3096 cid=6328035 signal=Danger pics=GHS02,GHS05,GHS06,GHS07,GHS09 query=74-94-2
[NOTFOUND] id=3097 query=9003-11-6
[EMPTY] id=3098 cid=15609 query=1731-92-6
[OK] id=3099 cid=70918 signal=Danger pics=GHS05,GHS06,GHS07,GHS08 query=1189-71-5
[OK] id=3100 cid=66154 signal=Danger pics=GHS05 query=76-04-0
[OK] id=3101 cid=36584 signal=Warning pics=GHS07,GHS09 query=33693-04-8
[OK] id=3102 cid=48132 signal=Danger pics=GHS06,GHS07,GHS08,GHS09 query=66841-25-6
[OK] id=3103 cid=61207 signal=Danger pics=GHS02,GHS07 query=762-75-4
[OK] id=3104 cid=5330 signal=Danger pics=GHS05,GHS07,GHS08 query=80-35-3
[OK] id=3105 cid=11761 signal=Danger pics=GHS06,GHS07,GHS08,GHS09 query=602-01-7
[OK] id=3106 cid=8467 signal=Warning pics=GHS07 query=121-32-4
[OK] id=3107 cid=9740 signal=Danger pics=GHS05,GHS07 query=372-09-8
[OK] id=3108 cid=18290 signal=Warning pics=GHS07,GHS08,GHS09 query=3060-89-7
[OK] id=3109 cid=10486 signal=Danger pics=GHS02 query=507-20-0
[OK] id=3110 cid=62324 signal=Danger pics=GHS02,GHS05,GHS06,GHS07 query=79-03-8
[OK] id=3111 cid=8359 signal=Warning pics=GHS07 query=118-48-9
[OK] id=3112 cid=3286 signal=Danger pics=GHS06,GHS07,GHS08,GHS09 query=563-12-2
[OK] id=3113 cid=9117 signal=Warning pics=GHS09 query=191-24-2
[OK] id=3114 cid=20083 signal=Danger pics=GHS02,GHS05,GHS07,GHS08,GHS09 query=123-96-6
[OK] id=3115 cid=449093 signal=Warning pics=GHS07 query=1637-39-4
[OK] id=3116 cid=7004 signal=Warning pics=GHS07 query=90-14-2
[NOTFOUND] id=3117 query=32740-79-7
[OK] id=3118 cid=35409 signal=Danger pics=GHS05,GHS06,GHS07,GHS08 query=30674-80-7
[OK] id=3119 cid=23664780 signal=Danger pics=GHS05,GHS07,GHS08 query=6100-20-5
[OK] id=3120 cid=11992 signal=Danger pics=GHS06,GHS07,GHS08,GHS09 query=615-36-1
[OK] id=3121 cid=7362 signal=Danger pics=GHS02,GHS06,GHS07,GHS08 query=98-01-1
[EMPTY] id=3122 cid=92401 query=82211-24-3
[OK] id=3123 cid=3293 signal=Danger pics=GHS07,GHS08,GHS09 query=91-53-2
[OK] id=3125 cid=91707 signal=Warning pics=GHS07,GHS08,GHS09 query=71283-80-2
[OK] id=3126 cid=6923 signal=Danger pics=GHS05,GHS06,GHS07,GHS08,GHS09 query=88-18-6
[OK] id=3127 cid=8393 signal=Danger pics=GHS06 query=119-38-0
[OK] id=3128 cid=7902 signal=Danger pics=GHS02,GHS05,GHS06,GHS07,GHS08 query=108-01-0
[OK] id=3129 cid=12074 signal=Warning pics=GHS07 query=619-08-9
[OK] id=3130 cid=8795 signal=Danger pics=GHS05,GHS06,GHS07 query=140-31-8
[OK] id=3131 cid=67513 signal=Danger pics=GHS02,GHS07 query=286-62-4
[OK] id=3132 cid=517055 signal=Warning pics=GHS07 query=532-32-1
[NOTFOUND] id=3133 query=9002-93-1
[OK] id=3134 cid=5284484 signal=Danger pics=GHS06,GHS07,GHS08,GHS09 query=12122-67-7
[NOTFOUND] id=3135 query=101631-14-5
[OK] id=3136 cid=8035 signal=Danger pics=GHS07,GHS08 query=110-13-4
[OK] id=3137 cid=75293 signal=Danger pics=GHS05,GHS07,GHS08 query=2284-20-0
[OK] id=3138 cid=11715 signal=Danger pics=GHS02,GHS06,GHS07 query=598-31-2
[OK] id=3139 cid=8923 signal=Danger pics=GHS05,GHS07 query=143-22-6
[OK] id=3140 cid=5357478 signal=Danger pics=GHS05 query=4392-24-9
[EMPTY] id=3141 cid=21890 query=5689-72-5
[OK] id=3142 cid=28659 signal=Warning pics=GHS02,GHS07 query=17639-93-9
[OK] id=3143 cid=82916 signal=Danger pics=GHS02,GHS05,GHS07,GHS08,GHS09 query=1552-12-1
[OK] id=3144 cid=9550 signal=Danger pics=GHS02,GHS05,GHS07,GHS08 query=334-88-3
[OK] id=3145 cid=17596 signal=Danger pics=GHS01,GHS06,GHS07,GHS08 query=2691-41-0
[EMPTY] id=3146 cid=1176 query=57-13-6
[OK] id=3147 cid=8257 signal=Danger pics=GHS02,GHS07,GHS08 query=115-18-4
[OK] id=3148 cid=91555 signal=Danger pics=GHS05,GHS06,GHS07,GHS08,GHS09 query=6864-37-5
[OK] id=3149 cid=8441 signal=Danger pics=GHS07,GHS08 query=120-61-6
[OK] id=3150 cid=86356 signal=Danger pics=GHS06,GHS07,GHS09 query=120928-09-8
[EMPTY] id=3152 cid=13837 query=7003-89-6
[NOTFOUND] id=3153 query=9003-39-8
[OK] id=3154 cid=69955 signal=Warning pics=GHS02 query=817-95-8
[OK] id=3155 cid=7251 signal=Danger pics=GHS06,GHS07,GHS08,GHS09 query=95-69-2
[OK] id=3156 cid=5940 signal=Warning pics=GHS07 query=56-10-0
[OK] id=3157 cid=70454 signal=Danger pics=GHS02,GHS05 query=996-50-9
[OK] id=3158 cid=10760 signal=Warning pics=GHS07 query=532-34-3
[OK] id=3159 cid=24618 signal=Danger pics=GHS02,GHS07 query=7789-79-9
[OK] id=3160 cid=7465 signal=Danger pics=GHS05,GHS07 query=99-89-8
[OK] id=3161 cid=4156 signal=Danger pics=GHS06,GHS07,GHS08,GHS09 query=66-27-3
[OK] id=3162 cid=6327 signal=Danger pics=GHS02,GHS04,GHS07,GHS08 query=74-87-3
[NOTFOUND] id=3163 query=64742-05-8
[NOTFOUND] id=3164 query=68606-25-7
[OK] id=3165 cid=637516 signal=Danger pics=GHS05,GHS07 query=1517-69-7
[OK] id=3166 cid=24012 signal=Danger pics=GHS05,GHS07,GHS08,GHS09 query=7446-70-0
[NOTFOUND] id=3168 query=91995-68-5
[OK] id=3170 cid=105436 signal=Danger pics=GHS02,GHS09 query=67567-23-1
[OK] id=3171 cid=91739 signal=Warning pics=GHS07 query=84087-01-4
[OK] id=3172 cid=10553 signal=Danger pics=GHS02,GHS07,GHS08,GHS09 query=513-35-9
[OK] id=3174 cid=11167 signal=Danger pics=GHS05,GHS06,GHS07,GHS08,GHS09 query=556-61-6
[OK] id=3175 cid=13236 signal=Warning pics=GHS07 query=828-73-9
[OK] id=3176 cid=11803 signal=Danger pics=GHS05,GHS07,GHS08 query=605-71-0
[OK] id=3177 cid=7389 signal=Danger pics=GHS06,GHS09 query=98-50-0
[OK] id=3178 cid=7947 signal=Danger pics=GHS02,GHS07,GHS08,GHS09 query=108-67-8
[OK] id=3180 cid=45051916 signal=Danger pics=GHS02,GHS05,GHS07 query=865-48-5
[EMPTY] id=3181 cid=522711 query=78725-46-9
[EMPTY] id=3182 cid=5126 query=6168-72-5
[OK] id=3183 cid=11009 signal=Danger pics=GHS06,GHS07,GHS08,GHS09 query=544-92-3
[OK] id=3185 cid=11641 signal=Danger pics=GHS02,GHS04,GHS07,GHS08 query=593-60-2
[OK] id=3187 cid=21829806 signal=Danger pics=GHS05,GHS06,GHS08,GHS09 query=84989-04-8
[OK] id=3188 cid=71905 signal=Danger pics=GHS07,GHS08 query=23696-28-8
[NOTFOUND] id=3189 query=90641-05-7
[OK] id=3190 cid=56843208 signal=Danger pics=GHS01,GHS06,GHS07,GHS08,GHS09 query=1335-31-5
[OK] id=3191 cid=11011 signal=Danger pics=GHS05,GHS06,GHS07,GHS08,GHS09 query=545-06-2
[NOTFOUND] id=3192 query=84989-06-0
[OK] id=3193 cid=9076 signal=Danger pics=GHS06,GHS07,GHS08,GHS09 query=156-43-4
[OK] id=3194 cid=9808 signal=Danger pics=GHS05,GHS07 query=393-52-2
[NOTFOUND] id=3195 query=7790-84-3
[OK] id=3196 cid=600848 signal=Danger pics=GHS05,GHS06,GHS07,GHS08,GHS09 query=461-82-5
[OK] id=3197 cid=71482 signal=Danger pics=GHS06,GHS07,GHS08,GHS09 query=35575-96-3
[EMPTY] id=3198 cid=26725 query=14542-93-9
[OK] id=3199 cid=7408 signal=Danger pics=GHS05,GHS07 query=618-36-0
[OK] id=3200 cid=68007 signal=Danger pics=GHS05,GHS07 query=456-41-7
[EMPTY] id=3201 cid=5463760 query=95154-01-1
[OK] id=3202 cid=8102 signal=Danger pics=GHS02,GHS05,GHS06,GHS07,GHS09 query=111-26-2
[EMPTY] id=3203 cid=443088 query=33586-66-2
[OK] id=3204 cid=16683090 signal=Danger pics=GHS06,GHS08,GHS09 query=27236-65-3
[OK] id=3205 cid=76209 signal=Danger pics=GHS02 query=2916-31-6
[OK] id=3206 cid=6374 signal=Warning pics=GHS07,GHS09 query=75-47-8
[OK] id=3207 cid=20884 signal=Danger pics=GHS02,GHS05,GHS07 query=4755-77-5
[OK] id=3208 cid=17073 signal=Danger pics=GHS06,GHS07,GHS08,GHS09 query=2431-50-7
[OK] id=3209 cid=47938 signal=Warning pics=GHS07,GHS09 query=66441-23-4
[OK] id=3211 cid=6197 signal=Danger pics=GHS06,GHS07,GHS08,GHS09 query=66-81-9
[OK] id=3212 cid=156614068 signal=Danger pics=GHS06,GHS07,GHS08,GHS09 query=39300-45-3
[OK] id=3213 cid=25644 signal=Warning pics=GHS07,GHS09 query=13048-33-4
[OK] id=3214 cid=92892 signal=Warning pics=GHS07 query=1484-26-0
[OK] id=3215 cid=50896 signal=Warning pics=GHS07 query=69806-40-2
[OK] id=3216 cid=5360545 signal=Danger pics=GHS02,GHS05 query=7440-23-5
[OK] id=3217 cid=2912 signal=Danger pics=GHS06,GHS07,GHS08,GHS09 query=52315-07-8
[NOTFOUND] id=3218 query=90641-08-0
[NOTFOUND] id=3219 query=68038-71-1
[OK] id=3220 cid=17284 signal=Warning pics=GHS07 query=2514-53-6
[OK] id=3221 cid=25868 signal=Danger pics=GHS05,GHS07 query=13325-10-5
[OK] id=3222 cid=638079 signal=Danger pics=GHS02,GHS08,GHS09 query=931-87-3
[OK] id=3223 cid=24601 signal=Warning pics=GHS07,GHS09 query=7789-17-5
[OK] id=3224 cid=11723 signal=Danger pics=GHS02,GHS05,GHS06,GHS07,GHS08,GHS09 query=598-56-1
[OK] id=3225 cid=10474 signal=Danger pics=GHS05,GHS06,GHS09 query=506-61-6
[OK] id=3226 cid=6563 signal=Danger pics=GHS02,GHS05,GHS07 query=78-86-4
[OK] id=3227 cid=261 signal=Danger pics=GHS02,GHS07,GHS08 query=123-72-8
[OK] id=3228 cid=94429 signal=Danger pics=GHS05,GHS06 query=32315-10-9
[OK] id=3229 cid=2723593 signal=Danger pics=GHS06 query=591-08-2
[OK] id=3230 cid=15624 signal=Danger pics=GHS05,GHS06,GHS09 query=1745-81-9
[OK] id=3231 cid=70134 signal=Warning pics=GHS07 query=875-74-1
[OK] id=3232 cid=11979494 signal=Danger pics=GHS05,GHS06,GHS08 query=9000-55-9
[OK] id=3233 cid=2906 signal=Danger pics=GHS02,GHS05,GHS06,GHS07 query=1003-03-8
[OK] id=3234 cid=9633 signal=Warning pics=GHS04 query=354-33-6
[OK] id=3235 cid=8199 signal=Danger pics=GHS05,GHS07 query=112-59-4
[EMPTY] id=3236 cid=357763 query=2144-45-8
[OK] id=3237 cid=23664718 signal=Warning pics=GHS07,GHS09 query=2545-60-0
[OK] id=3238 cid=4130 signal=Danger pics=GHS02,GHS06,GHS08,GHS09 query=298-00-0
[OK] id=3239 cid=2513 signal=Danger pics=GHS06,GHS09 query=75-60-5
[OK] id=3240 cid=3016923 signal=Danger pics=GHS05,GHS07 query=54971-26-5
[OK] id=3241 cid=9871 signal=Danger pics=GHS02,GHS05,GHS07 query=421-50-1
[OK] id=3242 cid=7684 signal=Warning pics=GHS07 query=103-89-9
[OK] id=3243 cid=23665571 signal=Warning pics=GHS07,GHS09 query=143-18-0
[OK] id=3244 cid=6570 signal=Danger pics=GHS02,GHS05,GHS06,GHS07,GHS08,GHS09 query=78-94-4
[OK] id=3246 cid=20288 signal=Danger pics=GHS06 query=4301-50-2
[OK] id=3247 cid=7466 signal=Danger pics=GHS07,GHS08 query=99-90-1
[OK] id=3248 cid=66180 signal=Danger pics=GHS05,GHS07 query=1079-66-9
[OK] id=3249 cid=78928 signal=Danger pics=GHS05 query=5271-67-0
[OK] id=3250 cid=11675 signal=Danger pics=GHS02,GHS07,GHS08,GHS09 query=594-82-1
[OK] id=3251 cid=4079622 signal=Warning pics=GHS07 query=65855-02-9
[OK] id=3252 cid=123151 signal=Danger pics=GHS02,GHS07 query=2206-26-0
[OK] id=3253 cid=17242 signal=Danger pics=GHS06,GHS09 query=2497-07-6
[OK] id=3254 cid=172404 signal=Danger pics=GHS05 query=69304-37-6
[OK] id=3255 cid=107901 signal=Danger pics=GHS08,GHS09 query=133855-98-8
[NOTFOUND] id=3256 query=90641-11-5
[OK] id=3257 cid=2723787 signal=Danger pics=GHS06,GHS07 query=143-66-8
[OK] id=3258 cid=3613389 signal=Warning pics=GHS07,GHS08 query=99-57-0
[NOTFOUND] id=3259 query=92062-04-9
[NOTFOUND] id=3260 query=85029-51-2
[OK] id=3261 cid=95695 signal=Warning pics=GHS07 query=672-13-9
[OK] id=3262 cid=2336 signal=Danger pics=GHS07,GHS08,GHS09 query=50-32-8
[OK] id=3263 cid=516902 signal=Danger pics=GHS03,GHS06,GHS07,GHS09 query=7775-09-9
[OK] id=3264 cid=69861 signal=Danger pics=GHS05,GHS07 query=769-92-6
[OK] id=3265 cid=6327654 signal=Danger pics=GHS05,GHS07 query=762-04-9
[OK] id=3266 cid=5363433 signal=Danger pics=GHS02,GHS06,GHS07 query=1515-76-0
[OK] id=3267 cid=118531 signal=Danger pics=GHS06,GHS09 query=33685-54-0
[NOTFOUND] id=3268 query=68952-76-1
[OK] id=3269 cid=6645 signal=Danger pics=GHS05,GHS06,GHS07,GHS09 query=80-48-8
[OK] id=3270 cid=166630 signal=Danger pics=GHS05,GHS06 query=12057-24-8
[OK] id=3271 cid=77269 signal=Danger pics=GHS06,GHS09 query=3688-92-4
[OK] id=3272 cid=62034 signal=Danger pics=GHS05,GHS07 query=1446-61-3
[OK] id=3273 cid=12766750 signal= pics=GHS09 query=77497-97-3
[OK] id=3274 cid=14827 signal=Danger pics=GHS07,GHS08,GHS09 query=1317-36-8
[OK] id=3276 cid=6124 signal=Danger pics=GHS06,GHS07,GHS08,GHS09 query=62-75-9
[OK] id=3277 cid=7511 signal=Danger pics=GHS06,GHS08,GHS09 query=100-56-1
[EMPTY] id=3278 cid=31249 query=123-25-1
[OK] id=3279 cid=6375 signal=Danger pics=GHS02,GHS07,GHS08 query=75-52-5
[OK] id=3280 cid=21702 signal=Danger pics=GHS05,GHS06,GHS07,GHS08 query=5535-49-9
[OK] id=3281 cid=8134 signal=Danger pics=GHS07,GHS08 query=111-77-3
[EMPTY] id=3282 cid=2723810 query=141-53-7
[OK] id=3283 cid=10924 signal=Warning pics=GHS02,GHS07 query=541-28-6
[OK] id=3284 cid=13014 signal=Danger pics=GHS02,GHS05 query=766-77-8
[OK] id=3285 cid=159055 signal=Danger pics=GHS02,GHS07,GHS08 query=464-49-3
[OK] id=3286 cid=74376 signal=Danger pics=GHS05 query=1711-07-5
[OK] id=3287 cid=70878 signal=Danger pics=GHS07,GHS08 query=1161-13-3
[OK] id=3288 cid=15115 signal=Warning pics=GHS07,GHS09 query=1468-37-7
[NOTFOUND] id=3290 query=100684-38-6
[OK] id=3291 cid=3893 signal=Danger pics=GHS05,GHS07 query=143-07-7
[OK] id=3292 cid=16452 signal=Danger pics=GHS06,GHS07 query=2114-00-3
[OK] id=3293 cid=7451 signal=Danger pics=GHS05,GHS06,GHS07 query=99-63-8
[OK] id=3294 cid=38479 signal=Danger pics=GHS07,GHS08,GHS09 query=40487-42-1
[EMPTY] id=3295 cid=62585 query=5610-59-3
[OK] id=3296 cid=11255 signal=Danger pics=GHS02,GHS07,GHS08,GHS09 query=564-02-3
[OK] id=3297 cid=9552079 signal=Danger pics=GHS05,GHS07,GHS08,GHS09 query=55-56-1
[OK] id=3299 cid=4539 signal=Danger pics=GHS05,GHS07,GHS08 query=70458-96-7
[OK] id=3300 cid=51574 signal=Warning pics=GHS08,GHS09 query=84332-86-5
[OK] id=3301 cid=6739 signal= pics=GHS09 query=83-41-0
[OK] id=3302 cid=8073 signal=Danger pics=GHS02,GHS07 query=110-74-7
[OK] id=3303 cid=7855 signal=Danger pics=GHS02,GHS05,GHS06,GHS07,GHS08,GHS09 query=107-13-1
[OK] id=3304 cid=3715 signal=Danger pics=GHS05,GHS06,GHS07,GHS08 query=53-86-1
[OK] id=3305 cid=68515 signal=Danger pics=GHS05,GHS07 query=586-75-4
[OK] id=3306 cid=12051 signal=Warning pics=GHS02,GHS07 query=617-84-5
[OK] id=3307 cid=560193 signal=Danger pics=GHS06,GHS07,GHS08,GHS09 query=2275-23-2
[OK] id=3308 cid=162381 signal=Danger pics=GHS07,GHS08,GHS09 query=28434-01-7
[NOTFOUND] id=3310 query=84989-05-9
[OK] id=3311 cid=667493 signal=Danger pics=GHS07,GHS08 query=56-04-2
[OK] id=3312 cid=111019 signal=Danger pics=GHS02,GHS05,GHS07 query=7623-09-8
[OK] id=3313 cid=14425 signal=Warning pics=GHS07 query=1166-52-5
[OK] id=3314 cid=9386 signal=Warning pics=GHS02 query=306-94-5
[OK] id=3315 cid=8606 signal=Danger pics=GHS05,GHS06,GHS07,GHS08,GHS09 query=133-06-2
[OK] id=3317 cid=23257 signal=Warning pics=GHS07 query=6818-37-7
[OK] id=3319 cid=69803 signal=Danger pics=GHS05 query=762-21-0
[OK] id=3320 cid=6324 signal=Danger pics=GHS02,GHS04,GHS07 query=74-84-0
[NOTFOUND] id=3321 query=64741-41-9
[OK] id=3322 cid=38078 signal= pics=GHS09 query=38641-94-0
[OK] id=3323 cid=69862 signal=Warning pics=GHS02 query=770-09-2
[OK] id=3324 cid=17304 signal=Danger pics=GHS05,GHS06,GHS07,GHS08 query=2524-03-0
[OK] id=3325 cid=21439 signal=Warning pics=GHS07 query=5344-90-1
[OK] id=3326 cid=8189 signal=Danger pics=GHS07,GHS08 query=112-49-2
[OK] id=3327 cid=7262 signal=Danger pics=GHS05,GHS06,GHS07,GHS08,GHS09 query=95-82-9
[NOTFOUND] id=3328 query=506-64-9
[OK] id=3329 cid=24947 signal=Danger pics=GHS06,GHS07,GHS08,GHS09 query=10108-64-2
[OK] id=3330 cid=105048 signal=Warning pics=GHS07,GHS09 query=81591-81-3
[OK] id=3331 cid=23675735 signal=Danger pics=GHS02,GHS05,GHS07,GHS08,GHS09 query=132-27-4
[OK] id=3332 cid=10982 signal=Danger pics=GHS02,GHS05,GHS07 query=543-82-8
[NOTFOUND] id=3333 query=101794-97-2
[OK] id=3334 cid=10807 signal=Warning pics=GHS02,GHS07 query=535-13-7
[OK] id=3335 cid=9570071 signal=Danger pics=GHS06,GHS09 query=116-06-3
[OK] id=3336 cid=6354 signal=Danger pics=GHS02,GHS04,GHS05,GHS06,GHS07,GHS08,GHS09 query=75-21-8
[OK] id=3337 cid=47866 signal=Warning pics=GHS07,GHS09 query=66215-27-8
[NOTFOUND] id=3338 query=68478-05-7
[NOTFOUND] id=3340 query=90669-59-3
[OK] id=3341 cid=43233 signal=Warning pics=GHS07 query=60207-31-0
[OK] id=3342 cid=1119 signal=Danger pics=GHS04,GHS05,GHS06,GHS07,GHS08 query=7446-09-5
[OK] id=3343 cid=76678 signal=Danger pics=GHS06,GHS07 query=3215-64-3
[OK] id=3344 cid=14801 signal=Danger pics=GHS07,GHS08 query=1313-13-9
[NOTFOUND] id=3345 query=27072-45-3
[OK] id=3346 cid=12336279 signal=Danger pics=GHS06,GHS07,GHS08,GHS09 query=19750-95-9
[OK] id=3347 cid=8344 signal=Danger pics=GHS08 query=117-82-8
[OK] id=3348 cid=10009 signal=Danger pics=GHS06,GHS07,GHS08,GHS09 query=462-08-8
[OK] id=3349 cid=727 signal=Danger pics=GHS06,GHS07,GHS08,GHS09 query=319-84-6
[OK] id=3350 cid=21803 signal=Danger pics=GHS06,GHS07,GHS08,GHS09 query=5598-13-0
[OK] id=3351 cid=5320 signal=Warning pics=GHS07,GHS08 query=144-80-9
[OK] id=3352 cid=76112 signal=Danger pics=GHS06,GHS07 query=2856-63-5
[NOTFOUND] id=3353 query=97722-09-3
[OK] id=3354 cid=28660 signal=Danger pics=GHS02,GHS06,GHS07 query=17640-15-2
[OK] id=3355 cid=24261 signal=Danger pics=GHS07,GHS08 query=112945-52-5
[NOTFOUND] id=3356 query=68478-24-0
[OK] id=3357 cid=19943 signal=Danger pics=GHS06,GHS08,GHS09 query=4032-26-2
[OK] id=3359 cid=75644 signal=Danger pics=GHS02,GHS05,GHS07,GHS08 query=2516-33-8
[OK] id=3360 cid=62450 signal=Danger pics=GHS06,GHS07,GHS08 query=2536-05-2
[OK] id=3361 cid=7098 signal=Warning pics=GHS07 query=92-59-1
[OK] id=3362 cid=6494 signal=Danger pics=GHS02,GHS05,GHS07 query=77-75-8
[OK] id=3363 cid=7440 signal=Warning pics=GHS07 query=99-51-4
[OK] id=3364 cid=14042 signal=Danger pics=GHS06 query=1069-23-4
[OK] id=3365 cid=86079 signal=Danger pics=GHS05,GHS07 query=16874-33-2
[OK] id=3366 cid=253298 signal=Warning pics=GHS02,GHS07 query=4795-29-3
[OK] id=3367 cid=68280 signal=Warning pics=GHS07,GHS08 query=531-91-9
[NOTFOUND] id=3368 query=93763-34-9
[OK] id=3369 cid=12266 signal=Danger pics=GHS02,GHS07 query=625-86-5
[OK] id=3370 cid=8086 signal=Danger pics=GHS05,GHS07 query=110-97-4
[OK] id=3371 cid=6672 signal= pics=GHS09 query=81-20-9
[OK] id=3372 cid=6496 signal=Danger pics=GHS05,GHS06,GHS07,GHS08 query=77-77-0
[OK] id=3373 cid=77772 signal=Danger pics=GHS05,GHS06,GHS07 query=4124-30-5
[OK] id=3374 cid=783 signal=Danger pics=GHS02,GHS04 query=1333-74-0
[OK] id=3376 cid=69838 signal=Danger pics=GHS05 query=766-80-3
[OK] id=3377 cid=5280793 signal=Danger pics=GHS06,GHS08 query=50-14-6
[NOTFOUND] id=3378 query=51429-74-4
[OK] id=3379 cid=13038 signal=Danger pics=GHS05,GHS07,GHS09 query=770-12-7
[OK] id=3380 cid=6732 signal=Danger pics=GHS06,GHS08,GHS09 query=83-26-1
[OK] id=3381 cid=9603 signal=Danger pics=GHS02,GHS07 query=352-32-9
[OK] id=3382 cid=7122 signal=Warning pics=GHS07,GHS09 query=93-08-3
[OK] id=3383 cid=10943 signal=Danger pics=GHS06,GHS07,GHS08,GHS09 query=541-73-1
[OK] id=3384 cid=7241 signal=Danger pics=GHS02,GHS06,GHS07 query=95-52-3
[NOTFOUND] id=3385 query=90641-02-4
[OK] id=3386 cid=11089 signal=Danger pics=GHS05,GHS07,GHS08 query=552-30-7
[OK] id=3387 cid=7543 signal=Danger pics=GHS07,GHS08,GHS09 query=101-14-4
[OK] id=3388 cid=14817840 signal= pics= query=73754-27-5
[OK] id=3389 cid=6850817 signal= pics= query=145650-60-8
[OK] id=3390 cid=61818 signal=Danger pics=GHS01 query=15825-70-4
[EMPTY] id=3391 cid=178795 query=76578-12-6
[OK] id=3392 cid=21241 signal=Danger pics=GHS02,GHS07,GHS08 query=5162-44-7
[OK] id=3393 cid=66713581 signal=Danger pics=GHS06 query=5892-11-5
[OK] id=3394 cid=24934 signal=Danger pics=GHS06,GHS07,GHS08,GHS09 query=10102-18-8
[OK] id=3395 cid=3035375 signal=Danger pics=GHS07,GHS08 query=12031-65-1
[OK] id=3396 cid=8010 signal=Danger pics=GHS06,GHS07,GHS08,GHS09 query=109-77-3
[OK] id=3397 cid=82050 signal=Warning pics=GHS07,GHS08 query=7550-35-8
[OK] id=3398 cid=6351 signal=Danger pics=GHS02,GHS04,GHS07,GHS08 query=75-19-4
[OK] id=3399 cid=36242 signal=Danger pics=GHS07,GHS08 query=32809-16-8
[OK] id=3400 cid=11551 signal=Danger pics=GHS02,GHS07,GHS08,GHS09 query=590-73-8
[OK] id=3401 cid=11428 signal=Warning pics=GHS02,GHS07 query=584-02-1
[OK] id=3403 cid=13214 signal=Danger pics=GHS02,GHS07,GHS08,GHS09 query=824-78-2
[OK] id=3404 cid=16421 signal=Danger pics=GHS06,GHS08,GHS09 query=2104-64-5
[OK] id=3405 cid=42586 signal=Warning pics=GHS07 query=57837-19-1
[OK] id=3406 cid=62155 signal=Danger pics=GHS06,GHS08,GHS09 query=59669-26-0
[OK] id=3407 cid=50897 signal=Danger pics=GHS08,GHS09 query=69806-50-4
[OK] id=3408 cid=61851 signal=Danger pics=GHS06,GHS07,GHS08 query=16871-90-2
[OK] id=3409 cid=86417 signal=Danger pics=GHS06,GHS07,GHS08,GHS09 query=136426-54-5
[EMPTY] id=3410 cid=7799 query=106-32-1
[OK] id=3411 cid=62325 signal=Danger pics=GHS02,GHS05,GHS06,GHS07 query=79-30-1
[OK] id=3412 cid=13404 signal=Danger pics=GHS05,GHS09 query=874-42-0
[OK] id=3413 cid=10957 signal=Danger pics=GHS02,GHS07 query=542-55-2
[OK] id=3414 cid=1103 signal=Danger pics=GHS05 query=71-44-3
[OK] id=3415 cid=9905 signal=Warning pics=GHS02,GHS07 query=434-45-7
[OK] id=3416 cid=3033871 signal=Danger pics=GHS05,GHS09 query=2687-94-7
[OK] id=3417 cid=13820 signal=Danger pics=GHS06,GHS09 query=994-31-0
[OK] id=3418 cid=8815 signal=Warning pics=GHS07,GHS08 query=140-67-0
[OK] id=3419 cid=79102 signal=Danger pics=GHS02,GHS07 query=754-05-2
[OK] id=3420 cid=179931 signal=Danger pics=GHS07,GHS08,GHS09 query=1313-99-1
[OK] id=3421 cid=13836 signal=Warning pics=GHS07,GHS08,GHS09 query=999-81-5
[OK] id=3422 cid=67924 signal=Danger pics=GHS02,GHS05,GHS07,GHS08 query=425-75-2
[EMPTY] id=3423 cid=146013067 query=57876-28-5
[OK] id=3424 cid=31573 signal=Danger pics=GHS07,GHS08,GHS09 query=22936-75-0
[OK] id=3425 cid=9864905 signal=Danger pics=GHS05,GHS06,GHS07,GHS08,GHS09 query=13121-70-5
[OK] id=3426 cid=9794 signal=Danger pics=GHS02,GHS05,GHS07 query=383-63-1
[OK] id=3428 cid=38235 signal=Danger pics=GHS06,GHS09 query=39196-18-4
[OK] id=3429 cid=7298 signal=Danger pics=GHS02,GHS06,GHS07,GHS08 query=96-41-3
[OK] id=3430 cid=69882 signal=Warning pics=GHS02,GHS07 query=773-82-0
[EMPTY] id=3431 cid=46846327 query=26299-14-9
[OK] id=3432 cid=43806 signal=Danger pics=GHS05,GHS07 query=20439-47-8
[OK] id=3433 cid=16774 signal=Danger pics=GHS06 query=2275-18-5
[OK] id=3434 cid=712377 signal=Warning pics=GHS07 query=2382-96-9
[OK] id=3435 cid=11488729 signal=Warning pics=GHS07,GHS09 query=179101-81-6
[OK] id=3436 cid=16211460 signal=Danger pics=GHS05,GHS06,GHS07,GHS08,GHS09 query=16919-58-7
[NOTFOUND] id=3438 query=94114-53-1
[OK] id=3439 cid=7346 signal=Danger pics=GHS05,GHS06,GHS07 query=97-72-3
[OK] id=3440 cid=9477 signal=Danger pics=GHS06,GHS09 query=327-98-0
[NOTFOUND] id=3441 query=68477-66-7
[OK] id=3442 cid=20508 signal=Warning pics=GHS07 query=4442-79-9
[EMPTY] id=3443 cid=54704426 query=64-75-5
[NOTFOUND] id=3444 query=64741-89-5
[OK] id=3446 cid=66036 signal=Danger pics=GHS05,GHS07 query=104-86-9
[OK] id=3447 cid=23978 signal=Danger pics=GHS07,GHS08,GHS09 query=7440-50-8
[OK] id=3448 cid=5282707 signal=Danger pics=GHS05 query=13419-69-7
[EMPTY] id=3449 cid=6093368 query=14763-77-0
[OK] id=3450 cid=8068 signal=Danger pics=GHS02,GHS05,GHS06,GHS07 query=110-68-9
[OK] id=3451 cid=6554 signal=Danger pics=GHS02 query=78-76-2
[OK] id=3452 cid=10686 signal=Danger pics=GHS02,GHS07,GHS08,GHS09 query=526-73-8
[OK] id=3453 cid=90495 signal=Danger pics=GHS02,GHS05,GHS06,GHS07 query=24424-99-5
[OK] id=3454 cid=5821911 signal=Danger pics=GHS02,GHS07,GHS08,GHS09 query=153719-23-4
[OK] id=3455 cid=22770 signal=Warning pics=GHS07 query=6315-89-5
[NOTFOUND] id=3456 query=102110-55-4
[OK] id=3457 cid=12316 signal=Danger pics=GHS02,GHS06,GHS07 query=627-42-9
[OK] id=3458 cid=7955 signal=Warning pics=GHS07,GHS08 query=108-78-1
[OK] id=3459 cid=8342 signal=Danger pics=GHS06,GHS07,GHS09 query=117-80-6
[OK] id=3460 cid=61249 signal=Danger pics=GHS05,GHS06,GHS07,GHS08,GHS09 query=999-61-1
[NOTFOUND] id=3461 query=68476-26-6
[OK] id=3462 cid=8012 signal=Danger pics=GHS02,GHS07,GHS08 query=109-79-5
[EMPTY] id=3463 cid=22836353 query=1340-02-9
[NOTFOUND] id=3464 query=68514-36-3
[NOTFOUND] id=3465 query=101631-19-0
[OK] id=3466 cid=1483 signal=Warning pics=GHS07,GHS08,GHS09 query=118-79-6
[OK] id=3467 cid=135407637 signal=Warning pics=GHS07 query=176763-62-5
[EMPTY] id=3468 cid=126 query=123-08-0
[OK] id=3469 cid=74393 signal=Danger pics=GHS02,GHS05,GHS07 query=1719-57-9
[OK] id=3470 cid=6590 signal=Danger pics=GHS02,GHS05,GHS06,GHS07 query=79-31-2
[OK] id=3471 cid=9006 signal=Danger pics=GHS05,GHS07 query=149-74-6
[OK] id=3472 cid=23948 signal=Danger pics=GHS02,GHS08 query=7440-16-6
[NOTFOUND] id=3473 query=64741-50-0
[OK] id=3474 cid=2955 signal=Danger pics=GHS07,GHS08,GHS09 query=80-08-0
[EMPTY] id=3475 cid=23672317 query=17636-10-1
[OK] id=3476 cid=3017 signal=Danger pics=GHS06,GHS07,GHS08,GHS09 query=333-41-5
[OK] id=3477 cid=12120 signal=Danger pics=GHS06,GHS08 query=621-33-0
[OK] id=3478 cid=23688915 signal=Danger pics=GHS05,GHS06,GHS07,GHS08 query=21324-40-3
[OK] id=3479 cid=61442 signal=Danger pics=GHS05,GHS07 query=10026-06-9
[EMPTY] id=3480 cid=5360349 query=10310-21-1
[OK] id=3481 cid=83301 signal=Danger pics=GHS05 query=13283-01-7
[OK] id=3483 cid=104730 signal=Danger pics=GHS02,GHS06,GHS07,GHS08,GHS09 query=7440-48-4
[OK] id=3484 cid=88916 signal=Warning pics=GHS07 query=21452-18-6
[NOTFOUND] id=3485 query=557-21-1
[OK] id=3486 cid=20153 signal=Warning pics=GHS07,GHS09 query=4186-71-4
[OK] id=3487 cid=14210 signal=Danger pics=GHS06,GHS09 query=1113-02-6
[OK] id=3488 cid=3102 signal=Danger pics=GHS07,GHS08,GHS09 query=119-61-9
[OK] id=3489 cid=24266 signal=Warning pics=GHS07 query=10163-15-2
[OK] id=3490 cid=9742 signal=Danger pics=GHS05,GHS06,GHS07,GHS08 query=372-19-0
[OK] id=3491 cid=70294 signal=Warning pics=GHS02,GHS07 query=936-52-7
[NOTFOUND] id=3492 query=9006-42-2
[OK] id=3493 cid=31217 signal=Danger pics=GHS07,GHS08 query=122-60-1
[OK] id=3494 cid=17756 signal=Danger pics=GHS02,GHS06,GHS07,GHS08 query=2807-30-9
[OK] id=3495 cid=7485 signal=Danger pics=GHS08 query=100-17-4
[NOTFOUND] id=3497 query=91995-78-7
[OK] id=3498 cid=78392 signal=Danger pics=GHS05 query=4659-45-4
[OK] id=3499 cid=6604200 signal=Danger pics=GHS07,GHS08 query=67-20-9
[OK] id=3500 cid=8034 signal=Warning pics=GHS02,GHS07,GHS08 query=110-12-3
[OK] id=3501 cid=83623 signal=Warning pics=GHS07 query=13623-94-4
[OK] id=3502 cid=67698 signal=Danger pics=GHS02,GHS07 query=352-67-0
[OK] id=3503 cid=14456 signal=Danger pics=GHS02,GHS05,GHS07,GHS08 query=1185-55-3
[OK] id=3504 cid=10752 signal=Danger pics=GHS06 query=531-81-7
[OK] id=3505 cid=156605 signal=Warning pics=GHS07,GHS09 query=75490-39-0
[OK] id=3506 cid=81525 signal=Danger pics=GHS06 query=7076-53-1
[EMPTY] id=3509 cid=2773915 query=60742-60-1
[OK] id=3510 cid=428 signal=Danger pics=GHS02,GHS05,GHS06,GHS07,GHS08 query=109-76-2
[OK] id=3512 cid=84462 signal=Warning pics=GHS07 query=14470-28-1
[OK] id=3513 cid=60995 signal=Warning pics=GHS07 query=101-48-4
[NOTFOUND] id=3514 query=9005-65-6
[OK] id=3515 cid=135403805 signal=Danger pics=GHS02,GHS07,GHS08 query=6804-07-5
[OK] id=3516 cid=23663539 signal=Danger pics=GHS06,GHS07,GHS08,GHS09 query=131-52-2
[OK] id=3517 cid=9893 signal=Danger pics=GHS02,GHS05,GHS07,GHS09 query=431-47-0
[OK] id=3518 cid=6955 signal=Danger pics=GHS05,GHS07,GHS08 query=88-95-9
[OK] id=3519 cid=69336 signal=Danger pics=GHS02,GHS05,GHS06 query=623-49-4
[OK] id=3520 cid=86209 signal=Warning pics=GHS07,GHS09 query=125109-85-5
[OK] id=3521 cid=14016 signal=Danger pics=GHS06,GHS09 query=1066-45-1
[OK] id=3522 cid=14823 signal=Danger pics=GHS07,GHS08 query=1317-33-5
[OK] id=3523 cid=6396 signal=Danger pics=GHS02,GHS07,GHS09 query=75-76-3
[EMPTY] id=3524 cid=15620607 query=563-96-2
[OK] id=3525 cid=12162 signal=Danger pics=GHS06,GHS07 query=623-00-7
[OK] id=3526 cid=11419 signal=Warning pics=GHS02,GHS07 query=583-60-8
[OK] id=3527 cid=85505 signal=Warning pics=GHS07 query=16588-34-4
[OK] id=3528 cid=7678 signal=Warning pics= query=103-79-7
[OK] id=3529 cid=135441757 signal=Warning pics=GHS07 query=578-67-6
[OK] id=3530 cid=17432 signal=Danger pics=GHS06,GHS07,GHS08,GHS09 query=2593-15-9
[OK] id=3531 cid=5075259 signal=Warning pics=GHS07 query=76823-93-3
[OK] id=3532 cid=62299 signal=Danger pics=GHS03,GHS05,GHS06,GHS07,GHS09 query=89415-87-2
[NOTFOUND] id=3533 query=1332-21-4
[OK] id=3534 cid=5364387 signal=Danger pics=GHS02 query=13294-71-8
[OK] id=3535 cid=8419 signal=Warning pics=GHS07 query=120-14-9
[OK] id=3536 cid=13578 signal=Danger pics=GHS05 query=929-06-6
[OK] id=3539 cid=85955 signal=Danger pics=GHS06,GHS07 query=16069-36-6
[OK] id=3540 cid=17092 signal=Warning pics=GHS07,GHS09 query=2437-25-4
[OK] id=3541 cid=11553 signal=Danger pics=GHS05,GHS07 query=590-92-1
[OK] id=3542 cid=8144 signal=Warning pics=GHS07,GHS08,GHS09 query=111-88-6
[OK] id=3543 cid=16693908 signal=Danger pics=GHS07,GHS08,GHS09 query=15096-52-3
[NOTFOUND] id=3544 query=92045-36-8
[OK] id=3545 cid=11094 signal=Warning pics=GHS07,GHS09 query=552-46-5
[OK] id=3546 cid=25750 signal=Danger pics=GHS06,GHS07,GHS08,GHS09 query=13171-21-6
[OK] id=3547 cid=5463754 signal=Warning pics=GHS02,GHS07 query=69045-82-5
[OK] id=3548 cid=8902 signal=Danger pics=GHS02,GHS05,GHS06,GHS07,GHS08 query=142-84-7
[OK] id=3549 cid=136038702 signal= pics=GHS09 query=72453-58-8
[OK] id=3550 cid=12116632 signal=Warning pics=GHS07 query=122371-93-1
[OK] id=3551 cid=78974 signal=Warning pics=GHS02,GHS07 query=332-77-4
[OK] id=3552 cid=69808 signal=Danger pics=GHS02,GHS07 query=762-72-1
[EMPTY] id=3553 cid=174174 query=51-55-8
[OK] id=3554 cid=86137 signal=Warning pics=GHS08,GHS09 query=114311-32-9
[NOTFOUND] id=3555 query=84852-15-3
[OK] id=3556 cid=6360 signal=Danger pics=GHS02,GHS04,GHS07,GHS08 query=75-28-5
[OK] id=3557 cid=2724715 signal=Danger pics=GHS05,GHS07 query=40635-67-4
[OK] id=3558 cid=91679 signal=Warning pics=GHS07,GHS09 query=61432-55-1
[OK] id=3559 cid=31297 signal=Danger pics=GHS05,GHS06,GHS07,GHS08 query=124-63-0
[OK] id=3560 cid=6420 signal=Danger pics=GHS05,GHS06,GHS07,GHS09 query=76-02-8
[NOTFOUND] id=3561 query=97862-78-7
[OK] id=3562 cid=76965 signal=Danger pics=GHS05 query=3433-80-5
[NOTFOUND] id=3563 query=68952-79-4
[OK] id=3564 cid=23973 signal=Danger pics=GHS02,GHS06,GHS07,GHS08,GHS09 query=7440-43-9
[OK] id=3565 cid=56846457 signal=Danger pics=GHS06,GHS07,GHS08,GHS09 query=1300-73-8
[OK] id=3566 cid=457193 signal=Danger pics=GHS06,GHS08 query=50-76-0
[OK] id=3567 cid=11933 signal=Danger pics=GHS05,GHS07,GHS08,GHS09 query=612-83-9
[OK] id=3568 cid=10476 signal=Danger pics=GHS05,GHS06,GHS09 query=506-68-3
[OK] id=3569 cid=71502 signal=Danger pics=GHS05,GHS07 query=599-00-8
[OK] id=3570 cid=19648 signal=Danger pics=GHS07,GHS08,GHS09 query=3810-74-0
[OK] id=3572 cid=12504 signal=Danger pics=GHS06,GHS07 query=637-60-5
[OK] id=3573 cid=24743 signal=Warning pics=GHS08,GHS09 query=13684-56-5
[OK] id=3574 cid=23995 signal=Danger pics=GHS02,GHS07 query=7440-67-7
[OK] id=3575 cid=429065 signal=Danger pics=GHS02,GHS07 query=623-70-1
[OK] id=3576 cid=14300 signal=Danger pics=GHS06,GHS07 query=1124-33-0
[OK] id=3577 cid=56924536 signal=Danger pics=GHS05,GHS06,GHS07,GHS08,GHS09 query=10022-68-1
[NOTFOUND] id=3578 query=13516-27-3
[OK] id=3579 cid=7946 signal=Danger pics=GHS02,GHS07,GHS08 query=108-65-6
[OK] id=3580 cid=8765 signal=Danger pics=GHS07,GHS08,GHS09 query=139-65-1
[OK] id=3581 cid=8080 signal=Danger pics=GHS02,GHS07 query=110-87-2
[NOTFOUND] id=3582 query=122384-77-4
[OK] id=3583 cid=12598180 signal=Danger pics=GHS05,GHS07,GHS08,GHS09 query=13814-96-5
[OK] id=3584 cid=228548 signal=Warning pics=GHS02 query=5436-21-5
[OK] id=3585 cid=11107 signal=Danger pics=GHS05,GHS06,GHS07,GHS08,GHS09 query=553-26-4
[OK] id=3586 cid=95343 signal=Danger pics=GHS05 query=447-31-4
[OK] id=3587 cid=10403199 signal=Warning pics=GHS09 query=161326-34-7
[OK] id=3588 cid=7187 signal=Danger pics=GHS01,GHS02,GHS03,GHS07,GHS09 query=94-36-0
[OK] id=3589 cid=3039 signal=Danger pics=GHS06,GHS07,GHS08,GHS09 query=62-73-7
[OK] id=3590 cid=170012 signal=Danger pics=GHS06,GHS07,GHS08 query=2079-00-7
[OK] id=3591 cid=10522 signal=Danger pics=GHS07,GHS08,GHS09 query=510-15-6
[OK] id=3592 cid=69755 signal=Warning pics=GHS07,GHS09 query=719-96-0
[OK] id=3593 cid=11565 signal=Danger pics=GHS02,GHS05,GHS06,GHS07 query=591-22-0
[NOTFOUND] id=3594 query=68334-30-5
[OK] id=3595 cid=13594 signal=Danger pics=GHS02,GHS06,GHS07 query=930-68-7
[OK] id=3596 cid=10313134 signal=Danger pics=GHS05,GHS06,GHS07,GHS08,GHS09 query=7773-01-5
[OK] id=3597 cid=14145 signal=Warning pics=GHS07,GHS08,GHS09 query=1085-98-9
[NOTFOUND] id=3598 query=125229-74-5
[OK] id=3599 cid=7271 signal=Warning pics=GHS07,GHS08,GHS09 query=95-95-4
[NOTFOUND] id=3600 query=68477-67-8
[OK] id=3601 cid=1135 signal=Warning pics=GHS07 query=65-71-4
[OK] id=3602 cid=24678 signal=Warning pics=GHS07,GHS09 query=25168-26-7
[OK] id=3603 cid=36870 signal=Danger pics=GHS06,GHS07,GHS08,GHS09 query=34643-46-4
[OK] id=3604 cid=7865 signal=Danger pics=GHS02,GHS06,GHS07,GHS08 query=107-31-3
[EMPTY] id=3605 cid=2761468 query=114873-05-1
[OK] id=3606 cid=2723951 signal=Danger pics=GHS06,GHS07 query=1187-42-4
[OK] id=3607 cid=14337 signal=Warning pics=GHS07 query=1134-23-2
[OK] id=3608 cid=160602 signal=Danger pics=GHS05,GHS06,GHS07,GHS08,GHS09 query=1943-82-4
[OK] id=3609 cid=76646 signal=Danger pics=GHS02,GHS05,GHS07 query=3179-63-3
[OK] id=3610 cid=34 signal=Danger pics=GHS02,GHS05,GHS06,GHS07,GHS08,GHS09 query=107-07-3
[OK] id=3611 cid=7090 signal=Warning pics=GHS07,GHS09 query=92-43-3
[OK] id=3612 cid=787 signal=Danger pics=GHS01,GHS05,GHS07,GHS08,GHS09 query=7803-49-8
[EMPTY] id=3613 cid=517045 query=127-09-3
[EMPTY] id=3614 cid=6096963 query=7782-85-6
[OK] id=3615 cid=12375 signal=Danger pics=GHS02,GHS07,GHS08 query=629-14-1
[OK] id=3616 cid=2758725 signal=Danger pics=GHS06 query=541-53-7
[OK] id=3617 cid=9492 signal=Danger pics=GHS06,GHS08,GHS09 query=329-71-5
[OK] id=3618 cid=92433 signal=Danger pics=GHS05,GHS09 query=122548-33-8
[OK] id=3619 cid=86390 signal=Warning pics=GHS07,GHS09 query=130066-57-8
[OK] id=3622 cid=23963 signal=Danger pics=GHS02 query=7440-32-6
[OK] id=3623 cid=72913 signal=Warning pics=GHS07 query=1885-29-6
[OK] id=3624 cid=558519 signal=Danger pics=GHS02,GHS07 query=7291-22-7
[NOTFOUND] id=3625 query=68477-35-0
[OK] id=3626 cid=7240 signal=Danger pics=GHS06,GHS07,GHS08,GHS09 query=27134-26-5
[OK] id=3627 cid=25113606 signal=Danger pics=GHS02,GHS06,GHS07,GHS08,GHS09 query=1314-84-7
[OK] id=3628 cid=7504 signal=Danger pics=GHS02,GHS05,GHS07 query=100-46-9
[OK] id=3629 cid=13297 signal=Warning pics=GHS07,GHS08 query=842-07-9
[OK] id=3631 cid=583841 signal=Warning pics=GHS07 query=1123-56-4
[NOTFOUND] id=3632 query=68425-29-6
[EMPTY] id=3633 cid=16217523 query=16788-57-1
[OK] id=3634 cid=15589 signal=Danger pics=GHS02,GHS05,GHS07 query=1719-53-5
[OK] id=3635 cid=5215 signal=Danger pics=GHS07,GHS08,GHS09 query=68-35-9
[OK] id=3636 cid=67576 signal=Warning pics=GHS02 query=321-28-8
[OK] id=3637 cid=7738 signal=Danger pics=GHS05,GHS07 query=105-13-5
[OK] id=3638 cid=638051 signal=Danger pics=GHS02,GHS07,GHS08,GHS09 query=498-66-8
[OK] id=3639 cid=25487 signal=Warning pics=GHS07 query=12027-06-4
[EMPTY] id=3641 cid=62133 query=57607-37-1
[OK] id=3642 cid=8069 signal=Danger pics=GHS06,GHS07 query=110-69-0
[OK] id=3643 cid=32921 signal=Warning pics=GHS07,GHS09 query=25366-23-8
[OK] id=3644 cid=15347 signal=Danger pics=GHS06,GHS07,GHS08 query=1603-40-3
[OK] id=3645 cid=62276 signal=Warning pics=GHS07,GHS09 query=77501-63-4
[OK] id=3646 cid=20586 signal=Danger pics=GHS05,GHS06,GHS07,GHS09 query=4499-86-9
[OK] id=3647 cid=9933 signal=Warning pics=GHS02,GHS07 query=443-83-4
[OK] id=3648 cid=32285 signal=Warning pics=GHS07 query=24313-88-0
[OK] id=3649 cid=9153 signal=Danger pics=GHS05,GHS08,GHS09 query=205-99-2
[OK] id=3650 cid=75713 signal=Warning pics=GHS07 query=2562-37-0
[OK] id=3651 cid=1127 signal=Danger pics=GHS02,GHS07 query=110-01-0
[OK] id=3652 cid=118931 signal=Danger pics=GHS05 query=36239-09-5
[OK] id=3653 cid=9920327 signal=Danger pics=GHS02,GHS05,GHS06,GHS08,GHS09 query=71751-41-2
[OK] id=3655 cid=518710 signal=Danger pics=GHS07,GHS08 query=1314-34-7
[OK] id=3656 cid=5003444 signal=Danger pics=GHS02,GHS05,GHS06,GHS09 query=25895-60-7
[OK] id=3657 cid=7525 signal=Danger pics=GHS02,GHS05,GHS06,GHS07,GHS08 query=100-74-3
[OK] id=3658 cid=17913 signal=Warning pics=GHS07 query=2892-51-5
[OK] id=3659 cid=24823 signal=Danger pics=GHS03,GHS05,GHS06,GHS07,GHS08,GHS09 query=10028-15-6
[OK] id=3660 cid=2724294 signal=Warning pics=GHS07 query=3966-32-3
[EMPTY] id=3661 cid=101840 query=696-33-3
[OK] id=3662 cid=10981320 signal=Warning pics=GHS07 query=141362-77-8
[OK] id=3663 cid=61140 signal=Danger pics=GHS02,GHS05,GHS06,GHS07 query=592-34-7
[NOTFOUND] id=3664 query=102110-15-6
[OK] id=3665 cid=4093 signal=Danger pics=GHS05,GHS06,GHS07,GHS08 query=79-41-4
[OK] id=3666 cid=8292 signal=Danger pics=GHS06,GHS08,GHS09 query=115-90-2
[OK] id=3667 cid=75361 signal=Danger pics=GHS02,GHS07,GHS09 query=2344-80-1
[OK] id=3668 cid=6436606 signal=Warning pics=GHS07,GHS09 query=101007-06-1
[OK] id=3669 cid=12743 signal=Warning pics=GHS02 query=693-65-2
[OK] id=3670 cid=15159 signal=Warning pics=GHS07 query=1499-10-1
[OK] id=3671 cid=123446 signal=Danger pics=GHS05,GHS06,GHS08,GHS09 query=34837-55-3
[OK] id=3672 cid=10342051 signal=Danger pics=GHS06,GHS07,GHS08,GHS09 query=66230-04-4
[OK] id=3673 cid=9275 signal=Danger pics=GHS05,GHS07 query=298-07-7
[OK] id=3674 cid=92389 signal=Warning pics=GHS07,GHS08,GHS09 query=74070-46-5
[OK] id=3675 cid=6623 signal=Danger pics=GHS05,GHS07,GHS08,GHS09 query=80-05-7
[OK] id=3676 cid=7057 signal=Danger pics=GHS07,GHS08,GHS09 query=91-59-8
[OK] id=3677 cid=8206 signal=Danger pics=GHS05,GHS07 query=112-67-4
[EMPTY] id=3678 cid=10303 query=493-52-7
[NOTFOUND] id=3680 query=8063-24-9
[OK] id=3681 cid=24020 signal=Warning pics=GHS02 query=7452-79-1
[OK] id=3682 cid=7811 signal=Danger pics=GHS05,GHS06,GHS07 query=106-45-6
[OK] id=3683 cid=70320 signal=Danger pics=GHS05,GHS07 query=939-26-4
[OK] id=3685 cid=11857 signal=Warning pics=GHS07 query=609-08-5
[NOTFOUND] id=3686 query=84989-10-6
[OK] id=3687 cid=69468 signal=Danger pics=GHS05,GHS07 query=636-73-7
[OK] id=3689 cid=2759361 signal=Danger pics=GHS05 query=49617-83-6
[OK] id=3690 cid=167845 signal=Danger pics=GHS05,GHS07,GHS09 query=3375-31-3
[OK] id=3691 cid=18508 signal=Warning pics=GHS02 query=3178-22-1
[NOTFOUND] id=3692 query=92045-71-1
[OK] id=3693 cid=71586773 signal=Danger pics=GHS06,GHS07,GHS08 query=1303-33-9
[OK] id=3694 cid=12251 signal=Danger pics=GHS05,GHS07,GHS08 query=625-45-6
[OK] id=3695 cid=26010 signal=Danger pics=GHS05 query=13450-90-3
[OK] id=3696 cid=79098 signal=Danger pics=GHS02,GHS05,GHS07 query=696-59-3
[NOTFOUND] id=3697 query=68513-15-5
[OK] id=3698 cid=66031 signal=Danger pics=GHS06 query=104-47-2
[OK] id=3699 cid=3033972 signal=Danger pics=GHS05 query=488-11-9
[OK] id=3700 cid=7114 signal=Danger pics=GHS08,GHS09 query=92-93-3
[OK] id=3701 cid=8433 signal=Warning pics=GHS07 query=120-46-7
[EMPTY] id=3702 cid=5334 query=122-16-7
[OK] id=3703 cid=159402 signal=Danger pics=GHS03,GHS05 query=12029-98-0
[OK] id=3704 cid=2723955 signal=Danger pics=GHS05 query=341-02-6
[NOTFOUND] id=3705 query=90641-04-6
[OK] id=3706 cid=13646 signal=Danger pics=GHS05,GHS06 query=938-09-0
[OK] id=3707 cid=6896 signal=Danger pics=GHS07,GHS08,GHS09 query=87-62-7
[OK] id=3708 cid=75292 signal=Warning pics=GHS02,GHS07 query=2283-11-6
[OK] id=3710 cid=24007 signal=Danger pics=GHS05,GHS06,GHS07,GHS08,GHS09 query=7446-08-4
[OK] id=3711 cid=10895 signal=Warning pics=GHS02 query=540-42-1
[NOTFOUND] id=3712 query=68476-47-1
[OK] id=3713 cid=2724165 signal=Danger pics=GHS02,GHS05,GHS07,GHS08 query=353-42-4
[OK] id=3714 cid=70913 signal=Danger pics=GHS02,GHS07 query=1188-33-6
[OK] id=3715 cid=61565 signal=Danger pics=GHS08 query=12510-42-8
[OK] id=3716 cid=169132 signal=Danger pics=GHS05,GHS06,GHS07,GHS08,GHS09 query=4098-71-9
[OK] id=3717 cid=8258 signal=Danger pics=GHS02,GHS05,GHS07,GHS08 query=115-19-5
[NOTFOUND] id=3719 query=65996-93-2
[OK] id=3720 cid=7638 signal=Warning pics=GHS07 query=103-16-2
[NOTFOUND] id=3721 query=68478-04-6
[OK] id=3722 cid=10178 signal=Danger pics=GHS01,GHS06,GHS07,GHS08 query=479-45-8
[OK] id=3723 cid=11093 signal=Danger pics=GHS05,GHS07 query=552-45-4
[OK] id=3724 cid=11829350 signal=Danger pics=GHS05,GHS06 query=7789-29-9
[OK] id=3725 cid=73282 signal=Warning pics=GHS07,GHS09 query=82097-50-5
[OK] id=3726 cid=94263 signal=Warning pics=GHS07 query=3433-37-2
[OK] id=3727 cid=517232 signal=Danger pics=GHS05,GHS07 query=1111-78-0
[OK] id=3728 cid=8115 signal=Danger pics=GHS02,GHS06,GHS07,GHS08 query=111-44-4
[OK] id=3729 cid=518469 signal=Warning pics=GHS07,GHS08 query=1198-27-2
[EMPTY] id=3730 cid=9833931 query=1314-98-3
[OK] id=3731 cid=23665649 signal=Danger pics=GHS03,GHS05,GHS07,GHS08 query=7791-03-9
[OK] id=3732 cid=78714 signal=Warning pics=GHS07 query=5015-38-3
[OK] id=3733 cid=61440 signal=Danger pics=GHS05,GHS06,GHS07,GHS08,GHS09 query=10025-99-7
[OK] id=3734 cid=7761 signal=Warning pics=GHS07 query=105-53-3
[NOTFOUND] id=3735 query=92045-57-3
[OK] id=3736 cid=516920 signal=Danger pics=GHS05,GHS07 query=7646-93-7
[OK] id=3737 cid=66733472 signal=Danger pics=GHS05,GHS07,GHS09 query=2702-72-9
[OK] id=3738 cid=165675 signal=Danger pics=GHS05,GHS07,GHS08,GHS09 query=15356-60-2
[OK] id=3739 cid=17095 signal=Danger pics=GHS07,GHS08 query=2437-56-1
[OK] id=3740 cid=163595 signal=Danger pics=GHS05,GHS07,GHS09 query=91273-04-0
[OK] id=3742 cid=11777 signal=Danger pics=GHS06,GHS07,GHS09 query=603-36-1
[OK] id=3743 cid=7506 signal=Warning pics=GHS07 query=100-48-1
[OK] id=3744 cid=5284462 signal=Danger pics=GHS07,GHS08,GHS09 query=22248-79-9
[NOTFOUND] id=3745 query=68333-22-2
[OK] id=3746 cid=56160 signal=Warning pics=GHS07,GHS08,GHS09 query=90982-32-4
[OK] id=3747 cid=139400 signal=Danger pics=GHS05 query=13154-24-0
[OK] id=3748 cid=86412 signal=Danger pics=GHS07,GHS08,GHS09 query=135158-54-2
[OK] id=3749 cid=8027 signal=Warning pics=GHS02,GHS07 query=109-97-7
[OK] id=3750 cid=43359 signal=Warning pics=GHS08,GHS09 query=60568-05-0
[OK] id=3751 cid=5329 signal=Warning pics=GHS07,GHS08,GHS09 query=723-46-6
[OK] id=3752 cid=8166 signal=Danger pics=GHS05,GHS07 query=112-16-3
[OK] id=3753 cid=31373 signal=Danger pics=GHS05,GHS07,GHS08,GHS09 query=127-18-4
[OK] id=3754 cid=5909 signal=Danger pics=GHS06 query=54-71-7
[OK] id=3755 cid=33605 signal=Warning pics=GHS07 query=26766-27-8
[OK] id=3756 cid=11594 signal=Danger pics=GHS02,GHS07,GHS08,GHS09 query=592-27-8
[OK] id=3757 cid=69381 signal=Danger pics=GHS02,GHS05,GHS07 query=626-58-4
[OK] id=3758 cid=442482 signal=Danger pics=GHS02,GHS07,GHS08,GHS09 query=4221-98-1
[NOTFOUND] id=3759 query=68990-61-4
[EMPTY] id=3760 cid=54670067 query=50-81-7
[OK] id=3762 cid=5369162 signal=Warning pics=GHS07 query=924-99-2
[NOTFOUND] id=3763 query=9080-17-5
[OK] id=3764 cid=8916 signal=Danger pics=GHS05,GHS06,GHS09 query=2016-57-1
[EMPTY] id=3765 cid=8201 query=112-61-8
[OK] id=3766 cid=12481 signal=Warning pics=GHS07,GHS09 query=635-93-8
[OK] id=3767 cid=24930 signal=Danger pics=GHS05,GHS07,GHS08,GHS09 query=10101-53-8
[NOTFOUND] id=3768 query=71550-12-4
[OK] id=3769 cid=62754 signal=Danger pics=GHS05,GHS06,GHS07 query=22128-62-7
[OK] id=3772 cid=4173 signal=Danger pics=GHS07,GHS08 query=443-48-1
[OK] id=3773 cid=15600 signal=Danger pics=GHS02,GHS08,GHS09 query=124-18-5
[OK] id=3774 cid=12130 signal=Danger pics=GHS07,GHS08,GHS09 query=621-64-7
[OK] id=3775 cid=62119 signal=Danger pics=GHS06,GHS07,GHS08,GHS09 query=56634-95-8
[OK] id=3777 cid=62728 signal=Danger pics=GHS01,GHS07,GHS08 query=18810-58-7
[NOTFOUND] id=3778 query=85029-74-9
[OK] id=3780 cid=34526 signal=Danger pics=GHS07,GHS08,GHS09 query=29232-93-7
[OK] id=3781 cid=12172 signal=Warning pics=GHS07 query=623-26-7
[EMPTY] id=3782 cid=239 query=107-95-9
[OK] id=3783 cid=10129 signal=Danger pics=GHS02,GHS07,GHS08,GHS09 query=473-55-2
[OK] id=3784 cid=165746 signal=Warning pics=GHS07,GHS09 query=29590-42-9
[OK] id=3785 cid=24393 signal=Warning pics=GHS07 query=7720-78-7
[OK] id=3786 cid=7454 signal=Danger pics=GHS05 query=99-73-0
[OK] id=3787 cid=7477 signal=Danger pics=GHS05 query=100-07-2
[OK] id=3788 cid=62459 signal=Danger pics=GHS05,GHS07,GHS08,GHS09 query=2687-96-9
[OK] id=3789 cid=84352 signal=Danger pics=GHS05 query=14321-27-8
[OK] id=3790 cid=12257 signal=Danger pics=GHS02,GHS07 query=625-55-8
[OK] id=3791 cid=9817 signal=Warning pics=GHS02,GHS07 query=401-78-5
[EMPTY] id=3792 cid=9571041 query=27031-08-9
[OK] id=3793 cid=13218777 signal=Warning pics=GHS07,GHS09 query=78587-05-0
[OK] id=3794 cid=112972 signal=Warning pics=GHS07 query=62961-64-2
[OK] id=3795 cid=39985 signal=Warning pics=GHS07,GHS09 query=51338-27-3
[OK] id=3796 cid=7366 signal=Danger pics=GHS02,GHS06,GHS07,GHS08,GHS09 query=98-06-6
[OK] id=3797 cid=26331 signal=Warning pics=GHS02,GHS07 query=13925-00-3
[OK] id=3798 cid=4284 signal=Warning pics=GHS07 query=134-62-3
[OK] id=3799 cid=690730 signal=Danger pics=GHS02,GHS07 query=86-93-1
[OK] id=3801 cid=28094 signal=Danger pics=GHS06,GHS07,GHS08,GHS09 query=16812-54-7
[OK] id=3803 cid=11126 signal=Danger pics=GHS02,GHS07 query=554-14-3
[OK] id=3804 cid=213021 signal=Danger pics=GHS06,GHS08,GHS09 query=160430-64-8
[OK] id=3805 cid=1910825 signal=Warning pics=GHS07 query=54574-82-2
[EMPTY] id=3806 cid=84754 query=15014-25-2
[OK] id=3807 cid=17516 signal=Danger pics=GHS06,GHS08,GHS09 query=2631-37-0
[OK] id=3808 cid=6525 signal=Danger pics=GHS06,GHS07 query=78-27-3
[OK] id=3809 cid=71601 signal=Danger pics=GHS02,GHS07,GHS08 query=1076-43-3
[OK] id=3810 cid=5479 signal=Warning pics=GHS07,GHS08 query=19387-91-8
[OK] id=3811 cid=12477 signal=Danger pics=GHS06,GHS08,GHS09 query=635-22-3
[OK] id=3812 cid=6440728 signal=Danger pics=GHS07,GHS08,GHS09 query=83657-18-5
[OK] id=3813 cid=10557 signal=Warning pics=GHS02,GHS07 query=513-42-8
[OK] id=3814 cid=11752 signal=Danger pics=GHS02,GHS05,GHS07 query=600-36-2
[OK] id=3815 cid=8254 signal=Danger pics=GHS02,GHS04,GHS07 query=115-10-6
[EMPTY] id=3816 cid=62395 query=1314-23-4
[OK] id=3817 cid=5280970 signal=Danger pics=GHS02,GHS06,GHS07,GHS08,GHS09 query=10061-01-5
[OK] id=3818 cid=3030 signal=Danger pics=GHS05,GHS07,GHS09 query=1918-00-9
[OK] id=3819 cid=440917 signal=Danger pics=GHS02,GHS07,GHS08,GHS09 query=5989-27-5
[OK] id=3820 cid=4327891 signal=Warning pics=GHS02,GHS07 query=14533-84-7
[OK] id=3821 cid=25670 signal=Danger pics=GHS06,GHS08,GHS09 query=13071-79-9
[OK] id=3823 cid=878 signal=Danger pics=GHS02,GHS04,GHS06,GHS07,GHS08,GHS09 query=74-93-1
[NOTFOUND] id=3824 query=61789-51-3
[OK] id=3825 cid=89599 signal=Danger pics=GHS05,GHS07 query=22115-41-9
[OK] id=3826 cid=54676884 signal=Danger pics=GHS06,GHS08,GHS09 query=56073-07-5
[OK] id=3827 cid=8871 signal=Danger pics=GHS06,GHS07 query=142-08-5
[EMPTY] id=3828 cid=8281 query=115-68-4
[OK] id=3829 cid=22292067 signal=Danger pics=GHS05 query=13520-92-8
[OK] id=3830 cid=70529 signal=Danger pics=GHS05,GHS06,GHS07 query=1011-15-0
[EMPTY] id=3831 cid=23677848 query=34494-03-6
[OK] id=3832 cid=564 signal=Warning pics=GHS07 query=60-32-2
[OK] id=3833 cid=7120 signal=Danger pics=GHS05,GHS06,GHS07 query=93-05-0
[OK] id=3834 cid=2724275 signal=Warning pics=GHS02,GHS07 query=77377-52-7
[OK] id=3835 cid=138440 signal=Danger pics=GHS05,GHS07 query=5239-82-7
[OK] id=3836 cid=61019 signal=Danger pics=GHS01,GHS02,GHS06,GHS07,GHS09 query=107-71-1
[OK] id=3837 cid=6343 signal=Danger pics=GHS02,GHS06,GHS07,GHS08,GHS09 query=75-08-1
[OK] id=3838 cid=10005 signal=Warning pics=GHS07 query=461-58-5
[OK] id=3839 cid=185588 signal=Danger pics=GHS05,GHS07,GHS09 query=16484-77-8
[OK] id=3840 cid=15278321 signal=Warning pics=GHS09 query=154486-27-8
[OK] id=3841 cid=182616 signal=Danger pics=GHS03,GHS07 query=20694-39-7
[NOTFOUND] id=3842 query=8000-41-7
[OK] id=3843 cid=30859 signal=Danger pics=GHS06,GHS09 query=60238-56-4
[NOTFOUND] id=3844 query=92045-17-5
[NOTFOUND] id=3846 query=102110-14-5
[OK] id=3847 cid=7670 signal=Danger pics=GHS06,GHS07,GHS08,GHS09 query=103-69-5
[OK] id=3848 cid=11597 signal=Danger pics=GHS02,GHS07,GHS08 query=592-41-6
[OK] id=3849 cid=7416 signal=Danger pics=GHS06,GHS07,GHS08,GHS09 query=98-95-3
[OK] id=3850 cid=7401 signal=Danger pics=GHS05 query=98-68-0
[NOTFOUND] id=3851 query=68783-12-0
[OK] id=3852 cid=9620 signal=Danger pics=GHS02,GHS04 query=353-36-6
[OK] id=3853 cid=91768 signal=Danger pics=GHS06,GHS07,GHS08,GHS09 query=102851-06-9
[OK] id=3854 cid=88989 signal=Danger pics=GHS07,GHS08 query=21651-19-4
[OK] id=3855 cid=80474 signal=Danger pics=GHS06,GHS07 query=6280-87-1
[OK] id=3856 cid=7514 signal=Danger pics=GHS02,GHS05,GHS06,GHS07 query=100-60-7
[OK] id=3858 cid=67855 signal=Danger pics=GHS05,GHS07 query=394-47-8
[EMPTY] id=3859 cid=24192231 query=873-55-2
[OK] id=3860 cid=91734 signal=Danger pics=GHS08,GHS09 query=83121-18-0
[OK] id=3861 cid=6555 signal=Danger pics=GHS02,GHS07 query=78-77-3
[OK] id=3862 cid=998 signal=Danger pics=GHS05,GHS07 query=122-78-1
[OK] id=3863 cid=7443 signal=Danger pics=GHS07,GHS08,GHS09 query=99-54-7
[OK] id=3864 cid=66514 signal=Warning pics=GHS07 query=83-13-6
[OK] id=3866 cid=3224 signal=Danger pics=GHS06,GHS07,GHS08,GHS09 query=115-29-7
[OK] id=3867 cid=460 signal=Danger pics=GHS05,GHS07,GHS08 query=90-05-1
[NOTFOUND] id=3868 query=91995-79-8
[EMPTY] id=3869 cid=6106 query=61-90-5
[OK] id=3870 cid=516919 signal=Danger pics=GHS05,GHS07 query=7681-38-1
[OK] id=3871 cid=9047 signal=Warning pics=GHS07,GHS08 query=152-47-6
[OK] id=3872 cid=2724103 signal=Danger pics=GHS06,GHS07,GHS08 query=135-20-6
[OK] id=3873 cid=12149 signal=Danger pics=GHS07,GHS08 query=622-59-3
[OK] id=3874 cid=104926 signal=Danger pics=GHS06,GHS07,GHS08,GHS09 query=68359-37-5
[OK] id=3875 cid=6364 signal=Danger pics=GHS02,GHS06,GHS07 query=75-33-2
[NOTFOUND] id=3876 query=122070-78-4
[OK] id=3877 cid=70076 signal=Danger pics=GHS03,GHS05 query=865-44-1
[OK] id=3878 cid=69828 signal=Danger pics=GHS02,GHS05,GHS07 query=765-30-0
[OK] id=3879 cid=31957 signal=Danger pics=GHS06,GHS07,GHS09 query=23505-41-1
[OK] id=3880 cid=522769 signal=Danger pics=GHS05,GHS06,GHS07,GHS08 query=821-48-7
[OK] id=3881 cid=7257 signal=Danger pics=GHS05,GHS06,GHS07,GHS08,GHS09 query=95-76-1
[OK] id=3882 cid=91716 signal=Warning pics=GHS08,GHS09 query=73250-68-7
[OK] id=3883 cid=14533 signal=Warning pics=GHS07 query=1197-55-3
[OK] id=3884 cid=7751 signal=Danger pics=GHS02,GHS05,GHS06,GHS07,GHS08,GHS09 query=105-39-5
[OK] id=3885 cid=11441 signal=Warning pics=GHS07 query=584-48-5
[OK] id=3886 cid=19849276 signal=Danger pics=GHS05,GHS06,GHS07 query=19567-78-3
[OK] id=3887 cid=9543442 signal=Danger pics=GHS06,GHS08 query=23109-05-9
[OK] id=3888 cid=16029 signal=Danger pics=GHS02,GHS07,GHS08 query=1942-45-6
[OK] id=3889 cid=25563 signal=Warning pics=GHS07,GHS09 query=10025-83-9
[OK] id=3890 cid=7938 signal=Warning pics=GHS02,GHS07 query=108-50-9
[OK] id=3891 cid=8686 signal=Warning pics=GHS07,GHS09 query=136-25-4
[OK] id=3892 cid=13588 signal=Warning pics=GHS02,GHS07 query=930-30-3
[OK] id=3893 cid=7494 signal=Warning pics=GHS07 query=100-27-6
[NOTFOUND] id=3894 query=101316-84-1
[OK] id=3895 cid=10891 signal=Danger pics=GHS06,GHS07,GHS08,GHS09 query=540-23-8
[OK] id=3896 cid=11969510 signal=Warning pics=GHS07 query=106359-91-5
[OK] id=3897 cid=12586 signal=Danger pics=GHS02,GHS05,GHS07,GHS08 query=646-06-0
[EMPTY] id=3898 cid=7871 query=107-44-8
[OK] id=3899 cid=11039 signal=Danger pics=GHS02 query=547-63-7
[OK] id=3900 cid=165411828 signal=Danger pics=GHS08 query=14807-96-6
[OK] id=3901 cid=7777 signal=Danger pics=GHS05,GHS06,GHS07 query=105-83-9
[OK] id=3902 cid=7474 signal=Danger pics=GHS06,GHS07,GHS08,GHS09 query=100-00-5
[OK] id=3903 cid=8438 signal=Danger pics=GHS06,GHS07,GHS08 query=120-57-0
[OK] id=3904 cid=54745 signal=Warning pics=GHS09 query=81406-37-3
[OK] id=3905 cid=13140 signal=Danger pics=GHS02,GHS05,GHS06,GHS07,GHS09 query=814-68-6
[OK] id=3906 cid=19354 signal=Danger pics=GHS05,GHS06,GHS07 query=3680-02-2
[OK] id=3907 cid=13819 signal=Danger pics=GHS02,GHS05,GHS06 query=994-30-9
[OK] id=3908 cid=2734658 signal=Warning pics=GHS02,GHS07 query=17247-58-4
[OK] id=3909 cid=7080 signal=Warning pics=GHS07,GHS09 query=92-24-0
[NOTFOUND] id=3910 query=94114-54-2
[OK] id=3911 cid=123080 signal= pics= query=613-62-7
[OK] id=3912 cid=5364079 signal=Danger pics=GHS07,GHS08,GHS09 query=57966-95-7
[OK] id=3913 cid=9815980 signal=Warning pics=GHS07,GHS09 query=118562-73-5
[OK] id=3914 cid=9837036 signal=Danger pics=GHS06,GHS07,GHS08,GHS09 query=29935-35-1
[OK] id=3915 cid=8148 signal=Danger pics=GHS02,GHS05,GHS06,GHS07,GHS08 query=111-92-2
[OK] id=3916 cid=64655 signal=Danger pics=GHS05,GHS07 query=7784-30-7
[OK] id=3917 cid=3028194 signal=Danger pics=GHS02,GHS05,GHS08 query=7439-93-2
[EMPTY] id=3918 cid=8446 query=120-75-2
[OK] id=3919 cid=54778 signal=Warning pics=GHS07,GHS09 query=81777-89-1
[OK] id=3920 cid=6458 signal=Danger pics=GHS05,GHS07 query=76-86-8
[OK] id=3921 cid=2724126 signal=Danger pics=GHS05 query=2564-83-2
[OK] id=3922 cid=10797 signal=Danger pics=GHS02,GHS06,GHS07,GHS09 query=534-22-5
[OK] id=3923 cid=4793 signal=Danger pics=GHS06,GHS07,GHS08,GHS09 query=2310-17-0
[OK] id=3924 cid=74377 signal=Danger pics=GHS05 query=1711-09-7
[OK] id=3925 cid=75654 signal=Danger pics=GHS05,GHS07 query=2524-64-3
[OK] id=3926 cid=70129 signal=Warning pics=GHS07 query=874-90-8
[OK] id=3927 cid=10556 signal=Danger pics=GHS02,GHS06,GHS07 query=513-38-2
[OK] id=3928 cid=7573 signal=Danger pics=GHS07,GHS08,GHS09 query=101-72-4
[OK] id=3929 cid=33629 signal=Danger pics=GHS02,GHS07,GHS08 query=764-35-2
[NOTFOUND] id=3930 query=68477-96-3
[OK] id=3931 cid=28614 signal=Warning pics=GHS02,GHS07 query=17587-22-3
[OK] id=3934 cid=13709 signal=Danger pics=GHS05,GHS06,GHS07,GHS08,GHS09 query=950-37-8
[EMPTY] id=3935 cid=9571062 query=1088-92-2
[OK] id=3936 cid=61861 signal=Danger pics=GHS05,GHS06,GHS07,GHS08 query=16949-65-8
[OK] id=3937 cid=37517 signal=Danger pics=GHS06,GHS08,GHS09 query=36734-19-7
[OK] id=3938 cid=11615303 signal= pics=GHS09 query=40465-66-5
[EMPTY] id=3939 cid=10098054 query=69878-46-2
[NOTFOUND] id=3940 query=64741-53-3
[OK] id=3941 cid=62326 signal=Danger pics=GHS05,GHS06 query=79-42-5
[OK] id=3943 cid=6953 signal=Danger pics=GHS01,GHS06,GHS07,GHS09 query=88-88-0
[OK] id=3944 cid=26040 signal=Danger pics=GHS02,GHS06,GHS08 query=13463-40-6
[EMPTY] id=3945 cid=11790 query=604-59-1
[OK] id=3946 cid=8422 signal=Warning pics=GHS07 query=120-23-0
[OK] id=3947 cid=300 signal=Danger pics=GHS05,GHS06,GHS07,GHS08,GHS09 query=79-11-8
[OK] id=3948 cid=15629279 signal=Warning pics=GHS07 query=125224-62-6
[OK] id=3949 cid=7076 signal=Warning pics=GHS07,GHS09 query=26140-60-3
[OK] id=3950 cid=86876 signal=Danger pics=GHS05,GHS07,GHS08 query=19438-60-9
[OK] id=3951 cid=9723 signal=Warning pics=GHS07 query=370-81-0
[NOTFOUND] id=3952 query=68952-77-2
[OK] id=3953 cid=78312 signal=Warning pics=GHS02,GHS07 query=4551-15-9
[OK] id=3954 cid=637514 signal=Warning pics=GHS02,GHS07 query=17392-83-5
[OK] id=3955 cid=76716 signal=Warning pics=GHS07,GHS09 query=3236-71-3
[OK] id=3956 cid=16422 signal=Warning pics=GHS07,GHS09 query=2104-96-3
[OK] id=3958 cid=61186 signal=Danger pics=GHS02,GHS05,GHS06 query=638-29-9
[OK] id=3959 cid=82191 signal=Danger pics=GHS05,GHS07 query=7755-92-2
[OK] id=3960 cid=6527 signal=Danger pics=GHS07,GHS08,GHS09 query=78-30-8
[OK] id=3962 cid=12335 signal=Warning pics=GHS02,GHS07 query=628-17-1
[EMPTY] id=3963 cid=166833 query=13494-98-9
[NOTFOUND] id=3964 query=68783-07-3
[OK] id=3965 cid=3438 signal=Danger pics=GHS02,GHS05,GHS06,GHS07 query=617-89-0
[OK] id=3966 cid=21863527 signal=Danger pics=GHS05,GHS06,GHS07,GHS08 query=16961-83-4
[NOTFOUND] id=3967 query=122070-80-8
[OK] id=3969 cid=11392 signal=Danger pics=GHS02,GHS08,GHS09 query=581-89-5
[EMPTY] id=3970 cid=5486204 query=10098-97-2
[OK] id=3971 cid=517058 signal=Danger pics=GHS05,GHS07 query=127-20-8
[NOTFOUND] id=3973 query=90640-98-5
[OK] id=3974 cid=2682 signal=Warning pics=GHS07 query=36653-82-4
[OK] id=3975 cid=9815330 signal=Danger pics=GHS07,GHS08 query=12007-60-2
[EMPTY] id=3976 cid=10851 query=538-24-9
[OK] id=3977 cid=91750 signal=Warning pics=GHS07 query=93697-74-6
[OK] id=3978 cid=256127 signal=Danger pics=GHS06,GHS07,GHS08,GHS09 query=35000-38-5
[OK] id=3979 cid=31246 signal=Warning pics=GHS02,GHS07,GHS08 query=123-19-3
[OK] id=3980 cid=62493 signal=Danger pics=GHS02,GHS05,GHS06,GHS07,GHS08 query=3282-30-2
[OK] id=3981 cid=11006 signal=Danger pics=GHS07,GHS08 query=544-76-3
[NOTFOUND] id=3982 query=68477-97-4
[OK] id=3983 cid=143452 signal=Warning pics=GHS07 query=57260-71-6
[OK] id=3984 cid=7844 signal=Danger pics=GHS02,GHS04,GHS07 query=106-98-9
[OK] id=3986 cid=6720 signal=Danger pics=GHS07,GHS08,GHS09 query=82-68-8
[NOTFOUND] id=3987 query=9004-07-3
[OK] id=3988 cid=12880061 signal=Danger pics=GHS07,GHS08 query=1302-93-8
[EMPTY] id=3989 cid=6267 query=70-47-3
[OK] id=3991 cid=10296 signal=Warning pics=GHS07 query=492-37-5
[NOTFOUND] id=3992 query=64741-83-9
[EMPTY] id=3993 cid=5284349 query=1937-37-7
[NOTFOUND] id=3994 query=68477-68-9
[OK] id=3995 cid=74851 signal=Warning pics=GHS07 query=2032-34-0
[OK] id=3996 cid=31405 signal=Warning pics=GHS07,GHS09 query=128-39-2
[OK] id=3997 cid=62593 signal=Danger pics=GHS06,GHS07,GHS08 query=5873-54-1
[OK] id=3998 cid=8920 signal=Danger pics=GHS05,GHS06,GHS07,GHS09 query=143-16-8
[OK] id=3999 cid=439250 signal=Danger pics=GHS02,GHS07,GHS08,GHS09 query=5989-54-8
[EMPTY] id=4000 cid=6432705 query=7681-65-4
[OK] id=4001 cid=24744 signal=Warning pics=GHS08,GHS09 query=13684-63-4
[OK] id=4002 cid=6440557 signal=Danger pics=GHS06,GHS07,GHS08,GHS09 query=91465-08-6
[OK] id=4003 cid=90234 signal=Warning pics=GHS07 query=23680-31-1
[OK] id=4004 cid=21900096 signal=Danger pics=GHS02,GHS05,GHS06,GHS07 query=37206-20-5
[OK] id=4005 cid=77637 signal=Danger pics=GHS02,GHS05,GHS06,GHS07 query=4023-34-1
[OK] id=4006 cid=8142 signal=Danger pics=GHS08,GHS09 query=111-85-3
[OK] id=4007 cid=86305 signal=Warning pics=GHS02,GHS07 query=111439-76-0
[OK] id=4008 cid=16257 signal=Danger pics=GHS05,GHS07 query=2037-31-2
[OK] id=4009 cid=24570 signal=Danger pics=GHS05,GHS06,GHS07,GHS08,GHS09 query=7784-34-1
[OK] id=4010 cid=299882 signal=Danger pics=GHS02,GHS06,GHS07,GHS08 query=1700-10-3
[OK] id=4011 cid=8554 signal=Danger pics=GHS02,GHS05,GHS07,GHS09 query=131-11-3
[OK] id=4012 cid=4690 signal=Warning pics=GHS07,GHS09 query=20354-26-1
[OK] id=4013 cid=11246 signal=Warning pics=GHS07,GHS09 query=563-63-3
[OK] id=4014 cid=31390 signal=Warning pics=GHS07 query=127-77-5
[OK] id=4015 cid=56928061 signal=Danger pics=GHS05,GHS06,GHS07,GHS08 query=31282-04-9
[OK] id=4017 cid=15965 signal=Warning pics=GHS07,GHS08,GHS09 query=1918-02-1
[OK] id=4018 cid=62539 signal=Danger pics=GHS02,GHS06,GHS07 query=4437-51-8
[OK] id=4019 cid=7281 signal=Danger pics=GHS06,GHS07,GHS08 query=96-13-9
[EMPTY] id=4020 cid=11010 query=544-97-8
[OK] id=4021 cid=15559699 signal=Danger pics=GHS06,GHS08,GHS09 query=1024-57-3
[OK] id=4022 cid=69175 signal=Warning pics=GHS07 query=613-45-6
[EMPTY] id=4023 cid=77530 query=3931-89-3
[OK] id=4024 cid=17345 signal=Warning pics=GHS07 query=2540-82-1
[OK] id=4025 cid=15050 signal=Danger pics=GHS02,GHS07 query=1445-45-0
[OK] id=4026 cid=51341376 signal=Danger pics=GHS02,GHS07 query=94790-37-1
[OK] id=4028 cid=7586 signal=Danger pics=GHS06,GHS07,GHS08 query=101-90-6
[OK] id=4029 cid=60651 signal= pics= query=115550-35-1
[OK] id=4031 cid=66111 signal=Danger pics=GHS02,GHS05,GHS07 query=1066-54-2
[NOTFOUND] id=4032 query=93924-61-9
[NOTFOUND] id=4033 query=92045-55-1
[OK] id=4034 cid=10157484 signal= pics=GHS09 query=143807-66-3
[OK] id=4035 cid=3374 signal=Danger pics=GHS07,GHS08 query=42835-25-6
[OK] id=4036 cid=8125 signal=Danger pics=GHS02,GHS07,GHS08,GHS09 query=111-66-0
[OK] id=4037 cid=24600 signal=Danger pics=GHS03,GHS05,GHS06,GHS07,GHS08,GHS09 query=7789-09-5
[OK] id=4038 cid=17112 signal=Danger pics=GHS05 query=2439-99-8
[OK] id=4039 cid=11511 signal=Danger pics=GHS02,GHS07,GHS08,GHS09 query=589-43-5
[OK] id=4040 cid=66279 signal=Danger pics=GHS05,GHS07 query=10147-36-1
[OK] id=4041 cid=6332 signal=Danger pics=GHS02,GHS07,GHS08 query=74-96-4
[OK] id=4042 cid=98330 signal=Danger pics=GHS05,GHS07 query=40018-26-6
[OK] id=4043 cid=81878 signal=Danger pics=GHS06,GHS07,GHS09 query=7393-43-3
[OK] id=4044 cid=7903 signal=Danger pics=GHS02,GHS06,GHS07,GHS08 query=108-03-2
[OK] id=4045 cid=5324 signal=Warning pics=GHS07 query=57-67-0
[OK] id=4046 cid=28557 signal=Warning pics=GHS07 query=17455-13-9
[OK] id=4047 cid=65617 signal=Danger pics=GHS05 query=3144-16-9
[OK] id=4048 cid=3036 signal=Danger pics=GHS06,GHS07,GHS08,GHS09 query=50-29-3
[OK] id=4049 cid=22324 signal=Danger pics=GHS05,GHS06,GHS07,GHS09 query=6004-24-6
[NOTFOUND] id=4050 query=64741-63-5
[OK] id=4051 cid=7873 signal=Danger pics=GHS06,GHS07,GHS08,GHS09 query=107-49-3
[OK] id=4052 cid=10800 signal=Danger pics=GHS05,GHS06,GHS07,GHS08,GHS09 query=534-52-1
[OK] id=4053 cid=3017015 signal=Warning pics=GHS07 query=41202-32-8
[NOTFOUND] id=4054 query=101896-26-8
[OK] id=4055 cid=6544 signal=Warning pics=GHS07,GHS08 query=78-59-1
[OK] id=4056 cid=1174 signal=Warning pics=GHS07 query=66-22-8
[OK] id=4057 cid=7002 signal=Danger pics=GHS07,GHS08,GHS09 query=90-12-0
[NOTFOUND] id=4058 query=63938-10-3
[OK] id=4059 cid=20170 signal=Warning pics=GHS07 query=4196-99-0
[OK] id=4060 cid=24730 signal=Danger pics=GHS05,GHS07 query=122-20-3
[OK] id=4061 cid=11512 signal=Danger pics=GHS02,GHS07,GHS08,GHS09 query=589-53-7
[OK] id=4062 cid=6214 signal=Danger pics=GHS07,GHS08,GHS09 query=67-72-1
[OK] id=4063 cid=2723789 signal=Danger pics=GHS06 query=79-19-6
[OK] id=4064 cid=8265 signal=Warning pics=GHS07,GHS08 query=115-27-5
[EMPTY] id=4065 cid=6541 query=78-52-4
[NOTFOUND] id=4066 query=90640-90-7
[OK] id=4067 cid=53597 signal=Danger pics=GHS05,GHS06,GHS07,GHS08,GHS09 query=77182-82-2
[OK] id=4068 cid=31347 signal=Danger pics=GHS07,GHS08 query=126-33-0
[OK] id=4069 cid=5354495 signal=Danger pics=GHS06,GHS07,GHS08,GHS09 query=7440-36-0
[OK] id=4070 cid=9317 signal=Danger pics=GHS05,GHS07,GHS08,GHS09 query=301-04-2
[OK] id=4072 cid=24250 signal=Danger pics=GHS05,GHS07 query=373-44-4
[OK] id=4073 cid=6713753 signal=Danger pics=GHS02,GHS05,GHS06,GHS07,GHS09 query=513-49-5
[OK] id=4074 cid=2733939 signal=Warning pics=GHS07 query=52093-30-8
[OK] id=4075 cid=27189 signal=Warning pics=GHS07,GHS09 query=15299-99-7
[EMPTY] id=4076 cid=75969 query=2743-38-6
[OK] id=4077 cid=442021 signal=Danger pics=GHS06,GHS07,GHS08 query=357-57-3
[NOTFOUND] id=4078 query=64742-45-6
[OK] id=4079 cid=67693 signal=Danger pics=GHS06 query=350-70-9
[OK] id=4080 cid=344784 signal=Warning pics=GHS07 query=5896-17-3
[OK] id=4081 cid=91745 signal=Danger pics=GHS07,GHS09 query=87818-31-3
[NOTFOUND] id=4082 query=12141-67-2
[EMPTY] id=4083 cid=16204749 query=1404-55-3
[OK] id=4084 cid=16272 signal=Warning pics=GHS07 query=2042-37-7
[OK] id=4085 cid=11519 signal=Danger pics=GHS02,GHS07,GHS08,GHS09 query=589-81-1
[OK] id=4087 cid=1570 signal=Danger pics=GHS06,GHS07 query=1121-31-9
[OK] id=4088 cid=10952 signal=Warning pics=GHS02,GHS07,GHS09 query=542-18-7
[EMPTY] id=4089 cid=6451 query=76-60-8
[OK] id=4090 cid=16211466 signal=Danger pics=GHS03,GHS05,GHS07,GHS09 query=10294-41-4
[NOTFOUND] id=4091 query=101316-57-8
[OK] id=4093 cid=15615 signal=Danger pics=GHS07,GHS08 query=1738-25-6
[EMPTY] id=4094 cid=78925 query=5271-38-5
[EMPTY] id=4095 cid=50367 query=69327-76-0
[OK] id=4096 cid=8749 signal=Danger pics=GHS02,GHS06,GHS07,GHS08 query=138-89-6
[OK] id=4098 cid=13904 signal=Warning pics=GHS07,GHS09 query=1014-69-3
[OK] id=4099 cid=2734819 signal=Warning pics=GHS07 query=1918-13-4
[OK] id=4100 cid=8908 signal=Warning pics=GHS02,GHS07,GHS09 query=142-92-7
[OK] id=4101 cid=93541 signal=Danger pics=GHS08,GHS09 query=116714-46-6
[OK] id=4102 cid=9706 signal=Danger pics=GHS02,GHS05 query=367-11-3
[OK] id=4104 cid=7448 signal=Danger pics=GHS05,GHS07 query=99-60-5
[EMPTY] id=4105 cid=2761487 query=138662-63-2
[OK] id=4106 cid=60984 signal=Danger pics=GHS05,GHS06,GHS07 query=96-32-2
[OK] id=4108 cid=8297 signal=Warning pics=GHS07 query=116-01-8
[OK] id=4109 cid=8868 signal=Warning pics=GHS07 query=141-97-9
[OK] id=4110 cid=54680085 signal=Danger pics=GHS06,GHS07,GHS08,GHS09 query=28772-56-7
[OK] id=4111 cid=6201 signal=Warning pics=GHS07 query=66-99-9
[OK] id=4112 cid=15118 signal=Danger pics=GHS06,GHS07 query=1470-94-6
[OK] id=4113 cid=10977 signal=Danger pics=GHS02,GHS07 query=543-59-9
[OK] id=4114 cid=22311 signal=Danger pics=GHS02,GHS07,GHS08,GHS09 query=7705-14-8
[OK] id=4115 cid=498987 signal=Danger pics=GHS07,GHS08,GHS09 query=74227-35-3
[OK] id=4116 cid=95422 signal=Warning pics=GHS07 query=4977-62-2
[OK] id=4117 cid=6426889 signal=Danger pics=GHS03,GHS06,GHS07,GHS08,GHS09 query=3811-04-9
[OK] id=4118 cid=12286 signal=Danger pics=GHS02,GHS06,GHS07 query=626-55-1
[NOTFOUND] id=4119 query=82110-72-3
[NOTFOUND] id=4120 query=68513-66-6
[NOTFOUND] id=4121 query=18497-13-7
[NOTFOUND] id=4122 query=68477-95-2
[OK] id=4123 cid=6100711 signal=Danger pics=GHS07,GHS08,GHS09 query=12071-83-9
[OK] id=4124 cid=31263 signal=Danger pics=GHS05,GHS08 query=123-62-6
[OK] id=4125 cid=33643 signal=Warning pics=GHS02,GHS07 query=107-08-4
[EMPTY] id=4126 cid=119 query=56-12-2
[OK] id=4127 cid=6811 signal=Danger pics=GHS05,GHS07,GHS08 query=85-44-9
[OK] id=4128 cid=2734481 signal=Warning pics=GHS07 query=76985-10-9
[OK] id=4129 cid=10567 signal=Danger pics=GHS02,GHS05,GHS06,GHS07,GHS09 query=513-88-2
[OK] id=4130 cid=24721400 signal=Danger pics=GHS06 query=4845-99-2
[OK] id=4131 cid=1146 signal=Danger pics=GHS02,GHS04,GHS05,GHS07,GHS08 query=75-50-3
[OK] id=4132 cid=138598 signal=Warning pics=GHS07 query=5824-40-8
[OK] id=4133 cid=7848 signal=Danger pics=GHS02,GHS07,GHS09 query=107-03-9
[OK] id=4134 cid=9897 signal=Warning pics=GHS02,GHS07 query=433-27-2
[OK] id=4135 cid=86132 signal=Danger pics=GHS06,GHS07,GHS08,GHS09 query=94361-06-5
[OK] id=4136 cid=69070 signal=Danger pics=GHS06,GHS08 query=606-22-4
[EMPTY] id=4138 cid=2724049 query=917-54-4
[NOTFOUND] id=4139 query=97926-77-7
[OK] id=4140 cid=96437 signal=Warning pics=GHS07 query=39742-60-4
[OK] id=4141 cid=15533 signal=Danger pics=GHS06,GHS07,GHS08,GHS09 query=1689-99-2
[OK] id=4142 cid=11855 signal=Danger pics=GHS02,GHS07,GHS08,GHS09 query=608-93-5
[NOTFOUND] id=4143 query=94114-48-4
[NOTFOUND] id=4144 query=85409-17-2
[OK] id=4145 cid=24654 signal=Danger pics=GHS02,GHS05,GHS06,GHS07,GHS08,GHS09 query=10217-52-4
[NOTFOUND] id=4146 query=64742-38-7
[OK] id=4147 cid=24637 signal=Danger pics=GHS03,GHS04,GHS05,GHS06,GHS08,GHS09 query=7790-91-2
[OK] id=4148 cid=5371562 signal=Danger pics=GHS06,GHS08,GHS09 query=6923-22-4
[OK] id=4150 cid=5359268 signal=Danger pics=GHS02,GHS08 query=7429-90-5
[OK] id=4151 cid=30913 signal=Danger pics=GHS05,GHS07,GHS08,GHS09 query=15263-52-2
[NOTFOUND] id=4153 query=64741-42-0
[EMPTY] id=4154 cid=61492 query=10198-40-0
[NOTFOUND] id=4155 query=1344-67-8
[OK] id=4156 cid=6116 signal=Warning pics=GHS07 query=62-54-4
[OK] id=4157 cid=31389 signal=Warning pics=GHS07 query=127-68-4
[OK] id=4158 cid=15290 signal=Warning pics=GHS02,GHS07,GHS09 query=1569-69-3
[OK] id=4160 cid=6946 signal=Danger pics=GHS06,GHS07,GHS08,GHS09 query=88-74-4
[OK] id=4161 cid=86102 signal=Danger pics=GHS06,GHS07,GHS08,GHS09 query=107534-96-3
[OK] id=4162 cid=13218779 signal=Warning pics=GHS07,GHS09 query=115-31-1
[OK] id=4163 cid=16666 signal=Warning pics=GHS07 query=2216-51-5
[NOTFOUND] id=4164 query=92045-22-2
[OK] id=4165 cid=2724264 signal=Danger pics=GHS05,GHS06,GHS07,GHS09 query=3886-70-2
[OK] id=4166 cid=18467 signal=Warning pics=GHS07 query=3149-28-8
[NOTFOUND] id=4168 query=69365-72-6
[OK] id=4169 cid=10422 signal=Danger pics=GHS02,GHS05 query=503-29-7
[OK] id=4170 cid=6581 signal=Danger pics=GHS02,GHS05,GHS06,GHS07,GHS08,GHS09 query=79-10-7
[OK] id=4171 cid=11341 signal=Danger pics=GHS06,GHS07,GHS08 query=577-19-5
[OK] id=4172 cid=7259 signal=Danger pics=GHS06,GHS07,GHS08,GHS09 query=95-78-3
[OK] id=4173 cid=609822 signal=Warning pics=GHS07 query=22078-59-7
[OK] id=4174 cid=97354 signal=Warning pics=GHS09 query=54914-85-1
[OK] id=4175 cid=118244 signal= pics= query=35541-81-2
[OK] id=4177 cid=6593 signal=Danger pics=GHS05,GHS09 query=79-36-7
[OK] id=4178 cid=12056 signal=Danger pics=GHS05,GHS07 query=618-32-6
[OK] id=4180 cid=2268 signal=Danger pics=GHS06,GHS07,GHS08,GHS09 query=86-50-0
[OK] id=4181 cid=62695 signal=Danger pics=GHS02,GHS03,GHS04 query=107-01-7
[OK] id=4183 cid=7841 signal=Danger pics=GHS02,GHS05,GHS06,GHS07,GHS08,GHS09 query=106-95-6
[NOTFOUND] id=4184 query=68308-10-1
[OK] id=4185 cid=67793 signal=Warning pics=GHS02,GHS07 query=372-31-6
[OK] id=4187 cid=2707 signal=Danger pics=GHS05,GHS06,GHS07,GHS08 query=302-17-0
[OK] id=4188 cid=5603 signal=Danger pics=GHS02,GHS05,GHS07 query=123-82-0
[OK] id=4189 cid=111923 signal=Danger pics=GHS05,GHS07 query=68957-94-8
[OK] id=4190 cid=16945 signal=Danger pics=GHS06,GHS07,GHS08,GHS09 query=2385-85-5
[OK] id=4191 cid=8561 signal=Danger pics=GHS08,GHS09 query=131-18-0
[OK] id=4192 cid=5364783 signal=Danger pics=GHS05 query=112-77-6
[OK] id=4193 cid=21611 signal=Warning pics=GHS07 query=5460-29-7
[OK] id=4194 cid=13529 signal=Danger pics=GHS05,GHS07,GHS08 query=920-66-1
[OK] id=4195 cid=10332 signal=Danger pics=GHS06,GHS07,GHS08,GHS09 query=496-72-0
[OK] id=4196 cid=7620 signal=Danger pics=GHS05 query=102-79-4
[OK] id=4197 cid=11509 signal=Warning pics=GHS02 query=589-38-8
[OK] id=4198 cid=2761463 signal=Warning pics=GHS07 query=114873-02-8
[OK] id=4199 cid=13662 signal=Danger pics=GHS05,GHS06,GHS07,GHS08,GHS09 query=941-69-5
[OK] id=4200 cid=25134 signal=Danger pics=GHS05,GHS06,GHS08 query=10294-33-4
[OK] id=4201 cid=11241 signal=Danger pics=GHS02,GHS05,GHS06,GHS07,GHS08,GHS09 query=563-47-3
[OK] id=4202 cid=2345 signal=Warning pics=GHS07,GHS09 query=120-51-4
[OK] id=4203 cid=74049 signal=Danger pics=GHS02,GHS05 query=1445-73-4
[OK] id=4204 cid=8640 signal=Danger pics=GHS06,GHS07,GHS08,GHS09 query=134-32-7
[OK] id=4205 cid=90878 signal=Warning pics=GHS07 query=23074-42-2
[NOTFOUND] id=4206 query=34090-76-1
[OK] id=4207 cid=20024 signal=Warning pics=GHS02,GHS07 query=6117-91-5
[OK] id=4208 cid=13676 signal=Danger pics=GHS06,GHS07,GHS08,GHS09 query=944-22-9
[OK] id=4209 cid=13728 signal=Warning pics=GHS07 query=957-51-7
[OK] id=4210 cid=8070 signal=Danger pics=GHS02,GHS05,GHS07 query=110-70-3
[OK] id=4211 cid=62356 signal=Danger pics=GHS05,GHS07 query=422-64-0
[OK] id=4212 cid=79668 signal=Danger pics=GHS05,GHS07 query=5538-51-2
[NOTFOUND] id=4213 query=70592-78-8
[OK] id=4215 cid=7265 signal=Danger pics=GHS07,GHS08 query=95-85-2
[OK] id=4216 cid=157058 signal=Danger pics=GHS05,GHS07,GHS08 query=77402-05-2
[OK] id=4217 cid=6277 signal=Danger pics=GHS07,GHS08,GHS09 query=71-48-7
[OK] id=4218 cid=70718 signal=Danger pics=GHS05,GHS06 query=1121-24-0
[OK] id=4219 cid=47326 signal=Danger pics=GHS06,GHS07,GHS08,GHS09 query=39515-41-8
[EMPTY] id=4220 cid=5335 query=526-08-9
[OK] id=4221 cid=79074 signal=Warning pics=GHS07 query=621-56-7
[OK] id=4222 cid=4033 signal=Danger pics=GHS05,GHS06,GHS08 query=51-75-2
[NOTFOUND] id=4223 query=14874-82-9
[OK] id=4224 cid=61239 signal=Danger pics=GHS02,GHS07,GHS08,GHS09 query=927-80-0
[OK] id=4225 cid=7422 signal=Danger pics=GHS06,GHS07,GHS08,GHS09 query=99-08-1
[OK] id=4226 cid=12982 signal=Danger pics=GHS02,GHS06,GHS07 query=762-49-2
[OK] id=4227 cid=107828 signal=Warning pics=GHS07,GHS09 query=99283-01-9
[OK] id=4228 cid=11592 signal=Danger pics=GHS02,GHS07,GHS08,GHS09 query=592-13-2
[OK] id=4229 cid=5564 signal=Danger pics=GHS06,GHS07,GHS09 query=3380-34-5
[OK] id=4230 cid=11087 signal=Warning pics=GHS07 query=552-16-9
[OK] id=4231 cid=101667988 signal=Danger pics=GHS02,GHS05,GHS09 query=557-20-0
[OK] id=4232 cid=7570 signal=Danger pics=GHS06,GHS07,GHS08 query=101-68-8
[OK] id=4233 cid=160904 signal=Danger pics=GHS03,GHS07,GHS08,GHS09 query=7783-99-5
[OK] id=4234 cid=23670592 signal=Danger pics=GHS02,GHS05 query=917-58-8
[OK] id=4235 cid=16181 signal=Warning pics=GHS07,GHS09 query=2008-41-5
[OK] id=4236 cid=170633 signal=Danger pics=GHS06,GHS07,GHS08 query=42340-98-7
[OK] id=4237 cid=78301 signal=Warning pics=GHS07 query=4543-66-2
[OK] id=4238 cid=78378 signal=Danger pics=GHS02,GHS06,GHS09 query=4648-54-8
[OK] id=4239 cid=10040 signal=Danger pics=GHS06,GHS07 query=463-71-8
[OK] id=4240 cid=13905 signal=Warning pics=GHS07,GHS08,GHS09 query=1014-70-6
[OK] id=4241 cid=297 signal=Danger pics=GHS02,GHS04 query=8006-14-2
[OK] id=4242 cid=7304 signal=Warning pics=GHS07 query=96-54-8
[NOTFOUND] id=4243 query=91770-57-9
[EMPTY] id=4244 cid=34804 query=30084-90-3
[OK] id=4245 cid=447213 signal=Danger pics=GHS05 query=3182-95-4
[EMPTY] id=4246 cid=12836 query=712-48-1
[OK] id=4248 cid=15793 signal=Danger pics=GHS05,GHS07,GHS08,GHS09 query=124-30-1
[OK] id=4250 cid=71335 signal=Warning pics=GHS07,GHS08 query=112398-08-0
[OK] id=4251 cid=11567 signal=Warning pics=GHS02,GHS07 query=591-24-2
[OK] id=4252 cid=7311 signal=Danger pics=GHS05,GHS07,GHS08,GHS09 query=96-76-4
[OK] id=4253 cid=54740 signal=Warning pics=GHS07,GHS09 query=81335-77-5
[OK] id=4254 cid=13388 signal=Warning pics=GHS02,GHS07 query=872-55-9
[OK] id=4255 cid=9480 signal=Warning pics=GHS07,GHS08 query=328-74-5
[NOTFOUND] id=4256 query=68475-57-0
[EMPTY] id=4257 cid=23675767 query=7782-87-8
[OK] id=4258 cid=2759434 signal=Danger pics=GHS06,GHS07 query=78375-48-1
[OK] id=4259 cid=10821 signal=Danger pics=GHS02,GHS07,GHS08 query=536-74-3
[OK] id=4260 cid=123458 signal=Danger pics=GHS02,GHS05,GHS07 query=37143-54-7
[OK] id=4261 cid=21801 signal=Danger pics=GHS02,GHS05,GHS07 query=5593-70-4
[NOTFOUND] id=4262 query=84989-03-7
[OK] id=4263 cid=86353 signal= pics=GHS09 query=119126-15-7
[EMPTY] id=4264 cid=156542 query=75021-72-6
[OK] id=4265 cid=8680 signal=Danger pics=GHS02,GHS07,GHS08,GHS09 query=135-98-8
[OK] id=4266 cid=8021 signal=Danger pics=GHS02,GHS05,GHS06,GHS07,GHS08 query=109-89-7
[OK] id=4267 cid=138394175 signal=Danger pics=GHS06,GHS08,GHS09 query=7782-86-7
[OK] id=4268 cid=13396 signal=Danger pics=GHS06,GHS07 query=873-74-5
[OK] id=4269 cid=444266 signal=Danger pics=GHS05,GHS07,GHS08 query=110-16-7
[OK] id=4270 cid=7490 signal=Warning pics=GHS07 query=100-22-1
[OK] id=4271 cid=9864 signal=Danger pics=GHS05,GHS06,GHS07,GHS08,GHS09 query=420-04-2
[OK] id=4272 cid=177577 signal=Danger pics=GHS05,GHS07,GHS08,GHS09 query=15244-36-7
[OK] id=4273 cid=20055509 signal=Danger pics=GHS06 query=6533-68-2
[OK] id=4274 cid=637921 signal=Danger pics=GHS02,GHS06,GHS07,GHS08 query=4786-20-3
[OK] id=4275 cid=81852 signal=Warning pics=GHS07 query=7379-35-3
[OK] id=4277 cid=16211674 signal=Danger pics=GHS03,GHS05 query=14985-18-3
[OK] id=4278 cid=14273 signal=Danger pics=GHS02,GHS05,GHS06,GHS07,GHS09 query=1121-60-4
[OK] id=4279 cid=15257 signal=Warning pics=GHS02,GHS07 query=1558-17-4
[OK] id=4280 cid=96623 signal=Danger pics=GHS02,GHS05,GHS06,GHS07 query=38870-89-2
[EMPTY] id=4281 cid=66210 query=10026-10-5
[OK] id=4282 cid=443135 signal=Danger pics=GHS05,GHS07 query=1445-91-6
[OK] id=4283 cid=21210 signal=Warning pics=GHS07 query=5131-66-8
[OK] id=4284 cid=17604 signal=Danger pics=GHS05,GHS06,GHS07,GHS08,GHS09 query=2698-41-1
[OK] id=4285 cid=5284406 signal=Danger pics=GHS07,GHS08,GHS09 query=1335-32-6
[OK] id=4286 cid=13046 signal=Danger pics=GHS05 query=773-64-8
[OK] id=4287 cid=74694 signal=Warning pics=GHS07,GHS09 query=1897-41-2
[OK] id=4288 cid=15361821 signal=Danger pics=GHS05,GHS06,GHS09 query=1344-08-7
[OK] id=4289 cid=22201 signal=Warning pics=GHS02,GHS07 query=5910-89-4
[OK] id=4291 cid=11869 signal=Danger pics=GHS06,GHS08 query=609-72-3
[OK] id=4292 cid=2734062 signal=Danger pics=GHS02,GHS05,GHS06,GHS07,GHS08 query=51594-55-9
[OK] id=4293 cid=62655 signal=Danger pics=GHS03,GHS07,GHS08 query=7775-27-1
[NOTFOUND] id=4294 query=71629-74-8
[OK] id=4295 cid=3080792 signal=Danger pics=GHS05 query=39637-99-5
[OK] id=4296 cid=69587 signal=Danger pics=GHS06,GHS07 query=668-45-1
[OK] id=4297 cid=5340 signal=Warning pics=GHS07 query=72-14-0
[OK] id=4298 cid=7907 signal=Danger pics=GHS02,GHS07,GHS08,GHS09 query=108-08-7
[EMPTY] id=4299 cid=8210 query=112-73-2
[OK] id=4300 cid=12898 signal=Danger pics=GHS06,GHS07,GHS08,GHS09 query=731-27-1
[OK] id=4301 cid=7248 signal=Danger pics=GHS06,GHS07,GHS08,GHS09 query=95-64-7
[OK] id=4302 cid=28928 signal=Danger pics=GHS02,GHS05,GHS07,GHS09 query=18162-48-6
[OK] id=4303 cid=9937 signal=Warning pics=GHS07 query=446-36-6
[OK] id=4304 cid=6167 signal=Danger pics=GHS05,GHS06,GHS08 query=64-86-8
[OK] id=4305 cid=83756 signal=Danger pics=GHS05,GHS07 query=13822-56-5
[OK] id=4306 cid=62714 signal=Danger pics=GHS02,GHS05,GHS06,GHS08 query=7580-67-8
[OK] id=4308 cid=637930 signal=Danger pics=GHS06 query=764-42-1
[EMPTY] id=4309 cid=5997 query=57-88-5
[OK] id=4310 cid=6276 signal=Danger pics=GHS02,GHS05,GHS07,GHS08 query=30899-19-5
[OK] id=4311 cid=6537506 signal=Danger pics=GHS08 query=32536-52-0
[OK] id=4312 cid=23938 signal=Danger pics=GHS02,GHS07 query=7440-05-3
[OK] id=4313 cid=84310 signal=Warning pics=GHS07 query=14268-66-7
[OK] id=4314 cid=7371 signal=Danger pics=GHS05,GHS07 query=98-11-3
[OK] id=4315 cid=2903 signal=Danger pics=GHS05 query=5452-37-9
[OK] id=4316 cid=18827 signal=Warning pics=GHS07,GHS09 query=3391-86-4
[OK] id=4317 cid=7755 signal=Danger pics=GHS05 query=105-43-1
[OK] id=4318 cid=7302 signal=Danger pics=GHS05,GHS06,GHS07,GHS08 query=96-48-0
[OK] id=4319 cid=8212 signal=Danger pics=GHS05,GHS07 query=112-76-5
[OK] id=4320 cid=65367 signal=Danger pics=GHS02,GHS05 query=27607-77-8
[OK] id=4321 cid=521300 signal=Warning pics=GHS02,GHS07 query=5077-67-8
[NOTFOUND] id=4322 query=25013-15-4
[OK] id=4323 cid=36565 signal=Warning pics=GHS07,GHS08,GHS09 query=33629-47-9
[OK] id=4324 cid=2723 signal=Warning pics=GHS07 query=88-04-0
[OK] id=4325 cid=2754316 signal=Warning pics=GHS07 query=50777-76-9
[OK] id=4326 cid=91744 signal=Danger pics=GHS07,GHS08,GHS09 query=87674-68-8
[EMPTY] id=4327 cid=516893 query=298-14-6
[OK] id=4328 cid=80277 signal=Danger pics=GHS07,GHS08,GHS09 query=112281-77-3
[EMPTY] id=4329 cid=10112 query=471-34-1
[OK] id=4330 cid=9973 signal=Danger pics=GHS05,GHS07 query=456-22-4
[EMPTY] id=4331 cid=44144434 query=41587-36-4
[OK] id=4332 cid=6885 signal=Warning pics=GHS07 query=87-41-2
[OK] id=4333 cid=8728 signal=Warning pics=GHS02 query=137-43-9
[OK] id=4334 cid=6442842 signal=Danger pics=GHS06,GHS07,GHS08,GHS09 query=82657-04-3
[OK] id=4335 cid=9868636 signal=Warning pics=GHS07,GHS09 query=138-32-9
[OK] id=4336 cid=47445 signal=Danger pics=GHS06,GHS09 query=64628-44-0
[OK] id=4337 cid=80105 signal=Warning pics=GHS02,GHS07 query=6006-65-1
[OK] id=4338 cid=6598 signal=Danger pics=GHS06,GHS07,GHS08,GHS09 query=79-44-7
[OK] id=4339 cid=638011 signal=Warning pics=GHS07,GHS08 query=5392-40-5
[OK] id=4340 cid=11173 signal=Danger pics=GHS02,GHS05,GHS07,GHS08 query=556-82-1
[OK] id=4341 cid=72930 signal=Warning pics=GHS07 query=5345-47-1
[OK] id=4342 cid=2724173 signal=Danger pics=GHS06,GHS07,GHS08 query=14649-03-7
[OK] id=4344 cid=14957 signal=Danger pics=GHS06,GHS09 query=1397-94-0
[OK] id=4345 cid=83546 signal=Danger pics=GHS05 query=13517-10-7
[NOTFOUND] id=4346 query=9002-84-0
[OK] id=4347 cid=17819 signal=Warning pics=GHS07,GHS09 query=2835-99-6
[EMPTY] id=4348 cid=93525 query=98389-04-9
[OK] id=4349 cid=11903 signal=Danger pics=GHS02,GHS07,GHS08,GHS09 query=611-14-3
[OK] id=4350 cid=15337 signal=Danger pics=GHS05,GHS06,GHS07,GHS08,GHS09 query=1600-27-7
[OK] id=4351 cid=4947 signal=Danger pics=GHS05,GHS07,GHS08,GHS09 query=121-79-9
[OK] id=4352 cid=17110 signal=Danger pics=GHS05,GHS06,GHS07,GHS08,GHS09 query=2439-10-3
[OK] id=4353 cid=4936 signal=Danger pics=GHS05,GHS06,GHS07,GHS08,GHS09 query=2312-35-8
[OK] id=4354 cid=88561 signal=Danger pics=GHS02 query=20487-40-5
[EMPTY] id=4355 cid=23985 query=7440-57-5
[OK] id=4356 cid=246728 signal=Warning pics=GHS02,GHS07 query=106-68-3
[OK] id=4357 cid=7516 signal=Danger pics=GHS06,GHS07,GHS08,GHS09 query=100-63-0
[NOTFOUND] id=4358 query=68513-18-8
[OK] id=4359 cid=13182 signal=Danger pics=GHS06,GHS07 query=821-10-3
[NOTFOUND] id=4360 query=68477-77-0
[OK] id=4362 cid=14502 signal=Danger pics=GHS02,GHS08 query=1192-37-6
[EMPTY] id=4363 cid=994 query=150-30-1
[OK] id=4364 cid=15765 signal=Danger pics=GHS06,GHS07 query=1824-81-3
[NOTFOUND] id=4365 query=91995-54-9
[OK] id=4366 cid=67844 signal=Danger pics=GHS02,GHS07 query=383-64-2
[OK] id=4367 cid=16682948 signal=Danger pics=GHS02,GHS05 query=1070-00-4
[EMPTY] id=4368 cid=61456 query=10039-32-4
[OK] id=4369 cid=85689 signal=Danger pics=GHS05,GHS07,GHS08 query=85-42-7
[OK] id=4370 cid=13389335 signal=Warning pics=GHS07,GHS09 query=2302-17-2
[OK] id=4371 cid=15546 signal=Warning pics=GHS07,GHS09 query=1698-60-8
[NOTFOUND] id=4372 query=9001-98-3
[OK] id=4373 cid=2724068 signal=Danger pics=GHS06 query=13939-06-5
[OK] id=4374 cid=90078 signal=Danger pics=GHS05 query=23378-88-3
[OK] id=4375 cid=108874 signal=Danger pics=GHS05 query=60010-51-7
[OK] id=4377 cid=12090 signal=Danger pics=GHS06 query=619-72-7
[OK] id=4378 cid=39681 signal=Warning pics=GHS07,GHS09 query=50512-35-1
[OK] id=4379 cid=13530 signal=Danger pics=GHS05,GHS06,GHS09 query=921-03-9
[OK] id=4380 cid=6558 signal=Danger pics=GHS02,GHS05,GHS06,GHS07 query=78-81-9
[OK] id=4381 cid=12310947 signal=Danger pics=GHS06,GHS07,GHS08,GHS09 query=309-00-2
[OK] id=4382 cid=186078 signal=Warning pics=GHS07 query=23147-58-2
[NOTFOUND] id=4383 query=91995-41-4
[EMPTY] id=4384 cid=69610 query=676-99-3
[NOTFOUND] id=4385 query=68783-64-2
[OK] id=4386 cid=94433 signal=Danger pics=GHS05,GHS07 query=32503-27-8
[OK] id=4387 cid=7856 signal=Danger pics=GHS02,GHS06,GHS07,GHS09 query=107-14-2
[OK] id=4388 cid=21202 signal=Danger pics=GHS05,GHS06,GHS07,GHS08,GHS09 query=5124-30-1
[OK] id=4389 cid=6262774 signal=Danger pics=GHS06,GHS07,GHS09 query=706-31-0
[OK] id=4391 cid=3090 signal=Warning pics=GHS07,GHS08 query=551-92-8
[OK] id=4392 cid=33565 signal=Warning pics=GHS07 query=26644-46-2
[EMPTY] id=4393 cid=7340 query=97-56-3
[OK] id=4394 cid=10966 signal=Danger pics=GHS02,GHS05,GHS06,GHS07,GHS08,GHS09 query=542-85-8
[OK] id=4395 cid=2735919 signal=Danger pics=GHS05,GHS06,GHS07,GHS08,GHS09 query=399-95-1
[OK] id=4397 cid=9936739 signal=Danger pics=GHS06,GHS07,GHS08,GHS09 query=144171-61-9
[OK] id=4398 cid=2724350 signal=Danger pics=GHS07,GHS08 query=6112-76-1
[NOTFOUND] id=4399 query=64741-67-9
[OK] id=4400 cid=65741 signal=Danger pics=GHS05,GHS07 query=83-01-2
[OK] id=4401 cid=44150994 signal=Warning pics=GHS07 query=81898-60-4
[OK] id=4402 cid=161236 signal=Warning pics=GHS07 query=17814-85-6
[OK] id=4403 cid=112264 signal=Warning pics=GHS08 query=69227-51-6
[OK] id=4404 cid=31369 signal=Danger pics=GHS02,GHS06,GHS07,GHS08,GHS09 query=126-99-8
[OK] id=4405 cid=76191 signal=Danger pics=GHS05,GHS07 query=2905-62-6
[OK] id=4406 cid=67598 signal=Danger pics=GHS06,GHS07,GHS08 query=327-92-4
[OK] id=4407 cid=69985 signal=Danger pics=GHS02,GHS07,GHS09 query=824-39-5
[OK] id=4408 cid=24681 signal=Danger pics=GHS05,GHS06,GHS07,GHS08 query=8014-95-7
[OK] id=4409 cid=7268 signal=Danger pics=GHS05,GHS07,GHS08 query=95-92-1
[OK] id=4410 cid=2899 signal=Danger pics=GHS02,GHS05,GHS07 query=5452-35-7
[EMPTY] id=4411 cid=23708903 query=13453-78-6
[OK] id=4412 cid=73561 signal=Danger pics=GHS05 query=616-30-8
[OK] id=4413 cid=15331 signal=Warning pics=GHS07,GHS08 query=1596-84-5
[OK] id=4414 cid=10461 signal=Danger pics=GHS05,GHS06,GHS07,GHS08 query=505-60-2
[OK] id=4415 cid=10757 signal=Danger pics=GHS05,GHS06,GHS07,GHS08 query=532-27-4
[OK] id=4416 cid=95576 signal=Danger pics=GHS02,GHS05,GHS07 query=5445-17-0
[OK] id=4417 cid=10559 signal=Danger pics=GHS02,GHS07 query=513-48-4
[NOTFOUND] id=4418 query=90640-85-0
[EMPTY] id=4419 cid=17449 query=2602-46-2
[NOTFOUND] id=4420 query=100683-97-4
[OK] id=4421 cid=24704778 signal=Warning pics=GHS07 query=130014-35-6
[OK] id=4422 cid=3032840 signal=Danger pics=GHS07,GHS08 query=27858-07-7
[OK] id=4424 cid=15143 signal=Danger pics=GHS06,GHS07,GHS08,GHS09 query=1484-13-5
[OK] id=4425 cid=86237 signal=Warning pics=GHS07 query=136210-32-7
[OK] id=4426 cid=2734125 signal=Danger pics=GHS05 query=60871-83-2
[EMPTY] id=4427 cid=9357 query=304-59-6
[OK] id=4428 cid=72880 signal=Danger pics=GHS06,GHS07 query=20893-30-5
[OK] id=4429 cid=24781 signal=Danger pics=GHS05,GHS07,GHS08,GHS09 query=10004-44-1
[OK] id=4430 cid=74328 signal=Warning pics=GHS02,GHS07 query=1694-29-7
[OK] id=4431 cid=7933 signal=Warning pics=GHS07,GHS08,GHS09 query=108-43-0
[OK] id=4433 cid=8330 signal=Warning pics=GHS07,GHS09 query=117-18-0
[OK] id=4434 cid=78138 signal=Danger pics=GHS05,GHS07 query=4422-95-1
[OK] id=4435 cid=12067 signal=Danger pics=GHS06,GHS07,GHS08 query=618-85-9
[OK] id=4436 cid=11457 signal=Warning pics=GHS07,GHS08 query=585-79-5
[OK] id=4437 cid=135491830 signal= pics=GHS09 query=74051-80-2
[OK] id=4438 cid=8343 signal=Danger pics=GHS07,GHS08,GHS09 query=117-81-7
[NOTFOUND] id=4439 query=90641-13-7
[OK] id=4440 cid=7018262 signal=Danger pics=GHS06,GHS07,GHS08 query=33375-06-3
[OK] id=4441 cid=15879 signal=Warning pics=GHS07 query=1878-65-5
[OK] id=4442 cid=3086 signal=Danger pics=GHS02,GHS05,GHS06,GHS07 query=4525-33-1
[OK] id=4443 cid=10320 signal=Danger pics=GHS06 query=495-73-8
[OK] id=4444 cid=10268 signal=Warning pics=GHS07 query=488-93-7
[OK] id=4445 cid=10555 signal=Danger pics=GHS02,GHS06,GHS07,GHS08 query=513-37-1
[OK] id=4447 cid=91743 signal=Warning pics=GHS07,GHS09 query=87237-48-7
[OK] id=4448 cid=74232 signal=Danger pics=GHS05 query=1641-40-3
[OK] id=4449 cid=57426343 signal=Danger pics=GHS02,GHS05,GHS07 query=4039-32-1
[OK] id=4451 cid=8051 signal=Warning pics=GHS02,GHS07,GHS08 query=110-43-0
[OK] id=4452 cid=13783 signal=Danger pics=GHS06,GHS09 query=973-21-7
[EMPTY] id=4453 cid=24644 query=7791-18-6
[OK] id=4454 cid=7173 signal=Warning pics=GHS07,GHS09 query=94-11-1
[OK] id=4455 cid=92629 signal=Danger pics=GHS02,GHS05,GHS07,GHS08 query=57018-52-7
[OK] id=4456 cid=30773 signal=Danger pics=GHS06,GHS07,GHS08,GHS09 query=21725-46-2
[OK] id=4457 cid=15891 signal=Danger pics=GHS05,GHS06,GHS07 query=1885-14-9
[OK] id=4458 cid=638186 signal=Danger pics=GHS02,GHS07,GHS08 query=156-60-5
[OK] id=4459 cid=7884 signal=Warning pics=GHS02,GHS07 query=107-70-0
[OK] id=4460 cid=62652 signal=Danger pics=GHS06,GHS07,GHS08,GHS09 query=7758-89-6
[OK] id=4461 cid=12971 signal=Danger pics=GHS02,GHS05,GHS06,GHS07,GHS08,GHS09 query=760-23-6
[OK] id=4462 cid=11210 signal=Danger pics=GHS02,GHS07,GHS08 query=558-37-2
[OK] id=4463 cid=22726239 signal=Warning pics=GHS07,GHS09 query=71786-70-4
[OK] id=4464 cid=104146 signal=Warning pics=GHS02,GHS09 query=52301-18-5
[OK] id=4465 cid=9906 signal=Danger pics=GHS02,GHS06,GHS07 query=434-64-0
[OK] id=4466 cid=10496498 signal=Danger pics=GHS06,GHS09 query=299-45-6
[EMPTY] id=4467 cid=14828 query=1317-37-9
[EMPTY] id=4468 cid=5371558 query=919-44-8
[NOTFOUND] id=4469 query=8000-29-1
[OK] id=4470 cid=12079 signal=Danger pics=GHS06,GHS07 query=619-24-9
[EMPTY] id=4473 cid=6305 query=73-22-3
[NOTFOUND] id=4474 query=72623-87-1
[OK] id=4475 cid=39676 signal=Danger pics=GHS07,GHS08,GHS09 query=50471-44-8
[OK] id=4476 cid=335 signal=Danger pics=GHS05,GHS06,GHS07,GHS08,GHS09 query=95-48-7
[OK] id=4477 cid=2879 signal=Danger pics=GHS05,GHS06,GHS07,GHS08,GHS09 query=106-44-5
[OK] id=4478 cid=12487 signal=Danger pics=GHS06,GHS08,GHS09 query=636-30-6
[OK] id=4480 cid=47455 signal=Warning pics=GHS07,GHS08,GHS09 query=64470-88-8
[OK] id=4481 cid=8371 signal=Danger pics=GHS05,GHS07,GHS08,GHS09 query=118-75-2
[OK] id=4482 cid=10906 signal=Danger pics=GHS02,GHS07,GHS08 query=540-80-7
[OK] id=4483 cid=8197 signal=Danger pics=GHS05,GHS06,GHS07,GHS08,GHS09 query=112-57-2
[OK] id=4484 cid=53628101 signal=Danger pics=GHS02,GHS05 query=594-19-4
[OK] id=4486 cid=76969 signal=Danger pics=GHS01,GHS02,GHS05,GHS07,GHS08 query=3437-84-1
[OK] id=4487 cid=6574 signal=Danger pics=GHS06,GHS07,GHS08 query=79-00-5
[OK] id=4488 cid=4937 signal=Warning pics=GHS08,GHS09 query=139-40-2
[OK] id=4489 cid=69993 signal=Danger pics=GHS05 query=824-94-2
[NOTFOUND] id=4490 query=90669-58-2
[NOTFOUND] id=4491 query=68477-85-0
[OK] id=4492 cid=26264 signal=Danger pics=GHS05,GHS06,GHS07,GHS08,GHS09 query=13765-19-0
[OK] id=4493 cid=29327 signal=Danger pics=GHS06,GHS07,GHS08 query=18883-66-4
[NOTFOUND] id=4494 query=39416-48-3
[OK] id=4495 cid=640091 signal=Warning pics=GHS07 query=23356-96-9
[NOTFOUND] id=4496 query=68919-20-0
[OK] id=4497 cid=11357 signal=Danger pics=GHS06,GHS07,GHS08 query=578-54-1
[OK] id=4498 cid=66053 signal=Danger pics=GHS02,GHS05,GHS07 query=108-00-9
[OK] id=4499 cid=2770 signal=Danger pics=GHS05,GHS07,GHS08 query=10025-65-7
[OK] id=4500 cid=6406 signal=Danger pics=GHS06,GHS07,GHS08,GHS09 query=75-86-5
[OK] id=4501 cid=5152226 signal=Danger pics=GHS02,GHS05 query=3585-33-9
[OK] id=4502 cid=31299 signal=Danger pics=GHS02,GHS05,GHS06,GHS07 query=124-70-9
[OK] id=4503 cid=9737 signal=Danger pics=GHS02,GHS06 query=371-62-0
[OK] id=4504 cid=12514 signal=Warning pics=GHS02 query=638-02-8
[OK] id=4505 cid=3346 signal=Danger pics=GHS06,GHS07,GHS08,GHS09 query=55-38-9
[OK] id=4506 cid=76768 signal=Danger pics=GHS02,GHS05,GHS07 query=3279-26-3
[OK] id=4507 cid=26951 signal=Warning pics=GHS07 query=14885-29-1
[OK] id=4508 cid=6571 signal=Danger pics=GHS02,GHS05,GHS06,GHS07,GHS08,GHS09 query=78-95-5
[OK] id=4509 cid=123564 signal=Danger pics=GHS02,GHS05,GHS07 query=69739-34-0
[NOTFOUND] id=4510 query=87741-01-3
[NOTFOUND] id=4511 query=93763-38-3
[OK] id=4512 cid=5053 signal=Warning pics=GHS07,GHS08,GHS09 query=10453-86-8
[OK] id=4513 cid=18922 signal=Warning pics=GHS02 query=3438-46-8
[OK] id=4514 cid=58258 signal=Warning pics=GHS07 query=101363-10-4
[OK] id=4515 cid=14802 signal=Danger pics=GHS06,GHS07,GHS08 query=1313-27-5
[NOTFOUND] id=4516 query=64742-89-8
[OK] id=4517 cid=50895 signal=Danger pics=GHS05,GHS07 query=69806-34-4
[OK] id=4518 cid=7394 signal=Danger pics=GHS02,GHS07,GHS08,GHS09 query=98-56-6
[OK] id=4519 cid=17046 signal=Danger pics=GHS05,GHS07 query=2425-79-8
[OK] id=4520 cid=115224 signal=Danger pics=GHS06,GHS07,GHS08,GHS09 query=111988-49-9
[OK] id=4521 cid=115122 signal=Danger pics=GHS06 query=8065-62-1
[OK] id=4522 cid=24807 signal=Danger pics=GHS05,GHS06,GHS07,GHS08,GHS09 query=10025-67-9
[OK] id=4523 cid=68263 signal=Danger pics=GHS05,GHS07,GHS08 query=530-62-1
[EMPTY] id=4524 cid=5962 query=56-87-1
[OK] id=4525 cid=141334 signal=Danger pics=GHS05 query=27129-86-8
[OK] id=4526 cid=7935 signal=Danger pics=GHS06,GHS07,GHS08,GHS09 query=108-45-2
[OK] id=4527 cid=14906 signal=Danger pics=GHS02,GHS07,GHS08 query=2039-87-4
[EMPTY] id=4528 cid=307132 query=4469-25-4
[OK] id=4529 cid=72474 signal=Danger pics=GHS06 query=119914-60-2
[OK] id=4530 cid=118210 signal=Danger pics=GHS02,GHS07 query=35073-27-9
[OK] id=4531 cid=24385 signal=Danger pics=GHS06,GHS07,GHS08,GHS09 query=7718-54-9
[OK] id=4532 cid=657349 signal=Danger pics=GHS06 query=148-72-1
[OK] id=4533 cid=16211099 signal=Danger pics=GHS05 query=15077-13-1
[OK] id=4534 cid=56955933 signal=Danger pics=GHS02,GHS05,GHS07,GHS08,GHS09 query=156-62-7
[OK] id=4536 cid=6995688 signal=Warning pics=GHS07 query=39648-67-4
[OK] id=4537 cid=224478 signal=Danger pics=GHS06,GHS07 query=7789-24-4
[EMPTY] id=4538 cid=62235 query=64969-34-2
[OK] id=4539 cid=7943 signal=Warning pics=GHS07 query=108-59-8
[OK] id=4540 cid=92387 signal=Danger pics=GHS07,GHS08,GHS09 query=71868-10-5
[EMPTY] id=4541 cid=164267 query=129217-90-9
[OK] id=4542 cid=17522 signal=Danger pics=GHS06,GHS07,GHS08,GHS09 query=2636-26-2
[NOTFOUND] id=4543 query=68477-91-8
[OK] id=4544 cid=87391 signal=Danger pics=GHS05,GHS07 query=17980-47-1
[OK] id=4545 cid=7026 signal=Danger pics=GHS05,GHS07 query=90-72-2
[NOTFOUND] id=4546 query=92062-00-5
[OK] id=4547 cid=25246088 signal=Warning pics=GHS07,GHS08,GHS09 query=1929-77-7
[OK] id=4548 cid=24504 signal=Danger pics=GHS03,GHS05,GHS06,GHS07,GHS08,GHS09 query=7778-54-3
[OK] id=4549 cid=86287518 signal=Danger pics=GHS06,GHS07,GHS08,GHS09 query=138261-41-3
[OK] id=4550 cid=11568 signal=Danger pics=GHS06,GHS07,GHS08,GHS09 query=591-27-5
[OK] id=4551 cid=735863 signal=Danger pics=GHS05,GHS07 query=53250-83-2
[OK] id=4552 cid=7854 signal=Danger pics=GHS02,GHS06,GHS07,GHS08 query=107-12-0
[OK] id=4553 cid=5280795 signal=Danger pics=GHS06,GHS08 query=67-97-0
[OK] id=4554 cid=7040 signal=Danger pics=GHS05,GHS06,GHS07,GHS08 query=91-08-7
[OK] id=4555 cid=7289 signal=Danger pics=GHS05,GHS06,GHS07,GHS08 query=96-23-1
[OK] id=4556 cid=7017 signal=Danger pics=GHS05,GHS07,GHS08,GHS09 query=90-43-7
[OK] id=4557 cid=10400 signal=Danger pics=GHS02,GHS05,GHS07 query=502-42-1
[OK] id=4558 cid=91751 signal=Warning pics=GHS07,GHS09 query=94125-34-5
[OK] id=4559 cid=2723699 signal=Danger pics=GHS06 query=96-53-7
[OK] id=4560 cid=11716 signal=Danger pics=GHS02,GHS06,GHS07,GHS09 query=598-32-3
[OK] id=4561 cid=83468 signal=Danger pics=GHS05,GHS06,GHS07 query=13444-93-4
[OK] id=4562 cid=24414 signal=Danger pics=GHS07,GHS08 query=7727-43-7
[OK] id=4563 cid=74057 signal=Danger pics=GHS02,GHS07,GHS08 query=1450-14-2
[OK] id=4564 cid=15910 signal=Danger pics=GHS05,GHS06,GHS07,GHS08,GHS09 query=1897-45-6
[OK] id=4565 cid=10109 signal=Danger pics=GHS06,GHS07 query=471-03-4
[OK] id=4566 cid=24533 signal=Danger pics=GHS02,GHS05,GHS09 query=7782-92-5
[NOTFOUND] id=4567 query=11130-12-4
[OK] id=4568 cid=33360 signal=Warning pics=GHS09 query=26225-79-6
[OK] id=4569 cid=36336 signal=Warning pics=GHS07 query=33100-27-5
[OK] id=4570 cid=68481 signal=Warning pics=GHS07 query=579-74-8
[OK] id=4571 cid=8530 signal=Danger pics=GHS05,GHS06,GHS07,GHS08,GHS09 query=130-15-4
[OK] id=4572 cid=61511 signal=Danger pics=GHS03,GHS05,GHS07,GHS08 query=10377-66-9
[OK] id=4573 cid=8411 signal=Danger pics=GHS07,GHS08 query=119-90-4
[OK] id=4574 cid=10758 signal=Danger pics=GHS05,GHS06 query=532-28-5
[OK] id=4575 cid=6495 signal=Danger pics=GHS02,GHS07 query=77-76-9
[OK] id=4576 cid=7070 signal=Danger pics=GHS07,GHS08,GHS09 query=91-94-1
[OK] id=4577 cid=21810 signal=Warning pics=GHS07 query=5600-21-5
[OK] id=4578 cid=5337997 signal=Warning pics=GHS07 query=965-52-6
[OK] id=4579 cid=11115306 signal=Warning pics=GHS07 query=90498-90-1
[OK] id=4580 cid=10298 signal=Warning pics=GHS07,GHS08,GHS09 query=492-80-8
[NOTFOUND] id=4582 query=68602-82-4
[OK] id=4583 cid=17190 signal=Danger pics=GHS05,GHS07,GHS08 query=2475-45-8
[OK] id=4584 cid=157343 signal=Warning pics=GHS07,GHS09 query=80657-64-3
[OK] id=4585 cid=24642 signal=Danger pics=GHS06,GHS08,GHS09 query=7791-12-0
[OK] id=4586 cid=24546 signal=Warning pics=GHS07 query=7783-40-6
[OK] id=4587 cid=7676 signal=Warning pics=GHS02,GHS07 query=103-75-3
[OK] id=4588 cid=175967 signal=Warning pics=GHS08,GHS09 query=104206-82-8
[OK] id=4589 cid=4148881 signal=Danger pics=GHS02,GHS05,GHS06 query=16949-15-8
[OK] id=4590 cid=75237 signal=Warning pics=GHS07 query=2243-42-7
[OK] id=4591 cid=2736496 signal=Warning pics=GHS02,GHS07,GHS09 query=77227-99-7
[NOTFOUND] id=4592 query=101316-80-7
[OK] id=4593 cid=7521 signal=Danger pics=GHS02,GHS05,GHS06,GHS07,GHS08,GHS09 query=100-69-6
[OK] id=4594 cid=13220 signal=Danger pics=GHS05,GHS07,GHS08 query=826-36-8
[OK] id=4595 cid=17811 signal=Warning pics=GHS07,GHS08 query=2832-40-8
[NOTFOUND] id=4596 query=30525-89-4
[OK] id=4597 cid=8300 signal=Danger pics=GHS02,GHS07 query=116-11-0
[OK] id=4598 cid=5281555 signal=Warning pics=GHS07,GHS09 query=121-29-9
[OK] id=4599 cid=3352 signal=Danger pics=GHS06,GHS07,GHS08,GHS09 query=120068-37-3
[NOTFOUND] id=4600 query=90640-95-2
[NOTFOUND] id=4601 query=101794-75-6
[OK] id=4602 cid=9161 signal=Danger pics=GHS06,GHS07,GHS08,GHS09 query=208-96-8
[OK] id=4603 cid=66645 signal=Danger pics=GHS05,GHS07 query=89-75-8
[OK] id=4604 cid=89148 signal=Danger pics=GHS06,GHS07 query=22013-33-8
[NOTFOUND] id=4605 query=90989-38-1
[OK] id=4606 cid=149428 signal=Danger pics=GHS02,GHS05,GHS06,GHS07,GHS08 query=67843-74-7
[OK] id=4607 cid=135 signal=Danger pics=GHS05,GHS07 query=99-96-7
[EMPTY] id=4608 cid=24758 query=7646-69-7
[OK] id=4609 cid=14933 signal=Warning pics=GHS07 query=99-02-5
[OK] id=4610 cid=10871 signal=Warning pics=GHS07 query=539-03-7
[OK] id=4611 cid=9930667 signal=Danger pics=GHS07,GHS08,GHS09 query=181587-01-9
[OK] id=4612 cid=62586 signal=Danger pics=GHS05,GHS06 query=5714-22-7
[OK] id=4613 cid=160976 signal=Warning pics=GHS07 query=1345-07-9
[OK] id=4614 cid=18502 signal=Danger pics=GHS02,GHS05,GHS06,GHS07,GHS08 query=3173-53-3
[OK] id=4615 cid=7360 signal=Danger pics=GHS07,GHS08 query=97-99-4
[NOTFOUND] id=4616 query=100684-37-5
[OK] id=4617 cid=1727 signal=Danger pics=GHS06,GHS07,GHS08,GHS09 query=504-24-5
[OK] id=4618 cid=69341 signal=Warning pics=GHS07 query=623-71-2
[NOTFOUND] id=4619 query=68911-58-0
[OK] id=4620 cid=60962 signal=Danger pics=GHS06,GHS07,GHS08,GHS09 query=59-88-1
[OK] id=4621 cid=11727 signal=Danger pics=GHS07,GHS08,GHS09 query=598-63-0
[OK] id=4622 cid=2244 signal=Danger pics=GHS07,GHS08 query=50-78-2
[OK] id=4623 cid=67643 signal=Danger pics=GHS05 query=336-59-4
[OK] id=4624 cid=7583 signal=Danger pics=GHS07,GHS08,GHS09 query=101-84-8
[OK] id=4625 cid=7258 signal=Danger pics=GHS05,GHS07,GHS08,GHS09 query=95-77-2
[OK] id=4626 cid=6061 signal=Danger pics=GHS02,GHS05,GHS06,GHS07,GHS08,GHS09 query=60-34-4
[OK] id=4627 cid=23558 signal=Danger pics=GHS05,GHS06,GHS07,GHS08,GHS09 query=7173-51-5
[OK] id=4628 cid=3672772 signal=Danger pics=GHS01,GHS02,GHS05,GHS06,GHS07,GHS08 query=1338-23-4
[EMPTY] id=4630 cid=23665404 query=6131-90-4
[OK] id=4631 cid=9745 signal=Danger pics=GHS02,GHS07 query=372-38-3
[OK] id=4632 cid=55176 signal=Warning pics=GHS07,GHS09 query=83857-96-9
[NOTFOUND] id=4633 query=68527-19-5
[OK] id=4635 cid=2733699 signal=Warning pics=GHS07 query=52130-17-3
[OK] id=4636 cid=78701 signal=Warning pics=GHS07 query=5003-71-4
[NOTFOUND] id=4637 query=64741-47-5
[OK] id=4638 cid=6553 signal=Warning pics=GHS02,GHS07,GHS09 query=78-75-1
[OK] id=4639 cid=73895 signal=Danger pics=GHS06,GHS07,GHS08 query=1493-27-2
[OK] id=4640 cid=3033674 signal=Warning pics=GHS02,GHS07,GHS08,GHS09 query=79241-46-6
[EMPTY] id=4641 cid=14205052 query=104-60-9
[NOTFOUND] id=4643 query=98219-64-8
[OK] id=4644 cid=444972 signal=Warning pics=GHS07 query=110-17-8
[OK] id=4645 cid=7904 signal=Danger pics=GHS02,GHS07,GHS08 query=108-05-4
[OK] id=4646 cid=123484 signal=Danger pics=GHS06 query=39575-65-0
[EMPTY] id=4648 cid=5780 query=50-70-4
[OK] id=4649 cid=62392 signal=Danger pics=GHS03,GHS05,GHS06,GHS07,GHS08 query=1304-28-5
[OK] id=4650 cid=86287519 signal=Danger pics=GHS07,GHS08,GHS09 query=205510-53-8
[OK] id=4651 cid=11307 signal=Danger pics=GHS06 query=572-48-5
[OK] id=4653 cid=15096 signal=Danger pics=GHS05,GHS06,GHS07,GHS08,GHS09 query=1461-22-9
[OK] id=4654 cid=2943 signal= pics=GHS09 query=1861-32-1
[OK] id=4655 cid=213031 signal=Danger pics=GHS06,GHS09 query=126833-17-8
[OK] id=4656 cid=66412 signal=Danger pics=GHS02,GHS05,GHS07 query=10431-98-8
[OK] id=4657 cid=7047 signal=Danger pics=GHS06,GHS07,GHS08,GHS09 query=91-22-5
[OK] id=4658 cid=8495 signal=Danger pics=GHS05,GHS06,GHS07 query=121-90-4
[OK] id=4659 cid=76548 signal=Warning pics=GHS07 query=3102-87-2
[OK] id=4660 cid=11229 signal=Danger pics=GHS02,GHS07,GHS08,GHS09 query=562-49-2
[OK] id=4661 cid=14993651 signal=Warning pics=GHS07 query=140921-24-0
[OK] id=4662 cid=53167 signal=Danger pics=GHS02,GHS05,GHS06,GHS07 query=109-01-3
[OK] id=4663 cid=8285 signal= pics= query=115-77-5
[OK] id=4664 cid=12974 signal=Danger pics=GHS05,GHS06,GHS07 query=760-93-0
[OK] id=4666 cid=24193 signal=Danger pics=GHS05,GHS06,GHS07,GHS08 query=7550-45-0
[NOTFOUND] id=4667 query=68955-28-2
[OK] id=4668 cid=6195 signal=Danger pics=GHS05,GHS06,GHS07 query=66-77-3
[OK] id=4669 cid=32876 signal=Warning pics=GHS07,GHS08,GHS09 query=25319-90-8
[OK] id=4670 cid=3000706 signal=Danger pics=GHS06 query=2001-95-8
[OK] id=4671 cid=7772 signal=Warning pics=GHS02 query=105-68-0
[EMPTY] id=4672 cid=94247 query=89616-40-0
[OK] id=4673 cid=6998 signal=Danger pics=GHS06,GHS07,GHS08,GHS09 query=90-02-8
[OK] id=4674 cid=7150 signal=Warning pics=GHS07 query=93-58-3
[OK] id=4675 cid=11650 signal=Danger pics=GHS05,GHS07 query=593-85-1
[OK] id=4676 cid=140718 signal=Warning pics=GHS07,GHS09 query=20627-73-0
[OK] id=4677 cid=10921747 signal=Warning pics=GHS07 query=5826-73-3
[OK] id=4678 cid=24833 signal=Danger pics=GHS06,GHS07,GHS08,GHS09 query=10031-59-1
[OK] id=4679 cid=7619 signal=Warning pics=GHS07,GHS09 query=102-77-2
[OK] id=4680 cid=202240 signal=Warning pics=GHS07,GHS09 query=8069-76-9
[OK] id=4682 cid=11598 signal=Danger pics=GHS02,GHS07,GHS08 query=592-42-7
[EMPTY] id=4683 cid=9877911 query=13982-63-3
[OK] id=4684 cid=89728 signal=Danger pics=GHS02,GHS05 query=22483-09-6
[OK] id=4685 cid=999 signal=Danger pics=GHS05,GHS07 query=103-82-2
[OK] id=4686 cid=26597 signal=Warning pics=GHS07,GHS09 query=14255-88-0
[NOTFOUND] id=4687 query=92201-97-3
[OK] id=4688 cid=787 signal=Danger pics=GHS01,GHS05,GHS07,GHS08,GHS09 query=11104-93-1
[OK] id=4689 cid=31261 signal=Danger pics=GHS02,GHS06,GHS07,GHS08 query=123-54-6
[OK] id=4690 cid=4169 signal=Danger pics=GHS06,GHS07,GHS08,GHS09 query=51218-45-2
[OK] id=4691 cid=12005 signal=Danger pics=GHS06,GHS07,GHS09 query=615-58-7
[OK] id=4692 cid=1089 signal=Danger pics=GHS05,GHS06,GHS07,GHS08,GHS09 query=7783-08-6
[OK] id=4693 cid=6588 signal=Danger pics=GHS06,GHS07,GHS08 query=79-27-6
[NOTFOUND] id=4694 query=68476-49-3
[OK] id=4695 cid=10707 signal=Danger pics=GHS06,GHS07,GHS08,GHS09 query=528-29-0
[OK] id=4696 cid=9974 signal=Danger pics=GHS02,GHS05 query=456-42-8
[OK] id=4697 cid=103315 signal= pics=GHS09 query=65181-78-4
[OK] id=4698 cid=9576091 signal=Danger pics=GHS06,GHS07,GHS08,GHS09 query=83130-01-2
[OK] id=4699 cid=7705 signal=Danger pics=GHS02,GHS07,GHS08,GHS09 query=104-51-8
[OK] id=4700 cid=7681 signal=Danger pics=GHS02,GHS05,GHS06,GHS07 query=103-83-3
[OK] id=4701 cid=6478 signal=Danger pics=GHS05,GHS06,GHS07,GHS08,GHS09 query=77-47-4
[OK] id=4702 cid=1318 signal=Danger pics=GHS06,GHS09 query=66-71-7
[OK] id=4703 cid=78370 signal=Danger pics=GHS05,GHS06,GHS07 query=4635-59-0
[OK] id=4704 cid=93365 signal=Warning pics=GHS07,GHS08,GHS09 query=67564-91-4
[OK] id=4705 cid=6572 signal=Danger pics=GHS06,GHS07,GHS08,GHS09 query=78-97-7
[OK] id=4706 cid=102138 signal=Danger pics=GHS02 query=1516-08-1
[OK] id=4707 cid=15731 signal=Danger pics=GHS05,GHS07 query=1806-29-7
[OK] id=4708 cid=12275 signal=Danger pics=GHS05,GHS06,GHS07,GHS09 query=626-16-4
[OK] id=4709 cid=7725 signal=Warning pics=GHS07 query=104-87-0
[OK] id=4710 cid=69195 signal=Warning pics=GHS07 query=614-69-7
[OK] id=4711 cid=7918 signal=Danger pics=GHS02,GHS05,GHS06,GHS07,GHS08 query=108-24-7
[OK] id=4712 cid=6417 signal=Danger pics=GHS05,GHS07,GHS08 query=75-98-9
[OK] id=4713 cid=9385 signal=Danger pics=GHS07,GHS08 query=306-83-2
[OK] id=4714 cid=16606 signal=Danger pics=GHS07,GHS08,GHS09 query=2186-24-5
[OK] id=4715 cid=135408763 signal=Warning pics=GHS07,GHS09 query=56-06-4
[OK] id=4716 cid=15655 signal=Danger pics=GHS05,GHS07 query=1759-53-1
[OK] id=4717 cid=135585373 signal=Warning pics=GHS08 query=149979-41-9
[OK] id=4718 cid=66133 signal=Warning pics=GHS07 query=56-37-1
[OK] id=4719 cid=7023510 signal=Danger pics=GHS07,GHS08 query=73671-79-1
[OK] id=4720 cid=17247 signal=Warning pics=GHS07 query=2497-91-8
[NOTFOUND] id=4721 query=68333-25-5
[OK] id=4722 cid=7895 signal=Danger pics=GHS02,GHS06,GHS07,GHS08 query=107-87-9
[OK] id=4723 cid=97304 signal=Danger pics=GHS06,GHS08,GHS09 query=34822-90-7
[OK] id=4724 cid=7207 signal=Warning pics=GHS07,GHS09 query=94-81-5
[OK] id=4725 cid=24833 signal=Danger pics=GHS06,GHS07,GHS08,GHS09 query=7446-18-6
[NOTFOUND] id=4726 query=9002-86-2
[EMPTY] id=4727 cid=5486527 query=10045-97-3
[OK] id=4728 cid=13721 signal=Danger pics=GHS06,GHS09 query=953-17-3
[NOTFOUND] id=4729 query=68478-22-8
[OK] id=4730 cid=2568 signal=Danger pics=GHS05 query=5445-51-2
[OK] id=4731 cid=23679059 signal=Danger pics=GHS06,GHS08,GHS09 query=6131-99-3
[OK] id=4732 cid=6328 signal=Danger pics=GHS02,GHS05,GHS06,GHS07,GHS08,GHS09 query=74-88-4
[OK] id=4733 cid=444294 signal=Danger pics=GHS02,GHS07,GHS08 query=464-48-2
[OK] id=4734 cid=6780 signal=Danger pics=GHS07,GHS08,GHS09 query=84-65-1
[OK] id=4735 cid=9793912 signal=Danger pics=GHS05 query=16941-11-0
[NOTFOUND] id=4736 query=68478-28-4
[OK] id=4737 cid=8171 signal=Danger pics=GHS05,GHS06,GHS07,GHS08 query=112-26-5
[OK] id=4739 cid=12414 signal=Danger pics=GHS06,GHS08,GHS09 query=630-10-4
[OK] id=4740 cid=8861 signal=Danger pics=GHS06,GHS07,GHS09 query=141-86-6
[OK] id=4741 cid=11298 signal=Danger pics=GHS06,GHS08,GHS09 query=570-24-1
[OK] id=4742 cid=69534 signal=Danger pics=GHS05,GHS07 query=646-24-2
[OK] id=4743 cid=78766 signal=Warning pics=GHS07 query=5081-87-8
[OK] id=4744 cid=27882 signal=Warning pics=GHS07,GHS08 query=16452-01-0
[OK] id=4745 cid=4684 signal=Danger pics=GHS05,GHS06,GHS07,GHS08,GHS09 query=106-48-9
[OK] id=4746 cid=17869 signal=Danger pics=GHS05,GHS06,GHS07,GHS08,GHS09 query=2867-47-2
[OK] id=4747 cid=5794 signal=Warning pics=GHS07,GHS08,GHS09 query=51-03-6
[OK] id=4748 cid=62375 signal=Warning pics=GHS07 query=1125-88-8
[OK] id=4749 cid=68527 signal=Danger pics=GHS05,GHS07,GHS08 query=589-15-1
[EMPTY] id=4750 cid=24863 query=10045-89-3
[OK] id=4751 cid=89164 signal=Danger pics=GHS02,GHS07 query=22037-28-1
[OK] id=4752 cid=13033 signal=Warning pics=GHS02,GHS07,GHS09 query=768-56-9
[OK] id=4753 cid=7211 signal=Danger pics=GHS05,GHS07,GHS08 query=94-96-2
[OK] id=4754 cid=7818 signal=Danger pics=GHS02,GHS05,GHS07 query=106-58-1
[OK] id=4755 cid=89594 signal=Danger pics=GHS05,GHS06,GHS07,GHS08,GHS09 query=54-11-5
[OK] id=4756 cid=75736 signal=Warning pics=GHS07 query=7524-50-7
[OK] id=4757 cid=6102075 signal=Warning pics=GHS07 query=13965-03-2
[OK] id=4758 cid=9158 signal=Danger pics=GHS08,GHS09 query=207-08-9
[OK] id=4759 cid=3526 signal=Danger pics=GHS05,GHS06,GHS07,GHS09 query=108173-90-6
[OK] id=4760 cid=136313 signal=Warning pics=GHS02,GHS07,GHS08,GHS09 query=461-96-1
[OK] id=4761 cid=10254 signal=Warning pics=GHS07,GHS09 query=487-68-3
[OK] id=4762 cid=97792 signal=Warning pics=GHS07 query=104-80-3
[OK] id=4763 cid=7844 signal=Danger pics=GHS02,GHS04,GHS07 query=25167-67-3
[EMPTY] id=4764 cid=24477 query=7772-98-7
[OK] id=4765 cid=6093192 signal=Danger pics=GHS06,GHS07,GHS08,GHS09 query=592-01-8
[NOTFOUND] id=4766 query=68919-01-7
[NOTFOUND] id=4767 query=64742-03-6
[OK] id=4768 cid=638066 signal=Danger pics=GHS02,GHS08 query=13269-52-8
[OK] id=4769 cid=70613 signal=Danger pics=GHS05,GHS06,GHS07 query=1070-70-8
[OK] id=4770 cid=174502 signal=Danger pics=GHS02,GHS07,GHS08 query=85702-90-5
[OK] id=4771 cid=13830 signal=Danger pics=GHS02,GHS05,GHS06,GHS07 query=998-30-1
[OK] id=4772 cid=8447 signal=Warning pics=GHS07,GHS09 query=120-78-5
[OK] id=4773 cid=299 signal=Danger pics=GHS06,GHS07,GHS08,GHS09 query=143-50-0
[OK] id=4774 cid=3001858 signal=Danger pics=GHS05,GHS07,GHS08,GHS09 query=144-54-7
[OK] id=4775 cid=24004 signal=Warning pics=GHS02,GHS07 query=7443-52-9
[OK] id=4776 cid=547712 signal=Warning pics=GHS02,GHS07 query=36805-97-7
[OK] id=4777 cid=79811 signal=Warning pics=GHS07 query=5734-64-5
[OK] id=4778 cid=6925 signal=Warning pics=GHS07 query=25231-46-3
[OK] id=4779 cid=7358 signal=Warning pics=GHS02,GHS07 query=97-95-0
[OK] id=4780 cid=6096972 signal=Danger pics=GHS06 query=10170-69-1
[OK] id=4781 cid=67958 signal=Danger pics=GHS02,GHS05,GHS07 query=444-30-4
[OK] id=4782 cid=5862 signal=Warning pics=GHS07 query=52-90-4
[OK] id=4783 cid=8160 signal=Danger pics=GHS07,GHS08 query=112-07-2
[OK] id=4784 cid=38779 signal=Danger pics=GHS06,GHS07,GHS08,GHS09 query=41198-08-7
[OK] id=4785 cid=7411 signal=Danger pics=GHS05,GHS06,GHS07,GHS08,GHS09 query=98-87-3
[OK] id=4786 cid=8082 signal=Danger pics=GHS02,GHS05,GHS06,GHS07,GHS08 query=110-89-4
[EMPTY] id=4787 cid=12761 query=696-24-2
[OK] id=4788 cid=7256 signal=Warning pics=GHS07,GHS08,GHS09 query=95-75-0
[OK] id=4789 cid=66108 signal=Danger pics=GHS02,GHS05,GHS06 query=1066-35-9
[OK] id=4790 cid=15788 signal=Warning pics=GHS09 query=1836-77-7
[NOTFOUND] id=4791 query=8012-95-1
[OK] id=4792 cid=167454 signal=Warning pics=GHS07,GHS09 query=86763-47-5
[OK] id=4793 cid=69027 signal=Danger pics=GHS02,GHS07 query=598-98-1
[OK] id=4794 cid=73753 signal=Warning pics=GHS07,GHS08 query=1535-73-5
[OK] id=4795 cid=7188 signal=Warning pics=GHS07 query=94-37-1
[OK] id=4796 cid=3024 signal=Danger pics=GHS06,GHS07,GHS08 query=74-95-3
[OK] id=4797 cid=7914 signal=Danger pics=GHS02,GHS07,GHS08 query=108-20-3
[OK] id=4798 cid=83485 signal=Danger pics=GHS05,GHS07 query=13455-01-1
[OK] id=4799 cid=8489 signal=Danger pics=GHS06,GHS07,GHS08,GHS09 query=121-73-3
[OK] id=4800 cid=13075 signal=Warning pics=GHS02,GHS07,GHS08 query=780-69-8
[OK] id=4801 cid=6327611 signal=Warning pics=GHS02,GHS07 query=6485-79-6
[OK] id=4802 cid=26541 signal=Warning pics=GHS07 query=14187-32-7
[OK] id=4803 cid=9887206 signal=Danger pics=GHS03,GHS07,GHS09 query=7789-02-8
[OK] id=4804 cid=13263 signal=Danger pics=GHS06,GHS07,GHS08,GHS09 query=834-12-8
[OK] id=4805 cid=656673 signal=Danger pics=GHS06,GHS08 query=7059-24-7
[OK] id=4806 cid=17049 signal=Danger pics=GHS02,GHS06,GHS07,GHS08,GHS09 query=2426-08-6
[OK] id=4808 cid=14215 signal=Warning pics=GHS07,GHS09 query=1114-71-2
[OK] id=4809 cid=7719 signal=Danger pics=GHS02,GHS05,GHS06,GHS07 query=104-75-6
[OK] id=4810 cid=8030 signal=Danger pics=GHS02,GHS05,GHS06,GHS07,GHS08 query=110-02-1
[OK] id=4811 cid=8697 signal=Danger pics=GHS05,GHS07,GHS08 query=149-57-5
[OK] id=4812 cid=88098 signal=Danger pics=GHS02,GHS05 query=19522-67-9
[OK] id=4813 cid=11168 signal=Danger pics=GHS02,GHS06,GHS07 query=556-64-9
[OK] id=4814 cid=7540 signal=Warning pics=GHS07,GHS08,GHS09 query=101-02-0
[OK] id=4815 cid=7864 signal=Danger pics=GHS02,GHS05,GHS06,GHS07,GHS08 query=107-30-2
[OK] id=4816 cid=92420 signal= pics=GHS09 query=94593-91-6
[OK] id=4817 cid=6373 signal=Warning pics=GHS04,GHS07 query=75-46-7
[NOTFOUND] id=4819 query=68477-69-0
[OK] id=4820 cid=24519 signal=Danger pics=GHS08,GHS09 query=7779-90-0
[OK] id=4821 cid=5324925 signal=Danger pics=GHS05 query=26782-74-1
[OK] id=4822 cid=9903917 signal=Warning pics=GHS02,GHS07 query=3087-37-4
[EMPTY] id=4823 cid=6306 query=73-32-5
[OK] id=4824 cid=123106 signal=Danger pics=GHS05 query=1314-68-7
[OK] id=4825 cid=67970 signal=Warning pics=GHS02,GHS07 query=446-52-6
[EMPTY] id=4827 cid=5143 query=81-07-2
[OK] id=4828 cid=74269 signal=Danger pics=GHS02,GHS05 query=1663-67-8
[NOTFOUND] id=4829 query=101631-13-4
[OK] id=4830 cid=135445674 signal=Warning pics=GHS07 query=206658-81-3
[OK] id=4831 cid=8895 signal=Danger pics=GHS05,GHS06,GHS07,GHS08,GHS09 query=142-71-2
[NOTFOUND] id=4832 query=33678-01-2
[OK] id=4833 cid=2361 signal=Warning pics=GHS07 query=6051-87-2
[OK] id=4834 cid=2078 signal=Danger pics=GHS06,GHS07,GHS08,GHS09 query=15972-60-8
[OK] id=4835 cid=6112114 signal=Warning pics=GHS07,GHS08,GHS09 query=143390-89-0
[NOTFOUND] id=4836 query=95465-89-7
[OK] id=4837 cid=8502 signal=Danger pics=GHS05 query=122-04-3
[OK] id=4839 cid=83234 signal=Danger pics=GHS05,GHS07,GHS09 query=13209-15-9
[OK] id=4840 cid=29863 signal=Warning pics=GHS09 query=19937-59-8
[NOTFOUND] id=4841 query=64742-19-4
[OK] id=4842 cid=93539 signal=Warning pics=GHS09 query=104040-78-0
[OK] id=4843 cid=10462 signal=Danger pics=GHS01,GHS07 query=505-71-5
[OK] id=4844 cid=7928 signal=Warning pics=GHS07 query=108-37-2
[OK] id=4845 cid=8056 signal=Danger pics=GHS05,GHS06,GHS07 query=110-52-1
[OK] id=4846 cid=61298 signal=Danger pics=GHS01,GHS06,GHS08,GHS09 query=2312-76-7
[OK] id=4848 cid=11914 signal=Danger pics=GHS05 query=611-71-2
[OK] id=4849 cid=6492 signal=Danger pics=GHS02,GHS06,GHS07,GHS08,GHS09 query=77-73-6
[OK] id=4850 cid=8490 signal=Danger pics=GHS01,GHS06,GHS07,GHS08,GHS09 query=121-82-4
[OK] id=4851 cid=69675 signal=Danger pics=GHS06,GHS08 query=696-44-6
[OK] id=4852 cid=12437 signal=Danger pics=GHS07,GHS08 query=632-22-4
[OK] id=4853 cid=23690431 signal=Warning pics=GHS07,GHS08 query=136-78-7
[OK] id=4854 cid=254178 signal=Danger pics=GHS05 query=1570-95-2
[NOTFOUND] id=4855 query=90640-84-9
[OK] id=4856 cid=14832789 signal=Warning pics=GHS07 query=10027-06-2
[OK] id=4859 cid=3034435 signal=Warning pics=GHS07,GHS09 query=62610-77-9
[NOTFOUND] id=4860 query=8050-09-7
[OK] id=4861 cid=32230 signal=Danger pics=GHS06,GHS07,GHS09 query=24151-93-7
[OK] id=4862 cid=16559 signal=Warning pics=GHS08,GHS09 query=2164-08-1
[NOTFOUND] id=4863 query=91995-73-2
[OK] id=4864 cid=79148 signal=Warning pics=GHS07 query=1191-08-8
[OK] id=4865 cid=10902 signal=Danger pics=GHS02,GHS06,GHS07 query=540-63-6
[OK] id=4866 cid=15659 signal=Danger pics=GHS05,GHS07,GHS08 query=1760-24-3
[OK] id=4867 cid=5795 signal=Danger pics=GHS06,GHS07,GHS08 query=51-05-8
[OK] id=4868 cid=6947 signal=Danger pics=GHS05,GHS07,GHS08,GHS09 query=88-75-5
[OK] id=4869 cid=5362485 signal=Danger pics=GHS05,GHS07,GHS08 query=10476-85-4
[OK] id=4870 cid=8252 signal=Danger pics=GHS02,GHS04,GHS07 query=115-07-1
[OK] id=4871 cid=12955 signal=Danger pics=GHS05,GHS06,GHS07,GHS08,GHS09 query=753-73-1
[OK] id=4872 cid=12287 signal=Danger pics=GHS02,GHS05,GHS06,GHS07,GHS08,GHS09 query=626-60-8
[OK] id=4873 cid=11783 signal=Danger pics=GHS06,GHS08,GHS09 query=603-83-8
[OK] id=4874 cid=12274 signal=Danger pics=GHS06,GHS07 query=626-05-1
[OK] id=4875 cid=7505 signal=Danger pics=GHS06,GHS07,GHS08 query=100-47-0
[OK] id=4876 cid=17134 signal=Warning pics=GHS07,GHS09 query=2447-57-6
[NOTFOUND] id=4877 query=1330-20-7
[NOTFOUND] id=4878 query=90641-07-9
[OK] id=4879 cid=10509 signal=Danger pics=GHS03,GHS06,GHS07,GHS08 query=509-14-8
[OK] id=4880 cid=297 signal=Danger pics=GHS02,GHS04 query=74-82-8
[OK] id=4881 cid=8809 signal=Danger pics=GHS07,GHS08,GHS09 query=140-57-8
[OK] id=4882 cid=7960 signal=Warning pics=GHS07,GHS09 query=108-85-0
[OK] id=4883 cid=86132 signal=Danger pics=GHS06,GHS07,GHS08,GHS09 query=113096-99-4
[OK] id=4884 cid=9560 signal=Danger pics=GHS06,GHS08,GHS09 query=7786-34-7
[NOTFOUND] id=4885 query=68476-33-5
[OK] id=4886 cid=8119 signal=Danger pics=GHS02,GHS05,GHS06,GHS07,GHS08 query=111-49-9
[NOTFOUND] id=4887 query=101795-01-1
[OK] id=4888 cid=69373 signal=Danger pics=GHS05,GHS07,GHS08 query=626-15-3
[NOTFOUND] id=4889 query=100684-02-4
[OK] id=4890 cid=3357 signal=Warning pics=GHS08 query=79660-72-3
[NOTFOUND] id=4892 query=68919-02-8
[OK] id=4893 cid=80363 signal=Danger pics=GHS02,GHS07 query=6224-91-5
[OK] id=4894 cid=2998 signal=Danger pics=GHS05,GHS06,GHS07,GHS08 query=2444-46-4
[OK] id=4895 cid=4649 signal=Warning pics=GHS07 query=65-49-6
[NOTFOUND] id=4896 query=64741-68-0
[OK] id=4897 cid=19463 signal=Warning pics=GHS02,GHS07,GHS08,GHS09 query=3710-84-7
[OK] id=4898 cid=5971 signal=Danger pics=GHS02,GHS06,GHS07,GHS08,GHS09 query=57-06-7
[OK] id=4899 cid=14082 signal=Warning pics=GHS02,GHS07 query=1073-06-9
[OK] id=4900 cid=7471 signal=Danger pics=GHS06,GHS07,GHS08,GHS09 query=99-97-8
[NOTFOUND] id=4901 query=91770-15-9
[OK] id=4902 cid=8926 signal=Danger pics=GHS05,GHS07,GHS08,GHS09 query=143-27-1
[OK] id=4903 cid=443629 signal=Warning pics=GHS07 query=37248-47-8
[OK] id=4904 cid=34192 signal=Warning pics=GHS07,GHS08,GHS09 query=28249-77-6
[OK] id=4905 cid=6857597 signal=Danger pics=GHS05,GHS06,GHS07,GHS08,GHS09 query=21109-95-5
[NOTFOUND] id=4906 query=68038-70-0
[OK] id=4907 cid=213032 signal=Warning pics=GHS08,GHS09 query=131807-57-3
[OK] id=4908 cid=31677 signal=Danger pics=GHS06,GHS07,GHS08,GHS09 query=23184-66-9
[OK] id=4909 cid=165791 signal=Warning pics=GHS07 query=10025-84-0
[OK] id=4910 cid=7810 signal=Danger pics=GHS02,GHS06,GHS07,GHS08,GHS09 query=106-43-4
[NOTFOUND] id=4911 query=100684-03-5
[OK] id=4912 cid=700999 signal=Danger pics=GHS06,GHS07,GHS08,GHS09 query=102-08-9
[OK] id=4913 cid=2754067 signal=Danger pics=GHS05,GHS07,GHS09 query=59227-88-2
[OK] id=4914 cid=7285 signal=Danger pics=GHS06,GHS07,GHS08,GHS09 query=96-18-4
[OK] id=4915 cid=73665 signal=Warning pics=GHS07,GHS08,GHS09 query=67747-09-5
[OK] id=4917 cid=9584 signal=Danger pics=GHS02,GHS05,GHS06,GHS07,GHS08,GHS09 query=348-54-9
[OK] id=4918 cid=76359 signal=Danger pics=GHS01,GHS02,GHS07 query=3006-86-8
[OK] id=4919 cid=31068 signal=Warning pics=GHS07,GHS09 query=22212-55-1
[OK] id=4920 cid=67789 signal=Danger pics=GHS02,GHS06,GHS07,GHS09 query=371-42-6
[OK] id=4921 cid=8470 signal=Danger pics=GHS02,GHS06,GHS07,GHS08 query=121-43-7
[OK] id=4922 cid=24501 signal=Danger pics=GHS06,GHS07,GHS08,GHS09 query=7778-44-1
[OK] id=4923 cid=24819 signal=Danger pics=GHS05,GHS06,GHS07,GHS08 query=10026-13-8
[OK] id=4924 cid=5281548 signal=Warning pics=GHS07,GHS09 query=121-20-0
[OK] id=4926 cid=5702697 signal=Danger pics=GHS06,GHS07 query=514-73-8
[OK] id=4927 cid=8846 signal=Danger pics=GHS02,GHS06,GHS07,GHS08 query=141-32-2
[OK] id=4928 cid=68369 signal=Warning pics=GHS07 query=550-74-3
[OK] id=4929 cid=7731 signal=Warning pics=GHS02,GHS07,GHS08 query=104-93-8
[OK] id=4930 cid=28112 signal=Danger pics=GHS02,GHS05,GHS08 query=16853-85-3
[OK] id=4931 cid=89245 signal=Danger pics=GHS02,GHS07 query=19910-65-7
[OK] id=4932 cid=6452824 signal=Danger pics=GHS05,GHS07,GHS09 query=53408-94-9
[OK] id=4933 cid=6452561 signal=Danger pics=GHS06,GHS08,GHS09 query=52033-74-6
[OK] id=4934 cid=7860 signal=Danger pics=GHS06,GHS07,GHS08 query=107-22-2
[NOTFOUND] id=4935 query=68476-55-1
[OK] id=4936 cid=2725037 signal=Danger pics=GHS05,GHS07 query=79200-56-9
[OK] id=4937 cid=7158 signal=Danger pics=GHS07,GHS08,GHS09 query=93-72-1
[OK] id=4939 cid=8067 signal=Danger pics=GHS02,GHS07 query=110-66-7
[EMPTY] id=4940 cid=5322 query=17784-12-2
[OK] id=4941 cid=6913588 signal=Danger pics=GHS02,GHS05,GHS07 query=10416-59-8
[OK] id=4942 cid=7923 signal=Danger pics=GHS05,GHS06,GHS07,GHS08 query=108-31-6
[OK] id=4944 cid=11525 signal=Danger pics=GHS02,GHS05,GHS07 query=589-92-4
[NOTFOUND] id=4945 query=94733-08-1
[OK] id=4946 cid=33637 signal=Warning pics=GHS02,GHS07 query=578-58-5
[OK] id=4947 cid=54678504 signal=Danger pics=GHS06,GHS08,GHS09 query=5836-29-3
[OK] id=4948 cid=28780 signal=Danger pics=GHS06,GHS07,GHS08,GHS09 query=17804-35-2
[OK] id=4949 cid=11418 signal=Danger pics=GHS02,GHS05,GHS07 query=583-59-5
[OK] id=4950 cid=7015 signal=Warning pics=GHS07,GHS08 query=90-41-5
[NOTFOUND] id=4951 query=9000-90-2
[OK] id=4952 cid=12309 signal=Danger pics=GHS02,GHS07,GHS08 query=627-19-0
[OK] id=4953 cid=727 signal=Danger pics=GHS06,GHS07,GHS08,GHS09 query=608-73-1
[OK] id=4955 cid=11381 signal=Warning pics=GHS07 query=580-51-8
[EMPTY] id=4956 cid=26517 query=14167-18-1
[NOTFOUND] id=4958 query=68955-35-1
[OK] id=4959 cid=26053 signal=Danger pics=GHS05,GHS06,GHS07,GHS08 query=13473-90-0
[OK] id=4960 cid=7722 signal=Danger pics=GHS05,GHS07 query=104-82-5
[NOTFOUND] id=4961 query=14898-67-0
[OK] id=4962 cid=17857 signal=Danger pics=GHS05,GHS07,GHS08 query=2855-13-2
[OK] id=4963 cid=7835 signal=Danger pics=GHS02,GHS05,GHS06,GHS07,GHS08 query=106-89-8
[OK] id=4964 cid=3657 signal=Danger pics=GHS08 query=127-07-1
[OK] id=4965 cid=11734 signal=Danger pics=GHS05,GHS06,GHS07,GHS08 query=598-78-7
[OK] id=4966 cid=2331 signal=Warning pics=GHS07,GHS08 query=55-21-0
[OK] id=4967 cid=17531 signal=Danger pics=GHS06,GHS09 query=2642-71-9
[OK] id=4969 cid=2724685 signal=Warning pics=GHS07 query=5978-75-6
[OK] id=4970 cid=3014024 signal=Danger pics=GHS05,GHS06,GHS07,GHS08,GHS09 query=8001-54-5
[OK] id=4971 cid=439570 signal=Warning pics=GHS07 query=6485-40-1
[OK] id=4972 cid=74442 signal=Warning pics=GHS02,GHS07 query=1738-36-9
[OK] id=4973 cid=3623881 signal=Warning pics=GHS09 query=126801-58-9
[OK] id=4974 cid=76284 signal=Danger pics=GHS05,GHS07,GHS09 query=2950-43-8
[EMPTY] id=4975 cid=5793 query=50-99-7
[NOTFOUND] id=4976 query=101896-27-9
[NOTFOUND] id=4977 query=68308-00-9
[NOTFOUND] id=4978 query=68783-04-0
[OK] id=4980 cid=5455 signal=Danger pics=GHS06,GHS07,GHS08,GHS09 query=137-26-8
[OK] id=4981 cid=31368 signal=Danger pics=GHS02,GHS06,GHS07,GHS08 query=126-98-7
[OK] id=4983 cid=7064 signal=Warning pics=GHS07,GHS08 query=91-76-9
[OK] id=4984 cid=7035 signal=Danger pics=GHS05,GHS07,GHS09 query=90-99-3
[OK] id=4985 cid=36240 signal=Danger pics=GHS05,GHS06 query=32807-28-6
[OK] id=4987 cid=356 signal=Danger pics=GHS02,GHS07,GHS08,GHS09 query=111-65-9
[OK] id=4988 cid=31234 signal=Danger pics=GHS05,GHS07 query=122-97-4
[NOTFOUND] id=4989 query=9001-73-4
[OK] id=4990 cid=40813 signal=Danger pics=GHS05,GHS06,GHS07,GHS08 query=53558-25-1
[OK] id=4991 cid=61541 signal=Danger pics=GHS03,GHS05 query=12030-88-5
[OK] id=4992 cid=8305 signal=Warning pics=GHS07,GHS09 query=116-29-0
[OK] id=4993 cid=66325 signal=Danger pics=GHS05,GHS06,GHS07,GHS09 query=10420-89-0
[EMPTY] id=4994 cid=3260416 query=34946-82-2
[OK] id=4995 cid=69524 signal=Danger pics=GHS02,GHS05,GHS07 query=645-36-3
[OK] id=4996 cid=70715 signal=Warning pics=GHS07 query=1120-99-6
[OK] id=4997 cid=516899 signal=Danger pics=GHS03,GHS07 query=7791-07-3
[NOTFOUND] id=4998 query=64741-61-3
[OK] id=4999 cid=7815 signal=Danger pics=GHS05,GHS07 query=106-54-7
[OK] id=5000 cid=7965 signal=Danger pics=GHS02,GHS05,GHS06,GHS07,GHS08 query=108-91-8
[OK] id=5001 cid=86262 signal=Warning pics=GHS07,GHS09 query=106264-79-3
[OK] id=5002 cid=7294 signal=Danger pics=GHS02,GHS05,GHS06,GHS07,GHS08,GHS09 query=96-33-3
[OK] id=5003 cid=5771688 signal=Danger pics=GHS05 query=35963-20-3
[OK] id=5004 cid=91644 signal=Danger pics=GHS06,GHS07,GHS08,GHS09 query=51218-49-6
[OK] id=5005 cid=8738 signal=Danger pics=GHS05,GHS07 query=138-22-7
[OK] id=5006 cid=5569 signal=Danger pics=GHS06,GHS07,GHS08,GHS09 query=1582-09-8
[OK] id=5007 cid=13526 signal=Danger pics=GHS06,GHS09 query=919-86-8
[NOTFOUND] id=5008 query=8011-63-0
[EMPTY] id=5009 cid=8164 query=112-14-1
[OK] id=5010 cid=23404 signal=Danger pics=GHS05,GHS07 query=6964-21-2
[OK] id=5011 cid=11844 signal=Danger pics=GHS05,GHS06,GHS07,GHS08,GHS09 query=608-27-5
[NOTFOUND] id=5012 query=90640-88-3
[OK] id=5013 cid=61023 signal=Danger pics=GHS01,GHS02 query=109-13-7
[OK] id=5014 cid=12355 signal=Danger pics=GHS02,GHS07 query=628-81-9
[OK] id=5016 cid=38687 signal=Warning pics=GHS07 query=40843-25-2
[OK] id=5017 cid=10942665 signal=Danger pics=GHS05,GHS07,GHS08 query=14166-21-3
[OK] id=5018 cid=26031 signal=Danger pics=GHS05,GHS06,GHS07,GHS08 query=13454-96-1
[NOTFOUND] id=5019 query=64742-48-9
[OK] id=5020 cid=13004 signal=Danger pics=GHS02,GHS05,GHS06,GHS07 query=765-43-5
[OK] id=5021 cid=67128 signal=Warning pics=GHS07 query=121-01-7
[OK] id=5022 cid=76004 signal=Danger pics=GHS02,GHS05,GHS07,GHS08 query=2768-02-7
[OK] id=5023 cid=159051 signal=Danger pics=GHS05,GHS07 query=87172-89-2
[OK] id=5024 cid=19958 signal=Danger pics=GHS05,GHS06,GHS07,GHS08 query=4044-65-9
[NOTFOUND] id=5025 query=101316-66-9
[OK] id=5026 cid=69223 signal=Warning pics=GHS02,GHS07 query=616-42-2
[OK] id=5027 cid=16682804 signal=Danger pics=GHS05,GHS06,GHS07,GHS08,GHS09 query=900-95-8
[OK] id=5028 cid=5359464 signal=Danger pics=GHS05,GHS06,GHS07,GHS08 query=7440-28-0
[OK] id=5029 cid=7721 signal=Danger pics=GHS05 query=104-81-4
[OK] id=5030 cid=10690 signal=Warning pics=GHS07 query=526-95-4
[OK] id=5031 cid=5462309 signal=Danger pics=GHS02,GHS05,GHS06,GHS09 query=7723-14-0
[OK] id=5032 cid=33294 signal=Danger pics=GHS06,GHS07,GHS08,GHS09 query=26087-47-8
[OK] id=5033 cid=82129 signal=Danger pics=GHS05,GHS07 query=7693-46-1
[OK] id=5034 cid=35969 signal=Warning pics=GHS07,GHS09 query=31895-22-4
[OK] id=5035 cid=787115 signal=Warning pics=GHS07,GHS09 query=39562-27-1
[NOTFOUND] id=5037 query=91995-18-5
[OK] id=5038 cid=62695 signal=Danger pics=GHS02,GHS03,GHS04 query=624-64-6
[OK] id=5039 cid=5383 signal=Danger pics=GHS07,GHS08,GHS09 query=34014-18-1
[EMPTY] id=5041 cid=102059956 query=1189-85-1
[NOTFOUND] id=5042 query=98219-47-7
[NOTFOUND] id=5043 query=94114-03-1
[OK] id=5044 cid=8413 signal=Danger pics=GHS07,GHS08,GHS09 query=119-93-7
[OK] id=5045 cid=11921 signal=Danger pics=GHS05,GHS08 query=612-23-7
[OK] id=5046 cid=66052 signal=Danger pics=GHS02,GHS05,GHS06,GHS07,GHS09 query=107-59-5
[OK] id=5047 cid=11334 signal=Warning pics=GHS07,GHS09 query=576-24-9
[OK] id=5048 cid=9309 signal=Danger pics=GHS02,GHS08 query=300-57-2
[OK] id=5049 cid=11668 signal=Danger pics=GHS05,GHS07 query=594-45-6
[OK] id=5050 cid=6561 signal=Danger pics=GHS02,GHS07,GHS08 query=78-84-2
[OK] id=5052 cid=24648 signal=Danger pics=GHS05,GHS06,GHS07,GHS08 query=7791-25-5
[OK] id=5053 cid=8133 signal=Danger pics=GHS05,GHS06,GHS07,GHS08 query=111-76-2
[OK] id=5054 cid=47759 signal=Danger pics=GHS06,GHS07,GHS08,GHS09 query=65907-30-4
[OK] id=5055 cid=9777 signal=Danger pics=GHS05 query=375-22-4
[OK] id=5056 cid=67574 signal=Warning pics=GHS07 query=320-51-4
[OK] id=5057 cid=2723917 signal=Warning pics=GHS07 query=20445-31-2
[OK] id=5058 cid=9828343 signal=Warning pics=GHS07,GHS08,GHS09 query=51596-10-2
[OK] id=5059 cid=24386 signal=Danger pics=GHS05,GHS06,GHS07,GHS08 query=7719-09-7
[OK] id=5060 cid=60605 signal=Warning pics=GHS08 query=113617-63-3
[OK] id=5061 cid=87809 signal=Danger pics=GHS07,GHS08,GHS09 query=18820-29-6
[OK] id=5062 cid=700 signal=Danger pics=GHS02,GHS05,GHS06,GHS07,GHS08 query=141-43-5
[OK] id=5063 cid=727 signal=Danger pics=GHS06,GHS07,GHS08,GHS09 query=319-85-7
[OK] id=5064 cid=2723766 signal=Danger pics=GHS05,GHS07,GHS08 query=129-64-6
[OK] id=5065 cid=12024 signal=Danger pics=GHS02,GHS07 query=616-44-4
[OK] id=5066 cid=8314 signal=Danger pics=GHS05,GHS07 query=116-53-0
[OK] id=5067 cid=7607 signal=Danger pics=GHS05,GHS06,GHS07,GHS08 query=102-36-3
[OK] id=5069 cid=78474 signal=Danger pics=GHS05,GHS06,GHS07,GHS09 query=4736-60-1
[OK] id=5071 cid=67296 signal=Danger pics=GHS05,GHS07,GHS08,GHS09 query=25154-52-3
[NOTFOUND] id=5072 query=94114-52-0
[OK] id=5073 cid=9794739 signal=Danger pics=GHS07,GHS08,GHS09 query=1314-87-0
[NOTFOUND] id=5074 query=68527-15-1
[OK] id=5075 cid=51081 signal=Warning pics=GHS07 query=70458-92-3
[NOTFOUND] id=5076 query=68919-12-0
[NOTFOUND] id=5077 query=101794-91-6
[OK] id=5078 cid=7153 signal=Danger pics=GHS05,GHS06,GHS07,GHS08,GHS09 query=7085-19-0
[OK] id=5079 cid=11773 signal=Danger pics=GHS06,GHS09 query=603-32-7
[OK] id=5080 cid=8870 signal=Danger pics=GHS05,GHS06,GHS07,GHS08,GHS09 query=142-04-1
[OK] id=5081 cid=61142 signal=Danger pics=GHS06 query=593-89-5
[OK] id=5082 cid=76690 signal=Danger pics=GHS06,GHS07 query=3218-49-3
[OK] id=5083 cid=9788 signal=Danger pics=GHS05,GHS09 query=381-73-7
[OK] id=5084 cid=61012 signal=Danger pics=GHS05,GHS07,GHS08 query=105-16-8
[OK] id=5085 cid=61184 signal=Warning pics=GHS02,GHS07 query=638-11-9
[OK] id=5086 cid=89848 signal=Danger pics=GHS05,GHS07 query=22809-37-6
[OK] id=5087 cid=7245 signal=Danger pics=GHS05,GHS06,GHS07,GHS08,GHS09 query=95-57-8
[EMPTY] id=5088 cid=7967 query=108-94-1
[NOTFOUND] id=5089 query=93924-31-3
[EMPTY] id=5090 cid=11243 query=563-54-2
[OK] id=5091 cid=6966 signal=Danger pics=GHS05,GHS07,GHS08 query=89-32-7
[OK] id=5092 cid=7964 signal=Danger pics=GHS02,GHS07,GHS08,GHS09 query=108-90-7
[OK] id=5093 cid=6844 signal=Danger pics=GHS05,GHS07 query=86-48-6
[OK] id=5094 cid=1732 signal=Danger pics=GHS05,GHS07,GHS08,GHS09 query=59-50-7
[OK] id=5098 cid=12206 signal=Danger pics=GHS02 query=624-24-8
[OK] id=5099 cid=6842999 signal=Warning pics=GHS08 query=23256-30-6
[EMPTY] id=5100 cid=16825 query=5742-19-8
[OK] id=5102 cid=6051 signal=Danger pics=GHS06,GHS07,GHS08,GHS09 query=60-09-3
[OK] id=5103 cid=5271565 signal=Danger pics=GHS05,GHS06,GHS07 query=624-48-6
[OK] id=5104 cid=10935078 signal=Warning pics=GHS07,GHS09 query=76855-69-1
[OK] id=5105 cid=674 signal=Danger pics=GHS02,GHS04,GHS05,GHS07,GHS08,GHS09 query=124-40-3
[OK] id=5106 cid=31222 signal=Danger pics=GHS06,GHS07,GHS08,GHS09 query=122-66-7
[OK] id=5107 cid=5462311 signal=Warning pics=GHS07,GHS08 query=7440-42-8
[OK] id=5108 cid=62365 signal=Danger pics=GHS02,GHS05,GHS06,GHS07 query=543-27-1
[OK] id=5109 cid=8141 signal=Danger pics=GHS02,GHS07,GHS08,GHS09 query=111-84-2
[OK] id=5110 cid=69110 signal=Danger pics=GHS05 query=609-65-4
[OK] id=5111 cid=11005 signal=Warning pics=GHS07 query=544-63-8
[OK] id=5112 cid=24006 signal=Danger pics=GHS02,GHS05,GHS07 query=7443-70-1
[OK] id=5113 cid=74980 signal=Warning pics=GHS07,GHS08,GHS09 query=2095-02-5
[OK] id=5114 cid=8445 signal=Danger pics=GHS07,GHS08 query=120-71-8
[OK] id=5115 cid=4 signal=Danger pics=GHS05,GHS07 query=78-96-6
[OK] id=5116 cid=6451137 signal=Danger pics=GHS05,GHS07,GHS08,GHS09 query=136849-15-5
[OK] id=5117 cid=19730 signal=Danger pics=GHS06,GHS07,GHS08,GHS09 query=3861-47-0
[NOTFOUND] id=5118 query=1321-74-0
[OK] id=5119 cid=8111 signal=Danger pics=GHS05,GHS06,GHS07,GHS08,GHS09 query=111-40-0
[OK] id=5120 cid=7342 signal=Danger pics=GHS02 query=97-62-1
[OK] id=5121 cid=7061 signal=Danger pics=GHS06,GHS07,GHS08,GHS09 query=91-66-7
[OK] id=5122 cid=170839545 signal=Danger pics=GHS02 query=12013-56-8
[OK] id=5123 cid=6335187 signal=Danger pics=GHS02,GHS06 query=4262-43-5
[OK] id=5124 cid=10484 signal=Danger pics=GHS02,GHS05,GHS06,GHS07 query=507-09-5
[OK] id=5125 cid=160641 signal= pics=GHS09 query=2511-00-4
[NOTFOUND] id=5126 query=9068-59-1
[OK] id=5128 cid=8799 signal=Warning pics=GHS07,GHS08,GHS09 query=140-41-0
[OK] id=5129 cid=77667 signal=Warning pics=GHS02 query=4045-44-7
[OK] id=5130 cid=5284469 signal=Danger pics=GHS06,GHS07,GHS08,GHS09 query=8001-35-2
[OK] id=5131 cid=62576 signal=Warning pics=GHS07 query=5437-45-6
[NOTFOUND] id=5132 query=68477-79-2
[OK] id=5133 cid=75222 signal=Warning pics=GHS07 query=2233-18-3
[OK] id=5134 cid=73172 signal=Warning pics=GHS07 query=19847-12-2
[OK] id=5135 cid=91612 signal=Warning pics=GHS07 query=34205-21-5
[OK] id=5136 cid=9009 signal=Danger pics=GHS02,GHS07,GHS08 query=150-46-9
[OK] id=5137 cid=24808 signal=Danger pics=GHS05,GHS06,GHS07,GHS08,GHS09 query=10025-73-7
[OK] id=5138 cid=8295 signal=Danger pics=GHS07,GHS08,GHS09 query=115-96-8
[OK] id=5139 cid=8302 signal=Danger pics=GHS04,GHS07,GHS08 query=116-15-4
[OK] id=5140 cid=66995 signal=Warning pics=GHS02,GHS07 query=115-80-0
[OK] id=5141 cid=10908 signal=Danger pics=GHS02,GHS07 query=540-88-5
[OK] id=5142 cid=9086 signal=Danger pics=GHS05,GHS07 query=156-87-6
[OK] id=5143 cid=4657 signal=Danger pics=GHS05 query=55-81-2
[NOTFOUND] id=5144 query=67891-79-6
[OK] id=5145 cid=9839306 signal=Danger pics=GHS06,GHS07,GHS09 query=23031-36-9
[OK] id=5146 cid=24403 signal=Danger pics=GHS05,GHS07 query=7722-88-5
[OK] id=5147 cid=13525 signal=Warning pics=GHS07 query=919-76-6
[OK] id=5148 cid=101987 signal=Danger pics=GHS05,GHS07 query=1148-11-4
[OK] id=5149 cid=5284461 signal=Danger pics=GHS06,GHS07 query=21259-20-1
[OK] id=5150 cid=38854 signal=Warning pics=GHS07,GHS09 query=41394-05-2
[OK] id=5151 cid=4124402 signal=Danger pics=GHS05 query=6303-21-5
[OK] id=5152 cid=8081 signal=Danger pics=GHS02,GHS07,GHS08 query=110-88-3
[OK] id=5153 cid=9741 signal=Danger pics=GHS02,GHS07 query=372-18-9
[OK] id=5155 cid=39327 signal=Warning pics=GHS09 query=42874-03-3
[OK] id=5156 cid=12679 signal=Danger pics=GHS07,GHS08 query=680-31-9
[NOTFOUND] id=5157 query=92045-72-2
[OK] id=5158 cid=1123 signal=Warning pics=GHS07 query=107-35-7
[OK] id=5159 cid=7423 signal=Danger pics=GHS06,GHS07,GHS08,GHS09 query=99-09-2
[OK] id=5160 cid=7510 signal=Warning pics=GHS07 query=100-55-0
[NOTFOUND] id=5161 query=92062-09-4
[OK] id=5162 cid=34475 signal= pics= query=29104-30-1
[OK] id=5163 cid=28118 signal=Danger pics=GHS05,GHS06,GHS07,GHS08 query=16872-11-0
[OK] id=5164 cid=2724166 signal=Danger pics=GHS06,GHS07 query=536-46-9
[OK] id=5165 cid=31244 signal=Warning pics=GHS07,GHS08 query=123-11-5
[OK] id=5166 cid=71188 signal=Danger pics=GHS07,GHS08,GHS09 query=93106-60-6
[OK] id=5167 cid=12336 signal=Danger pics=GHS06,GHS07 query=628-20-6
[OK] id=5168 cid=6327182 signal=Danger pics=GHS06,GHS07,GHS08 query=13494-80-9
[OK] id=5171 cid=61011 signal=Danger pics=GHS02,GHS05,GHS06,GHS07 query=104-78-9
[OK] id=5172 cid=60986 signal=Warning pics=GHS02,GHS07 query=97-97-2
[OK] id=5173 cid=86102 signal=Danger pics=GHS06,GHS07,GHS08,GHS09 query=80443-41-0
[OK] id=5174 cid=13539 signal=Warning pics=GHS07 query=923-26-2
[OK] id=5175 cid=6945 signal=Danger pics=GHS06,GHS07,GHS08,GHS09 query=88-73-3
[NOTFOUND] id=5176 query=68475-60-5
[OK] id=5177 cid=25146 signal=Danger pics=GHS06,GHS08,GHS09 query=10311-84-9
[OK] id=5178 cid=13387 signal=Danger pics=GHS07,GHS08 query=872-50-4
[OK] id=5179 cid=16843 signal=Warning pics=GHS04,GHS08 query=2314-97-8
[OK] id=5180 cid=1550489 signal=Warning pics=GHS07 query=1450-85-7
[OK] id=5181 cid=90670 signal=Warning pics=GHS07 query=24964-64-5
[OK] id=5182 cid=6325 signal=Danger pics=GHS02,GHS04,GHS07 query=74-85-1
[OK] id=5183 cid=8881 signal=Danger pics=GHS02,GHS07,GHS08 query=142-28-9
[NOTFOUND] id=5184 query=92045-77-7
[OK] id=5185 cid=93395 signal=Danger pics=GHS01,GHS05,GHS07,GHS08,GHS09 query=69094-18-4
[OK] id=5186 cid=18232 signal=Danger pics=GHS05,GHS07,GHS08,GHS09 query=3040-44-6
[OK] id=5187 cid=7343 signal=Danger pics=GHS02,GHS07 query=97-63-2
[OK] id=5188 cid=40585 signal=Danger pics=GHS06,GHS09 query=52918-63-5
[OK] id=5189 cid=5344 signal=Warning pics=GHS07 query=127-69-5
[OK] id=5191 cid=20965 signal=Danger pics=GHS06,GHS07,GHS09 query=4824-78-6
[OK] id=5192 cid=12587 signal=Danger pics=GHS05,GHS06 query=646-07-1
[OK] id=5193 cid=31254 signal=Danger pics=GHS07,GHS08 query=123-39-7
[OK] id=5194 cid=441071 signal=Danger pics=GHS06,GHS08,GHS09 query=57-24-9
[NOTFOUND] id=5195 query=11089-65-9
[OK] id=5196 cid=6434236 signal=Warning pics=GHS02,GHS09 query=42588-37-4
[NOTFOUND] id=5197 query=92045-59-5
[OK] id=5198 cid=86429 signal=Warning pics=GHS07,GHS08,GHS09 query=142459-58-3
[OK] id=5199 cid=8001 signal=Danger pics=GHS02,GHS07,GHS08,GHS09 query=109-64-8
[OK] id=5200 cid=114233 signal=Warning pics=GHS07,GHS09 query=63767-86-2
[OK] id=5201 cid=7582 signal=Danger pics=GHS05,GHS06,GHS07,GHS08,GHS09 query=101-83-7
[OK] id=5202 cid=11312 signal=Danger pics=GHS01,GHS06,GHS08,GHS09 query=573-56-8
[OK] id=5203 cid=4063671 signal=Warning pics=GHS07 query=12232-99-4
[OK] id=5204 cid=6653 signal=Warning pics=GHS02,GHS07 query=80-55-7
[EMPTY] id=5205 cid=3033878 query=26472-00-4
[OK] id=5206 cid=20565 signal=Warning pics=GHS07,GHS09 query=4482-55-7
[NOTFOUND] id=5207 query=8032-32-4
[OK] id=5208 cid=2724189 signal=Danger pics=GHS06 query=2231-57-4
[OK] id=5209 cid=7807 signal=Danger pics=GHS06,GHS07,GHS08 query=106-40-1
[OK] id=5210 cid=14018 signal=Danger pics=GHS02,GHS07,GHS08,GHS09 query=1067-08-9
[OK] id=5211 cid=19460 signal=Danger pics=GHS02,GHS08,GHS09 query=3710-30-3
[OK] id=5212 cid=25919 signal=Danger pics=GHS06,GHS07 query=13361-32-5
[EMPTY] id=5213 cid=6326975 query=1314-56-3
[OK] id=5214 cid=12012 signal=Danger pics=GHS05,GHS06,GHS07,GHS08 query=616-02-4
[OK] id=5215 cid=24309 signal=Warning pics=GHS02,GHS07,GHS08,GHS09 query=7659-86-1
[OK] id=5216 cid=54676038 signal=Danger pics=GHS06,GHS07,GHS08,GHS09 query=66-76-2
[OK] id=5217 cid=260 signal=Danger pics=GHS04,GHS05,GHS06,GHS07,GHS08 query=10035-10-6
[OK] id=5218 cid=10039 signal=Danger pics=GHS02,GHS04,GHS06,GHS07,GHS08 query=463-58-1
[OK] id=5219 cid=42504 signal=Warning pics=GHS07 query=57646-30-7
[EMPTY] id=5220 cid=6328134 query=15845-66-6
[OK] id=5221 cid=67883 signal=Warning pics=GHS02,GHS07 query=405-99-2
[EMPTY] id=5222 cid=5281697 query=529-53-3
[OK] id=5223 cid=156614055 signal=Danger pics=GHS05 query=27137-85-5
[OK] id=5224 cid=4837 signal=Danger pics=GHS02,GHS05,GHS07,GHS08 query=110-85-0
[OK] id=5225 cid=8299 signal=Warning pics=GHS02,GHS08 query=116-09-6
[OK] id=5227 cid=23677964 signal=Danger pics=GHS06,GHS07 query=928-04-1
[OK] id=5229 cid=16554 signal=Warning pics=GHS07 query=2163-69-1
[OK] id=5230 cid=10824 signal=Danger pics=GHS06,GHS07,GHS08,GHS09 query=536-90-3
[OK] id=5231 cid=81770 signal=Danger pics=GHS02,GHS05,GHS07 query=7328-91-8
[OK] id=5232 cid=6992 signal=Danger pics=GHS05,GHS06 query=89-92-9
[OK] id=5233 cid=91752 signal=Danger pics=GHS06,GHS07,GHS08,GHS09 query=95465-99-9
[EMPTY] id=5234 cid=439195 query=5328-37-0
[OK] id=5235 cid=86173 signal=Warning pics=GHS07,GHS08,GHS09 query=119446-68-3
[OK] id=5236 cid=99291 signal=Warning pics=GHS07 query=2935-35-5
[OK] id=5237 cid=7910 signal=Danger pics=GHS02,GHS07,GHS08 query=108-11-2
[NOTFOUND] id=5238 query=9002-91-9
[OK] id=5239 cid=9580 signal=Danger pics=GHS02,GHS05,GHS09 query=345-35-7
[OK] id=5240 cid=957 signal=Danger pics=GHS07,GHS08 query=111-87-5
[OK] id=5241 cid=7541 signal=Danger pics=GHS05,GHS06,GHS07,GHS09 query=101-05-3
[NOTFOUND] id=5243 query=68478-25-1
[OK] id=5244 cid=65046 signal=Danger pics=GHS05,GHS07 query=593-84-0
[OK] id=5245 cid=12463 signal=Danger pics=GHS07,GHS08,GHS09 query=634-66-2
[OK] id=5247 cid=7528 signal=Warning pics=GHS07,GHS09 query=100-79-8
[OK] id=5248 cid=11269 signal=Danger pics=GHS02,GHS07,GHS08,GHS09 query=565-75-3
[OK] id=5249 cid=11579 signal=Danger pics=GHS05,GHS07 query=123-76-2
[OK] id=5250 cid=9606 signal=Danger pics=GHS02,GHS07 query=352-70-5
[OK] id=5251 cid=13566 signal=Warning pics=GHS02,GHS07 query=927-74-2
[OK] id=5252 cid=2774217 signal=Warning pics=GHS07 query=2576-47-8
[OK] id=5253 cid=52999 signal=Warning pics=GHS09 query=74223-64-6
[EMPTY] id=5254 cid=22061591 query=28347-13-9
[EMPTY] id=5255 cid=76992 query=3453-83-6
[OK] id=5256 cid=19662 signal=Warning pics=GHS07 query=3813-05-6
[NOTFOUND] id=5258 query=1315-09-9
[OK] id=5259 cid=24425 signal=Danger pics=GHS03,GHS05,GHS06,GHS07,GHS08,GHS09 query=7738-94-5
[OK] id=5260 cid=23666456 signal=Danger pics=GHS05,GHS07 query=72-17-3
[OK] id=5261 cid=54684598 signal=Danger pics=GHS06,GHS08,GHS09 query=5543-58-8
[OK] id=5262 cid=9015 signal=Warning pics=GHS07,GHS08 query=150-76-5
[OK] id=5263 cid=74695 signal=Warning pics=GHS07 query=1897-52-5
[OK] id=5264 cid=2723978 signal=Danger pics=GHS06,GHS07,GHS08 query=865-50-9
[OK] id=5265 cid=6463 signal=Warning pics=GHS07 query=76-93-7
[OK] id=5266 cid=4931 signal=Warning pics=GHS07,GHS09 query=1918-16-7
[OK] id=5267 cid=5810 signal=Warning pics=GHS07 query=51-35-4
[EMPTY] id=5268 cid=44152525 query=84787-89-3
[OK] id=5269 cid=6618 signal=Danger pics=GHS07,GHS08,GHS09 query=79-94-7
[NOTFOUND] id=5270 query=64742-69-4
[OK] id=5271 cid=13059699 signal=Danger pics=GHS05,GHS07,GHS08 query=86386-75-6
[OK] id=5273 cid=81672 signal=Warning pics=GHS02,GHS07 query=7252-83-7
[OK] id=5274 cid=71311424 signal=Danger pics=GHS02,GHS06 query=15321-51-4
[OK] id=5275 cid=8022 signal=Danger pics=GHS02,GHS06,GHS07,GHS08 query=109-90-0
[OK] id=5276 cid=7408 signal=Danger pics=GHS05,GHS07 query=98-84-0
[OK] id=5277 cid=24937 signal=Danger pics=GHS03,GHS05,GHS06,GHS08,GHS09 query=10102-45-1
[OK] id=5278 cid=39912 signal=Warning pics=GHS07,GHS08 query=51146-56-6
[OK] id=5279 cid=638132 signal=Danger pics=GHS02,GHS05,GHS07 query=623-43-8
[NOTFOUND] id=5280 query=68527-27-5
[EMPTY] id=5281 cid=81255 query=6802-75-1
[OK] id=5282 cid=5281547 signal=Warning pics=GHS07,GHS09 query=25402-06-6
[OK] id=5283 cid=88310 signal=Danger pics=GHS06,GHS07 query=19924-43-7
[OK] id=5284 cid=12052 signal=Danger pics=GHS02,GHS07,GHS09 query=617-86-7
[OK] id=5285 cid=69882442 signal=Danger pics=GHS06,GHS09 query=8065-36-9
[OK] id=5286 cid=13383 signal=Danger pics=GHS02,GHS06,GHS07,GHS09 query=872-31-1
[OK] id=5287 cid=66648 signal=Danger pics=GHS05,GHS07 query=89-97-4
[OK] id=5288 cid=5702599 signal=Warning pics=GHS07 query=23294-41-9
[OK] id=5289 cid=37490 signal=Danger pics=GHS06 query=36614-38-7
[OK] id=5290 cid=407 signal=Danger pics=GHS05,GHS07 query=13598-36-2
[OK] id=5291 cid=7749 signal=Danger pics=GHS02,GHS07 query=105-37-3
[OK] id=5292 cid=23668198 signal=Danger pics=GHS06,GHS08,GHS09 query=140-56-7
[OK] id=5293 cid=4618 signal=Danger pics=GHS06,GHS08,GHS09 query=301-12-2
[OK] id=5294 cid=13010 signal=Warning pics=GHS07 query=766-39-2
[OK] id=5295 cid=77687 signal=Warning pics=GHS02 query=4071-88-9
[OK] id=5296 cid=11953 signal=Danger pics=GHS06 query=613-90-1
[OK] id=5297 cid=37125 signal=Danger pics=GHS06,GHS08,GHS09 query=35400-43-2
[OK] id=5299 cid=159743 signal=Danger pics=GHS05,GHS07 query=1335-30-4
[OK] id=5300 cid=24424 signal=Danger pics=GHS05,GHS07,GHS08,GHS09 query=7733-02-0
[OK] id=5301 cid=44144785 signal=Warning pics=GHS07,GHS09 query=84057-97-6
[OK] id=5302 cid=7390 signal=Danger pics=GHS02,GHS06,GHS07,GHS08,GHS09 query=98-51-1
[OK] id=5303 cid=11062302 signal=Danger pics=GHS02,GHS05,GHS07 query=14044-65-6
[OK] id=5304 cid=522220 signal=Danger pics=GHS02,GHS07 query=666-52-4
[OK] id=5305 cid=2796029 signal=Danger pics=GHS01,GHS02,GHS07 query=123333-53-9
[OK] id=5306 cid=16724 signal=Warning pics=GHS07 query=2244-16-8
[OK] id=5307 cid=24509 signal=Danger pics=GHS02 query=7778-85-0
[OK] id=5308 cid=95566 signal=Warning pics=GHS07 query=6974-77-2
[OK] id=5309 cid=21307 signal=Warning pics=GHS07,GHS08,GHS09 query=5234-68-4
[OK] id=5310 cid=76299 signal=Danger pics=GHS06,GHS07,GHS09 query=2966-50-9
[OK] id=5311 cid=81184 signal=Danger pics=GHS05,GHS06,GHS07 query=6674-22-2
[OK] id=5312 cid=19756 signal=Danger pics=GHS06,GHS07,GHS08,GHS09 query=3878-19-1
[OK] id=5313 cid=17048 signal=Danger pics=GHS06,GHS07,GHS08 query=2426-07-5
[OK] id=5314 cid=7668 signal=Danger pics=GHS02,GHS07,GHS08,GHS09 query=103-65-1
[OK] id=5315 cid=13326 signal=Warning pics=GHS07 query=852-19-7
[OK] id=5316 cid=12590 signal=Danger pics=GHS06,GHS07 query=646-20-8
[OK] id=5317 cid=11082 signal=Danger pics=GHS07,GHS08 query=551-16-6
[OK] id=5318 cid=135436526 signal=Danger pics=GHS02,GHS05,GHS07,GHS08,GHS09 query=70-25-7
[OK] id=5319 cid=8897 signal=Warning pics=GHS07 query=142-73-4
[OK] id=5320 cid=145068 signal=Danger pics=GHS03,GHS04,GHS05,GHS06,GHS08 query=10102-43-9
[OK] id=5321 cid=8177 signal=Danger pics=GHS07,GHS08 query=112-34-5
[NOTFOUND] id=5322 query=64741-66-8
[EMPTY] id=5323 cid=6288 query=72-19-5
[EMPTY] id=5324 cid=27200 query=15318-45-3
[OK] id=5325 cid=140295 signal=Warning pics=GHS02,GHS07 query=17873-08-4
[OK] id=5326 cid=29740 signal=Danger pics=GHS02,GHS05 query=19686-73-8
[OK] id=5327 cid=12310946 signal=Danger pics=GHS06,GHS09 query=465-73-6
[OK] id=5328 cid=23665578 signal=Warning pics=GHS07 query=4312-97-4
[OK] id=5329 cid=3589 signal=Danger pics=GHS06,GHS08,GHS09 query=76-44-8
[OK] id=5330 cid=76908 signal=Danger pics=GHS02,GHS05,GHS07 query=3378-72-1
[NOTFOUND] id=5331 query=132207-32-0
[OK] id=5332 cid=16680 signal=Danger pics=GHS06,GHS07 query=2223-82-7
[OK] id=5333 cid=146261 signal=Danger pics=GHS02,GHS05,GHS06,GHS07,GHS08 query=15448-47-2
[OK] id=5334 cid=14511 signal=Warning pics=GHS07 query=1193-18-6
[OK] id=5335 cid=41679 signal=Danger pics=GHS05,GHS06,GHS07,GHS09 query=55965-84-9
[OK] id=5336 cid=16747781 signal=Danger pics=GHS07,GHS08 query=18282-10-5
[OK] id=5337 cid=74740 signal=Danger pics=GHS05 query=1939-99-7
[OK] id=5338 cid=14063 signal=Danger pics=GHS05,GHS07 query=1071-27-8
[OK] id=5339 cid=91745 signal=Danger pics=GHS07,GHS09 query=87818-61-9
[OK] id=5340 cid=3117 signal=Danger pics=GHS07,GHS08,GHS09 query=97-77-8
[OK] id=5341 cid=153909 signal=Warning pics=GHS07,GHS08,GHS09 query=101200-48-0
[OK] id=5342 cid=11412 signal=Danger pics=GHS02,GHS07,GHS08,GHS09 query=583-48-2
[OK] id=5343 cid=522046 signal=Danger pics=GHS02,GHS07 query=623-53-0
[OK] id=5344 cid=104671 signal=Danger pics=GHS05 query=54010-75-2
[OK] id=5345 cid=66982 signal=Danger pics=GHS05,GHS06,GHS07 query=112-13-0
[NOTFOUND] id=5346 query=91995-15-2
[EMPTY] id=5347 cid=439341 query=9005-84-9
[NOTFOUND] id=5348 query=68955-27-1
[OK] id=5349 cid=24611 signal=Danger pics=GHS05,GHS07,GHS09 query=7789-45-9
[OK] id=5351 cid=3031 signal=Danger pics=GHS07,GHS08,GHS09 query=1194-65-6
[OK] id=5352 cid=16702007 signal=Danger pics=GHS06,GHS07 query=13963-57-0
[EMPTY] id=5353 cid=92421 query=95266-40-3
[OK] id=5354 cid=32484 signal=Warning pics=GHS07 query=24544-04-5
[OK] id=5355 cid=10868 signal=Danger pics=GHS05,GHS06,GHS07,GHS08,GHS09 query=538-75-0
[NOTFOUND] id=5356 query=68308-03-2
[OK] id=5357 cid=7723 signal=Danger pics=GHS05,GHS07,GHS09 query=104-83-6
[OK] id=5358 cid=79812 signal=Warning pics=GHS07 query=5736-85-6
[NOTFOUND] id=5359 query=101794-90-5
[OK] id=5360 cid=74814 signal=Warning pics=GHS07 query=1996-41-4
[OK] id=5361 cid=9942167 signal=Danger pics=GHS03,GHS05,GHS07 query=12135-22-7
[NOTFOUND] id=5362 query=101316-67-0
[OK] id=5363 cid=7978 signal=Warning pics=GHS07 query=109-12-6
[OK] id=5364 cid=13041 signal=Danger pics=GHS05,GHS07 query=771-61-9
[OK] id=5365 cid=24848 signal=Danger pics=GHS03,GHS05,GHS07 query=10042-76-9
[OK] id=5366 cid=6323 signal=Danger pics=GHS02,GHS04,GHS05,GHS06,GHS07,GHS08,GHS09 query=74-83-9
[OK] id=5369 cid=62402 signal=Danger pics=GHS07,GHS08 query=1344-48-5
[OK] id=5370 cid=135424354 signal=Warning pics=GHS07 query=23947-60-6
[OK] id=5371 cid=2733207 signal=Danger pics=GHS02,GHS07 query=125700-67-6
[OK] id=5372 cid=15570 signal=Danger pics=GHS02,GHS05,GHS07 query=1708-29-8
[NOTFOUND] id=5373 query=68911-59-1
[OK] id=5374 cid=517096 signal=Danger pics=GHS07,GHS08 query=917-61-3
[OK] id=5375 cid=4128060 signal=Warning pics=GHS07,GHS09 query=42978-66-5
[NOTFOUND] id=5376 query=12054-85-2
[OK] id=5377 cid=44178 signal=Danger pics=GHS07,GHS08,GHS09 query=62850-32-2
[OK] id=5378 cid=6387 signal=Danger pics=GHS02,GHS07,GHS08,GHS09 query=75-66-1
[EMPTY] id=5379 cid=3229 query=74011-58-8
[OK] id=5380 cid=6943 signal=Danger pics=GHS05,GHS07 query=88-69-7
[OK] id=5381 cid=10197697 signal=Danger pics=GHS05,GHS06,GHS07,GHS08,GHS09 query=1306-19-0
[OK] id=5382 cid=66060 signal=Danger pics=GHS07,GHS08,GHS09 query=110-06-5
[OK] id=5384 cid=730679 signal=Danger pics=GHS06 query=5351-69-9
[OK] id=5385 cid=66028 signal=Warning pics=GHS07 query=103-32-2
[OK] id=5386 cid=8143 signal=Danger pics=GHS02,GHS05,GHS06,GHS07,GHS09 query=111-86-4
[OK] id=5387 cid=19838 signal=Danger pics=GHS02 query=3938-95-2
[OK] id=5388 cid=9625 signal=Danger pics=GHS04,GHS07,GHS08 query=353-59-3
[OK] id=5389 cid=8071 signal=Danger pics=GHS02,GHS07,GHS08 query=110-71-4
[OK] id=5391 cid=62035 signal= pics= query=53404-28-7
[OK] id=5393 cid=7415 signal=Danger pics=GHS02,GHS05,GHS06,GHS07,GHS08,GHS09 query=98-94-2
[EMPTY] id=5394 cid=65610 query=14376-16-0
[NOTFOUND] id=5395 query=68915-31-1
[OK] id=5398 cid=7482 signal=Danger pics=GHS05,GHS07,GHS09 query=100-14-1
[OK] id=5399 cid=9254 signal=Danger pics=GHS02,GHS05 query=288-14-2
[NOTFOUND] id=5400 query=8002-09-3
[OK] id=5401 cid=7927 signal=Warning pics=GHS07 query=108-36-1
[OK] id=5402 cid=68386 signal=Danger pics=GHS06,GHS07 query=555-21-5
[OK] id=5403 cid=91504 signal=Warning pics=GHS07,GHS08 query=1439-07-2
[OK] id=5404 cid=7204 signal=Danger pics=GHS05,GHS06,GHS07,GHS08,GHS09 query=94-74-6
[OK] id=5405 cid=14824 signal=Danger pics=GHS07,GHS08 query=1317-34-6
[OK] id=5406 cid=10994 signal=Danger pics=GHS06,GHS07 query=544-13-8
[OK] id=5407 cid=24811 signal=Danger pics=GHS02,GHS05,GHS06,GHS07,GHS08 query=10025-78-2
[OK] id=5408 cid=10822 signal=Danger pics=GHS02,GHS07,GHS08 query=536-75-4
[OK] id=5409 cid=12308 signal=Danger pics=GHS05,GHS07 query=627-18-9
[NOTFOUND] id=5410 query=90641-01-3
[OK] id=5411 cid=101940 signal=Danger pics=GHS02,GHS05,GHS06,GHS07,GHS08,GHS09 query=993-16-8
[OK] id=5412 cid=517414 signal=Danger pics=GHS05,GHS07,GHS08 query=7080-50-4
[OK] id=5414 cid=6849 signal=Danger pics=GHS02,GHS06,GHS07,GHS08,GHS09 query=86-57-7
[OK] id=5415 cid=105010 signal=Warning pics=GHS09 query=161050-58-4
[EMPTY] id=5416 cid=15538 query=1694-31-1
[OK] id=5417 cid=88675 signal=Warning pics=GHS07 query=20734-58-1
[OK] id=5418 cid=6028 signal=Danger pics=GHS06,GHS07,GHS08,GHS09 query=58-90-2
[OK] id=5419 cid=12276 signal=Warning pics=GHS07,GHS08 query=626-17-5
[OK] id=5420 cid=15385 signal=Danger pics=GHS05,GHS06 query=1622-32-8
[OK] id=5421 cid=7822 signal=Warning pics=GHS02,GHS07 query=541-85-5
[OK] id=5422 cid=19920 signal=Danger pics=GHS02,GHS06,GHS07,GHS08 query=4016-14-2
[OK] id=5424 cid=79 signal=Danger pics=GHS05,GHS07,GHS08 query=100-54-9
[NOTFOUND] id=5425 query=68131-75-9
[OK] id=5426 cid=24603 signal=Danger pics=GHS05,GHS07,GHS08 query=7789-21-1
[OK] id=5427 cid=7899 signal=Danger pics=GHS05,GHS07,GHS08 query=107-94-8
[OK] id=5428 cid=10958189 signal=Warning pics=GHS08 query=140923-17-7
[EMPTY] id=5429 cid=96744 query=445-27-2
[OK] id=5430 cid=12682 signal=Danger pics=GHS02,GHS05,GHS06,GHS07,GHS08 query=681-84-5
[OK] id=5431 cid=34468 signal=Warning pics=GHS07,GHS09 query=29091-05-2
[OK] id=5432 cid=159201 signal= pics= query=88122-99-0
[OK] id=5433 cid=5343 signal=Warning pics=GHS07 query=515-64-0
[OK] id=5434 cid=31298 signal=Danger pics=GHS05,GHS06,GHS07,GHS08,GHS09 query=124-64-1
[OK] id=5435 cid=7834 signal=Danger pics=GHS02,GHS05,GHS06,GHS07,GHS08 query=106-88-7
[OK] id=5436 cid=9993 signal=Warning pics=GHS02,GHS07 query=460-00-4
[OK] id=5437 cid=7102 signal=Danger pics=GHS07,GHS08 query=92-67-1
[OK] id=5438 cid=8986 signal=Danger pics=GHS05,GHS06,GHS07,GHS08 query=147-82-0
[OK] id=5439 cid=11250 signal=Danger pics=GHS02,GHS08,GHS09 query=563-79-1
[OK] id=5440 cid=8060 signal=Danger pics=GHS02,GHS05,GHS06,GHS07 query=110-58-7
[OK] id=5441 cid=6509 signal=Danger pics=GHS05,GHS06,GHS07,GHS08,GHS09 query=77-98-5
[OK] id=5442 cid=7311736 signal=Danger pics=GHS05 query=2799-17-9
[OK] id=5443 cid=67774 signal=Danger pics=GHS06,GHS07,GHS08 query=367-29-3
[OK] id=5445 cid=12991 signal=Warning pics=GHS02,GHS07 query=764-01-2
[OK] id=5446 cid=17412 signal=Danger pics=GHS05,GHS07,GHS08,GHS09 query=2581-34-2
[OK] id=5447 cid=88797 signal=Danger pics=GHS07,GHS08,GHS09 query=531-86-2
[OK] id=5448 cid=2730 signal=Danger pics=GHS06,GHS07,GHS08,GHS09 query=2921-88-2
[OK] id=5449 cid=9845 signal=Danger pics=GHS05,GHS07,GHS08 query=407-25-0
[OK] id=5450 cid=86443 signal=Warning pics=GHS08,GHS09 query=144651-06-9
[OK] id=5451 cid=76539 signal=Warning pics=GHS07,GHS09 query=3091-32-5
[OK] id=5452 cid=3118 signal=Danger pics=GHS06,GHS07,GHS08,GHS09 query=298-04-4
[OK] id=5453 cid=79000 signal=Danger pics=GHS05 query=421-83-0
[OK] id=5454 cid=8042 signal=Warning pics=GHS07 query=110-27-0
[OK] id=5455 cid=10044 signal=Danger pics=GHS02,GHS07,GHS08,GHS09 query=464-06-2
[OK] id=5456 cid=19042 signal=Danger pics=GHS05,GHS07,GHS08,GHS09 query=3524-68-3
[OK] id=5457 cid=7303 signal=Warning pics=GHS07,GHS08 query=96-49-1
[OK] id=5458 cid=236603 signal=Danger pics=GHS05,GHS07 query=776-74-9
[OK] id=5459 cid=23719242 signal=Danger pics=GHS05 query=12200-64-5
[OK] id=5460 cid=160911 signal=Danger pics=GHS03,GHS07 query=10035-06-0
[OK] id=5461 cid=78373 signal=Danger pics=GHS02,GHS05,GHS07 query=4637-24-5
[OK] id=5462 cid=6433944 signal=Danger pics=GHS02,GHS06,GHS07,GHS08 query=25899-50-7
[OK] id=5463 cid=69819 signal=Danger pics=GHS05,GHS07 query=764-85-2
[OK] id=5464 cid=82349 signal=Warning pics=GHS07 query=10099-57-7
[OK] id=5465 cid=6329 signal=Danger pics=GHS02,GHS04,GHS05,GHS06,GHS07,GHS08 query=74-89-5
[OK] id=5466 cid=68315 signal=Danger pics=GHS05 query=539-48-0
[OK] id=5468 cid=11986 signal=Warning pics=GHS07 query=615-18-9
[OK] id=5469 cid=69137 signal=Danger pics=GHS06,GHS08 query=611-21-2
[OK] id=5470 cid=8175 signal=Warning pics=GHS07 query=112-31-2
[OK] id=5471 cid=66827 signal=Warning pics=GHS07 query=98-80-6
[OK] id=5472 cid=73281 signal=Warning pics=GHS07,GHS09 query=111991-09-4
[OK] id=5473 cid=17517 signal=Danger pics=GHS06,GHS07,GHS08,GHS09 query=2631-40-5
[OK] id=5474 cid=11166 signal=Danger pics=GHS02,GHS05 query=556-56-9
[NOTFOUND] id=5475 query=68955-36-2
[OK] id=5476 cid=13181 signal=Warning pics=GHS02 query=821-09-0
[OK] id=5477 cid=26042 signal=Danger pics=GHS07,GHS08 query=1317-80-2
[OK] id=5479 cid=74484 signal=Danger pics=GHS05,GHS07 query=1765-40-8
[OK] id=5480 cid=7419 signal=Warning pics=GHS07 query=99-05-8
[OK] id=5482 cid=1982 signal=Danger pics=GHS07,GHS08,GHS09 query=30560-19-1
[OK] id=5483 cid=75256 signal=Danger pics=GHS05 query=2251-50-5
[OK] id=5485 cid=245005 signal=Danger pics=GHS06 query=302-27-2
[OK] id=5486 cid=16684434 signal=Danger pics=GHS06,GHS07,GHS08,GHS09 query=54-64-8
[OK] id=5487 cid=12341 signal=Danger pics=GHS02,GHS06,GHS07 query=628-34-2
[OK] id=5488 cid=7768 signal=Danger pics=GHS07,GHS08 query=105-60-2
[NOTFOUND] id=5489 query=101316-58-9
[OK] id=5490 cid=2723924 signal=Danger pics=GHS06,GHS08,GHS09 query=13257-51-7
[OK] id=5491 cid=18170 signal=Warning pics=GHS07 query=3012-37-1
[OK] id=5492 cid=24640 signal=Danger pics=GHS02,GHS05,GHS06,GHS07,GHS08 query=7790-99-0
[OK] id=5493 cid=7220 signal=Warning pics=GHS07,GHS08,GHS09 query=95-14-7
[OK] id=5494 cid=7616 signal=Danger pics=GHS02,GHS05,GHS06,GHS07 query=102-69-2
[OK] id=5495 cid=66793 signal=Danger pics=GHS06,GHS08,GHS09 query=96-96-8
[OK] id=5496 cid=3347 signal=Danger pics=GHS06,GHS07,GHS08,GHS09 query=51630-58-1
[NOTFOUND] id=5497 query=85116-57-0
[OK] id=5498 cid=516881 signal=Danger pics=GHS06,GHS07,GHS08,GHS09 query=7784-41-0
[OK] id=5499 cid=87835 signal=Danger pics=GHS02,GHS07,GHS08 query=18871-66-4
[OK] id=5500 cid=12774 signal=Danger pics=GHS02,GHS08 query=698-63-5
[OK] id=5501 cid=16773 signal=Danger pics=GHS02,GHS06,GHS09 query=2275-14-1
[OK] id=5502 cid=2083 signal=Warning pics=GHS07 query=18559-94-9
[OK] id=5503 cid=8061 signal=Danger pics=GHS02,GHS06,GHS07 query=110-59-8
[OK] id=5504 cid=10037 signal=Danger pics=GHS02,GHS04 query=463-49-0
[OK] id=5505 cid=10430 signal=Danger pics=GHS05 query=503-74-2
[OK] id=5506 cid=14814 signal=Danger pics=GHS05,GHS06,GHS07,GHS08,GHS09 query=1314-62-1
[OK] id=5507 cid=5325 signal=Warning pics=GHS07 query=127-79-7
[OK] id=5508 cid=8112 signal=Danger pics=GHS05,GHS07,GHS08 query=111-41-1
[OK] id=5509 cid=8303 signal=Warning pics=GHS07,GHS09 query=116-16-5
[NOTFOUND] id=5510 query=90640-97-4
[EMPTY] id=5511 cid=16004722 query=87819-60-1
[OK] id=5512 cid=5558 signal=Danger pics=GHS06,GHS07,GHS08,GHS09 query=75-25-2
[OK] id=5513 cid=54601500 signal=Danger pics=GHS06,GHS08,GHS09 query=4464-23-7
[OK] id=5514 cid=11667 signal=Danger pics=GHS05,GHS06,GHS07 query=594-44-5
[OK] id=5515 cid=66461 signal=Danger pics=GHS07,GHS08,GHS09 query=79983-71-4
[OK] id=5516 cid=4096 signal=Danger pics=GHS06,GHS08,GHS09 query=10265-92-6
[OK] id=5517 cid=62210 signal=Warning pics=GHS07,GHS09 query=62924-70-3
[EMPTY] id=5518 cid=9571044 query=39978-42-2
[OK] id=5519 cid=9578 signal=Warning pics=GHS07 query=344-04-7
[OK] id=5520 cid=447466 signal=Danger pics=GHS02,GHS05,GHS06,GHS07,GHS08,GHS09 query=4170-30-3
[OK] id=5521 cid=6436604 signal=Warning pics=GHS07 query=83657-22-1
[OK] id=5522 cid=67607 signal=Danger pics=GHS05 query=329-15-7
[NOTFOUND] id=5523 query=68919-05-1
[OK] id=5524 cid=21531 signal=Danger pics=GHS02,GHS07 query=5419-55-6
[OK] id=5525 cid=160779 signal=Warning pics=GHS07,GHS08 query=5248-39-5
[OK] id=5526 cid=7347 signal=Warning pics=GHS07,GHS08,GHS09 query=97-74-5
[OK] id=5527 cid=12247 signal=Warning pics=GHS02 query=625-31-0
[OK] id=5528 cid=4338370 signal=Warning pics=GHS07 query=5307-14-2
[OK] id=5529 cid=14809 signal=Danger pics=GHS03,GHS05,GHS07 query=1314-22-3
[EMPTY] id=5530 cid=10042 query=463-88-7
[NOTFOUND] id=5531 query=68513-14-4
[OK] id=5532 cid=69703 signal=Danger pics=GHS05,GHS07 query=701-99-5
[OK] id=5533 cid=74965 signal=Danger pics=GHS02,GHS05 query=2083-91-2
[OK] id=5534 cid=7900 signal=Warning pics=GHS02,GHS07 query=107-98-2
[OK] id=5535 cid=62343 signal=Warning pics=GHS07,GHS08,GHS09 query=94-04-2
[OK] id=5536 cid=91665 signal=Warning pics=GHS07 query=57369-32-1
[OK] id=5537 cid=12088 signal=Warning pics=GHS07 query=619-66-9
[NOTFOUND] id=5538 query=93763-10-1
[EMPTY] id=5539 cid=517165 query=631-61-8
[OK] id=5540 cid=13689 signal=Danger pics=GHS06 query=947-02-4
[NOTFOUND] id=5541 query=68783-65-3
[OK] id=5542 cid=21928 signal=Danger pics=GHS05,GHS06,GHS08,GHS09 query=5707-04-0
[OK] id=5543 cid=7488 signal=Danger pics=GHS05,GHS06,GHS08 query=100-20-9
[OK] id=5544 cid=87176 signal=Warning pics=GHS07,GHS09 query=17606-31-4
[OK] id=5545 cid=727 signal=Danger pics=GHS06,GHS07,GHS08,GHS09 query=319-86-8
[OK] id=5546 cid=9171 signal=Danger pics=GHS08,GHS09 query=218-01-9
[OK] id=5547 cid=7399 signal=Danger pics=GHS05 query=98-61-3
[NOTFOUND] id=5548 query=64742-63-8
[NOTFOUND] id=5549 query=92045-16-4
[NOTFOUND] id=5550 query=20667-12-3
[EMPTY] id=5551 cid=6328154 query=9004-32-4
[OK] id=5552 cid=7412 signal=Danger pics=GHS05,GHS06,GHS07,GHS08,GHS09 query=98-88-4
[OK] id=5553 cid=10898 signal=Danger pics=GHS05,GHS06 query=540-51-2
[OK] id=5554 cid=17038 signal=Danger pics=GHS07,GHS08,GHS09 query=2425-06-1
[OK] id=5555 cid=6899 signal=Danger pics=GHS05,GHS07,GHS08,GHS09 query=87-65-0
[OK] id=5556 cid=82238 signal=Danger pics=GHS05,GHS07 query=7789-33-5
[NOTFOUND] id=5557 query=101316-62-5
[NOTFOUND] id=5558 query=68477-33-8
[OK] id=5559 cid=440950 signal=Danger pics=GHS08 query=9012-54-8
[OK] id=5560 cid=19395 signal=Danger pics=GHS06,GHS07,GHS08,GHS09 query=3689-24-5
[NOTFOUND] id=5561 query=92045-18-6
[OK] id=5562 cid=443029 signal=Danger pics=GHS08,GHS09 query=68049-83-2
[OK] id=5563 cid=36679 signal=Warning pics=GHS07,GHS08,GHS09 query=34123-59-6
[OK] id=5564 cid=84810 signal=Warning pics=GHS07,GHS08 query=15159-40-7
[OK] id=5565 cid=81364 signal=Warning pics=GHS02,GHS07 query=6940-78-9
[OK] id=5566 cid=31374 signal=Danger pics=GHS06,GHS07,GHS08 query=127-19-5
[OK] id=5567 cid=7420 signal=Warning pics=GHS07 query=99-06-9
[OK] id=5568 cid=8909 signal=Danger pics=GHS02,GHS07,GHS08 query=142-96-1
[OK] id=5569 cid=1549517 signal=Danger pics=GHS06 query=109-57-9
[OK] id=5570 cid=69975 signal=Danger pics=GHS05,GHS07,GHS08 query=13161-30-3
[OK] id=5571 cid=8003 signal=Danger pics=GHS02,GHS07,GHS08,GHS09 query=109-66-0
[OK] id=5572 cid=39965 signal=Danger pics=GHS05,GHS07,GHS08,GHS09 query=51235-04-2
[OK] id=5573 cid=23664719 signal=Danger pics=GHS06,GHS09 query=2163-80-6
[NOTFOUND] id=5574 query=10026-11-6
[OK] id=5575 cid=6378 signal=Danger pics=GHS02,GHS05,GHS06,GHS07,GHS08 query=75-56-9
[OK] id=5576 cid=25199732 signal=Danger pics=GHS06,GHS07,GHS08,GHS09 query=12035-72-2
[OK] id=5577 cid=8066 signal=Danger pics=GHS05,GHS06,GHS07,GHS08 query=110-65-6
[NOTFOUND] id=5578 query=84145-37-9
[OK] id=5579 cid=7328 signal=Danger pics=GHS06,GHS07,GHS08,GHS09 query=97-17-6
[OK] id=5580 cid=8268 signal=Danger pics=GHS05,GHS07,GHS08,GHS09 query=115-32-2
[NOTFOUND] id=5581 query=68553-00-4
[OK] id=5582 cid=656612 signal=Danger pics=GHS07,GHS08,GHS09 query=118712-89-3
[OK] id=5583 cid=91708 signal=Warning pics=GHS07,GHS09 query=71422-67-8
[EMPTY] id=5584 cid=11767 query=602-60-8
[OK] id=5585 cid=2124 signal=Danger pics=GHS06,GHS07,GHS08 query=7784-18-1
[NOTFOUND] id=5586 query=17476-04-9
[OK] id=5587 cid=19996246 signal= pics= query=126050-54-2
[EMPTY] id=5588 cid=6137 query=63-68-3
[OK] id=5590 cid=9866743 signal=Danger pics=GHS05,GHS07 query=126456-43-7
[EMPTY] id=5591 cid=71310495 query=53116-81-7
[OK] id=5594 cid=3526 signal=Danger pics=GHS05,GHS06,GHS07,GHS09 query=115044-19-4
[OK] id=5595 cid=6113 signal=Danger pics=GHS07,GHS08 query=62-50-0
[OK] id=5596 cid=69898 signal=Danger pics=GHS05 query=777-52-6
[OK] id=5597 cid=66665 signal=Danger pics=GHS05,GHS07 query=91-13-4
[OK] id=5598 cid=81292 signal=Danger pics=GHS05 query=6850-57-3
[OK] id=5599 cid=2816 signal=Warning pics=GHS07,GHS08 query=24166-13-0
[OK] id=5600 cid=7804 signal=Danger pics=GHS07,GHS08,GHS09 query=106-37-6
[EMPTY] id=5602 cid=9868410 query=67174-25-8
[OK] id=5603 cid=638144 signal=Warning pics=GHS07,GHS08 query=623-91-6
[OK] id=5604 cid=7467 signal=Danger pics=GHS05,GHS06,GHS07 query=99-91-2
[OK] id=5605 cid=6585 signal=Danger pics=GHS02,GHS05,GHS06,GHS07,GHS08,GHS09 query=79-21-0
[NOTFOUND] id=5606 query=92062-10-7
[NOTFOUND] id=5608 query=68477-40-7
[NOTFOUND] id=5609 query=101316-70-5
[NOTFOUND] id=5610 query=95009-23-7
[OK] id=5611 cid=10958 signal=Danger pics=GHS02,GHS06,GHS07,GHS08 query=542-56-3
[OK] id=5612 cid=13139 signal=Danger pics=GHS06 query=814-49-3
[NOTFOUND] id=5613 query=75-20-7
[NOTFOUND] id=5614 query=101316-49-8
[OK] id=5615 cid=173636 signal=Warning pics=GHS05,GHS07,GHS09 query=58594-72-2
[OK] id=5616 cid=62773 signal=Danger pics=GHS06,GHS07,GHS09 query=23560-59-0
[OK] id=5617 cid=7953 signal=Danger pics=GHS02,GHS06,GHS07,GHS08 query=108-75-8
[OK] id=5618 cid=75246 signal=Danger pics=GHS05 query=2243-83-6
[OK] id=5619 cid=7282 signal=Danger pics=GHS02,GHS07,GHS08,GHS09 query=96-14-0
[OK] id=5620 cid=17286 signal=Danger pics=GHS05,GHS07,GHS09 query=2516-95-2
[NOTFOUND] id=5621 query=68308-09-8
[OK] id=5622 cid=8503 signal=Danger pics=GHS02,GHS05,GHS07 query=122-07-6
[EMPTY] id=5623 cid=54680782 query=2058-46-0
[OK] id=5624 cid=7666 signal=Warning pics=GHS07,GHS08 query=103-63-9
[NOTFOUND] id=5625 query=74869-21-9
[OK] id=5626 cid=5447 signal=Warning pics=GHS07 query=111-48-8
[NOTFOUND] id=5627 query=68308-04-3
[OK] id=5628 cid=21218 signal=Danger pics=GHS05,GHS06,GHS07,GHS09 query=5137-55-3
[OK] id=5629 cid=6971 signal=Warning pics=GHS07 query=89-52-1
[OK] id=5630 cid=84151 signal=Danger pics=GHS05 query=14002-51-8
[NOTFOUND] id=5631 query=92061-86-4
[OK] id=5632 cid=7502 signal=Danger pics=GHS02,GHS05,GHS06,GHS07,GHS09 query=100-43-6
[OK] id=5633 cid=78202 signal=Warning pics=GHS07,GHS09 query=4455-26-9
[OK] id=5634 cid=6837 signal=Danger pics=GHS06,GHS07 query=86-29-3
[OK] id=5636 cid=11584 signal=Danger pics=GHS02,GHS05,GHS06,GHS07,GHS08 query=591-87-7
[OK] id=5637 cid=7958 signal=Danger pics=GHS02,GHS07,GHS08 query=108-83-8
[OK] id=5638 cid=112234 signal=Danger pics=GHS05,GHS07,GHS09 query=69045-84-7
[OK] id=5639 cid=11205 signal=Danger pics=GHS05,GHS07,GHS08 query=558-13-4
[OK] id=5640 cid=24814 signal=Danger pics=GHS05,GHS07,GHS08,GHS09 query=10025-91-9
[OK] id=5641 cid=17170 signal=Danger pics=GHS06,GHS07,GHS08,GHS09 query=2465-27-2
[OK] id=5642 cid=9590 signal=Danger pics=GHS06,GHS07,GHS08 query=350-46-9
[OK] id=5643 cid=12025 signal=Danger pics=GHS05,GHS07,GHS08 query=616-45-5
[EMPTY] id=5644 cid=200240 query=1331-45-9
[NOTFOUND] id=5645 query=64741-65-7
[OK] id=5646 cid=8094 signal=Danger pics=GHS05,GHS07 query=111-14-8
[OK] id=5647 cid=24554 signal=Danger pics=GHS05,GHS06,GHS07,GHS08,GHS09 query=7783-56-4
[OK] id=5648 cid=7945 signal=Warning pics=GHS02,GHS07 query=108-64-5
[OK] id=5649 cid=15666 signal=Danger pics=GHS05,GHS07,GHS08 query=1762-95-4
[OK] id=5650 cid=1533 signal=Danger pics=GHS06,GHS07,GHS08 query=695-34-1
[NOTFOUND] id=5651 query=90989-42-7
[NOTFOUND] id=5652 query=121620-47-1
[OK] id=5653 cid=8492 signal=Warning pics=GHS07,GHS09 query=121-87-9
[OK] id=5655 cid=66 signal=Danger pics=GHS05,GHS07,GHS08,GHS09 query=583-78-8
[OK] id=5656 cid=16591 signal=Warning pics=GHS02,GHS07 query=2179-59-1
[NOTFOUND] id=5657 query=97488-95-4
[OK] id=5658 cid=17548 signal=Danger pics=GHS06,GHS07,GHS08,GHS09 query=5341-61-7
[OK] id=5659 cid=15036 signal=Danger pics=GHS02,GHS07,GHS08 query=1436-34-6
[OK] id=5661 cid=69866 signal=Danger pics=GHS02,GHS05,GHS07,GHS09 query=771-29-9
[OK] id=5662 cid=24841 signal=Danger pics=GHS04,GHS05,GHS06,GHS08 query=10034-85-2
[OK] id=5663 cid=5281167 signal=Warning pics=GHS02,GHS07 query=928-96-1
[OK] id=5664 cid=81259 signal=Danger pics=GHS07,GHS08,GHS09 query=6807-17-6
[OK] id=5665 cid=9855350 signal=Danger pics=GHS07,GHS08 query=1405-41-0
[OK] id=5666 cid=68009 signal=Warning pics=GHS02,GHS07 query=456-48-4
[OK] id=5667 cid=11645 signal=Danger pics=GHS02,GHS06,GHS08,GHS09 query=593-74-8
[OK] id=5668 cid=30859 signal=Danger pics=GHS06,GHS09 query=21923-23-9
[NOTFOUND] id=5669 query=97926-71-1
[OK] id=5670 cid=83372 signal=Danger pics=GHS05,GHS06,GHS07,GHS08 query=13360-57-1
[OK] id=5671 cid=62674 signal=Danger pics=GHS03,GHS07,GHS08 query=7789-18-6
[OK] id=5672 cid=8821 signal=Danger pics=GHS02,GHS05,GHS06,GHS07,GHS08,GHS09 query=140-88-5
[OK] id=5673 cid=62406 signal=Danger pics=GHS05,GHS07 query=1493-13-6
[OK] id=5674 cid=22856 signal=Danger pics=GHS06,GHS07,GHS08,GHS09 query=615-50-9
[OK] id=5675 cid=66035 signal=Danger pics=GHS05 query=104-84-7
[OK] id=5676 cid=6913 signal=Danger pics=GHS06,GHS07,GHS08 query=88-05-1
[OK] id=5677 cid=7819 signal=Warning pics=GHS02,GHS07 query=106-63-8
[OK] id=5678 cid=62556 signal=Warning pics=GHS07 query=4986-89-4
[OK] id=5679 cid=12484 signal=Danger pics=GHS07,GHS08 query=636-21-5
[OK] id=5680 cid=6510 signal=Danger pics=GHS08 query=77-99-6
[NOTFOUND] id=5681 query=90641-00-2
[OK] id=5682 cid=84682 signal=Warning pics=GHS02,GHS07 query=14898-79-4
[NOTFOUND] id=5683 query=73138-82-6
[OK] id=5684 cid=62428 signal=Warning pics=GHS07 query=2122-70-5
[OK] id=5685 cid=6586 signal=Danger pics=GHS02,GHS05,GHS06,GHS07,GHS08 query=79-22-1
[OK] id=5686 cid=2347 signal=Danger pics=GHS07,GHS08,GHS09 query=85-68-7
[OK] id=5687 cid=30684 signal=Danger pics=GHS06 query=21548-32-3
[OK] id=5688 cid=7803 signal=Warning pics=GHS02,GHS07 query=106-36-5
[OK] id=5689 cid=8011 signal=Warning pics=GHS07 query=109-78-4
[OK] id=5690 cid=61021 signal=Danger pics=GHS02,GHS06,GHS07,GHS08 query=108-62-3
[EMPTY] id=5691 cid=154417 query=101-31-5
[OK] id=5692 cid=7833 signal=Danger pics=GHS06,GHS07,GHS08 query=106-87-6
[NOTFOUND] id=5694 query=92045-19-7
[OK] id=5695 cid=95543 signal=Warning pics=GHS07 query=1655-07-8
[OK] id=5696 cid=11949285 signal=Warning pics=GHS07,GHS08,GHS09 query=113158-40-0
[OK] id=5697 cid=68172 signal=Danger pics=GHS06,GHS09 query=506-65-0
[OK] id=5698 cid=76951 signal=Danger pics=GHS06 query=3410-77-3
[OK] id=5699 cid=6430 signal=Warning pics=GHS04,GHS07 query=76-15-3
[NOTFOUND] id=5700 query=64742-56-9
[OK] id=5701 cid=98180 signal=Danger pics=GHS05,GHS07,GHS08,GHS09 query=2186-25-6
[OK] id=5702 cid=7931 signal=Warning pics=GHS02,GHS07,GHS09 query=108-41-8
[OK] id=5703 cid=8023 signal=Danger pics=GHS02,GHS07 query=109-92-2
[OK] id=5704 cid=67680 signal=Warning pics=GHS07 query=349-58-6
[OK] id=5705 cid=66039 signal=Danger pics=GHS05 query=104-97-2
[OK] id=5706 cid=12988 signal=Danger pics=GHS02,GHS05,GHS08 query=763-32-6
[OK] id=5707 cid=80507 signal=Warning pics=GHS02,GHS07 query=6290-49-9
[OK] id=5708 cid=244 signal=Danger pics=GHS06,GHS07,GHS08 query=100-51-6
[OK] id=5709 cid=7363 signal=Warning pics=GHS02 query=98-02-2
[OK] id=5710 cid=11033 signal=Warning pics=GHS07 query=547-44-4
[EMPTY] id=5711 cid=16685188 query=1314-41-6
[OK] id=5712 cid=3391107 signal=Warning pics=GHS07,GHS09 query=124495-18-7
[OK] id=5714 cid=6385 signal=Danger pics=GHS02,GHS05,GHS06,GHS07 query=75-64-9
[OK] id=5715 cid=16988 signal=Warning pics=GHS07 query=2402-77-9
[OK] id=5716 cid=70146 signal=Danger pics=GHS05 query=879-18-5
[OK] id=5718 cid=33 signal=Danger pics=GHS02,GHS05,GHS06,GHS08,GHS09 query=107-20-0
[OK] id=5719 cid=5853 signal=Danger pics=GHS06,GHS07,GHS08,GHS09 query=52-68-6
[NOTFOUND] id=5720 query=68527-23-1
[OK] id=5721 cid=12529 signal=Danger pics=GHS02,GHS07 query=638-49-3
[NOTFOUND] id=5722 query=91995-35-6
[OK] id=5723 cid=5323714 signal=Warning pics=GHS08 query=67-45-8
[OK] id=5724 cid=5355457 signal=Danger pics=GHS02,GHS05,GHS06,GHS07,GHS08 query=7440-39-3
[OK] id=5725 cid=16720 signal=Warning pics=GHS07,GHS08,GHS09 query=2243-62-1
[OK] id=5727 cid=11335 signal=Danger pics=GHS05,GHS06,GHS07,GHS08,GHS09 query=576-26-1
[OK] id=5728 cid=85083 signal=Warning pics=GHS07 query=15761-39-4
[OK] id=5729 cid=24549 signal=Danger pics=GHS07,GHS08,GHS09 query=7783-46-2
[OK] id=5730 cid=24409 signal=Danger pics=GHS05,GHS07 query=7727-15-3
[OK] id=5732 cid=7249 signal=Danger pics=GHS05,GHS06,GHS07,GHS08,GHS09 query=95-65-8
[OK] id=5733 cid=24638 signal=Danger pics=GHS05,GHS06,GHS07,GHS08,GHS09 query=7790-94-5
[OK] id=5734 cid=3020116 signal=Danger pics=GHS08,GHS09 query=84777-06-0
[OK] id=5735 cid=11464 signal=Danger pics=GHS06,GHS07,GHS09 query=586-76-5
[OK] id=5737 cid=19402 signal=Danger pics=GHS06,GHS08,GHS09 query=3691-35-8
[OK] id=5738 cid=7845 signal=Danger pics=GHS02,GHS04,GHS07,GHS08 query=106-99-0
[NOTFOUND] id=5739 query=68477-87-2
[OK] id=5740 cid=7361 signal=Danger pics=GHS06,GHS07,GHS08 query=98-00-0
[OK] id=5741 cid=81088 signal=Danger pics=GHS05,GHS07 query=6613-44-1
[OK] id=5742 cid=6345 signal=Danger pics=GHS02,GHS04,GHS07,GHS08 query=75-10-5
[OK] id=5743 cid=10976 signal=Warning pics=GHS02,GHS07 query=543-49-7
[OK] id=5744 cid=31289 signal=Warning pics=GHS07 query=124-19-6
[EMPTY] id=5745 cid=22544 query=6164-98-3
[OK] id=5746 cid=10813 signal=Danger pics=GHS06 query=535-89-7
[OK] id=5747 cid=73934 signal=Warning pics=GHS02,GHS07 query=1513-65-1
[NOTFOUND] id=5748 query=64741-88-4
[OK] id=5750 cid=114518 signal=Warning pics=GHS07 query=13429-83-9
[OK] id=5751 cid=31423 signal=Warning pics=GHS07,GHS09 query=129-00-0
[OK] id=5752 cid=10941 signal=Danger pics=GHS06,GHS07,GHS08,GHS09 query=541-69-5
[OK] id=5753 cid=84944 signal=Danger pics=GHS05,GHS07 query=15486-96-1
[OK] id=5754 cid=18117 signal=Danger pics=GHS06,GHS08,GHS09 query=2980-64-5
[OK] id=5755 cid=26030 signal=Danger pics=GHS05,GHS07 query=13453-07-1
[OK] id=5756 cid=8988 signal=Warning pics=GHS07 query=344-25-2
[OK] id=5759 cid=15629 signal=Warning pics=GHS07,GHS08,GHS09 query=1746-81-2
[OK] id=5760 cid=93545 signal=Warning pics=GHS07 query=123312-54-9
[NOTFOUND] id=5761 query=92045-63-1
[OK] id=5762 cid=43234 signal=Danger pics=GHS07,GHS08,GHS09 query=60207-90-1
[OK] id=5763 cid=142482 signal=Warning pics=GHS07 query=40649-36-3
[OK] id=5764 cid=23721629 signal=Warning pics=GHS07 query=4418-26-2
[OK] id=5765 cid=156144 signal=Danger pics=GHS06,GHS07,GHS09 query=71283-65-3
[OK] id=5766 cid=7444 signal=Danger pics=GHS06,GHS07,GHS08 query=99-55-8
[OK] id=5767 cid=7432 signal=Danger pics=GHS05 query=99-33-2
[OK] id=5768 cid=7758 signal=Danger pics=GHS02,GHS07,GHS08 query=105-46-4
[OK] id=5769 cid=7929 signal=Danger pics=GHS02,GHS05,GHS07,GHS08 query=108-38-3
[OK] id=5770 cid=7413 signal=Danger pics=GHS05,GHS07 query=98-89-5
[OK] id=5771 cid=5936 signal=Danger pics=GHS06 query=55-91-4
[OK] id=5772 cid=24682 signal=Danger pics=GHS05,GHS06,GHS07,GHS08,GHS09 query=7446-11-9
[OK] id=5773 cid=2724025 signal=Warning pics=GHS07 query=56613-80-0
[OK] id=5774 cid=79147 signal=Danger pics=GHS02,GHS05 query=1184-58-3
[OK] id=5775 cid=6191 signal=Danger pics=GHS06,GHS08,GHS09 query=66-56-8
[OK] id=5776 cid=24345 signal=Danger pics=GHS03,GHS05,GHS07,GHS08 query=7782-68-5
[OK] id=5777 cid=7048 signal=Danger pics=GHS07,GHS08 query=91-23-6
[OK] id=5778 cid=8157 signal=Danger pics=GHS05,GHS07 query=112-04-9
[OK] id=5779 cid=11417 signal=Danger pics=GHS02,GHS06,GHS07 query=583-58-4
[NOTFOUND] id=5780 query=101794-76-7
[NOTFOUND] id=5781 query=64742-18-3
[NOTFOUND] id=5782 query=85116-59-2
[OK] id=5783 cid=21929 signal=Danger pics=GHS06,GHS09 query=5707-69-7
[OK] id=5784 cid=6627 signal=Danger pics=GHS05,GHS06,GHS08,GHS09 query=80-10-4
[EMPTY] id=5785 cid=175505 query=73602-61-6
[OK] id=5786 cid=13405 signal=Danger pics=GHS05 query=874-60-2
[OK] id=5787 cid=41428 signal=Warning pics=GHS07,GHS08,GHS09 query=55335-06-3
[OK] id=5788 cid=2723671 signal=Danger pics=GHS02,GHS05,GHS07 query=2052-49-5
[OK] id=5789 cid=17520 signal=Danger pics=GHS05,GHS06,GHS07,GHS08,GHS09 query=2634-33-5
[OK] id=5790 cid=3276 signal=Warning pics=GHS07 query=22668-01-5
[OK] id=5791 cid=12281 signal=Danger pics=GHS05,GHS06,GHS08,GHS09 query=626-43-7
[OK] id=5792 cid=6775 signal=Danger pics=GHS06,GHS07 query=84-58-2
[OK] id=5794 cid=439938 signal=Danger pics=GHS05 query=2799-16-8
[OK] id=5795 cid=12136 signal=Warning pics=GHS07 query=621-84-1
[OK] id=5796 cid=61372 signal=Danger pics=GHS07,GHS08,GHS09 query=6147-53-1
[OK] id=5797 cid=41463 signal=Warning pics=GHS07,GHS09 query=55512-33-9
[OK] id=5798 cid=30487 signal=Warning pics=GHS07 query=634-03-7
[OK] id=5799 cid=9709 signal=Danger pics=GHS06,GHS07,GHS09 query=367-25-9
[OK] id=5800 cid=6125 signal=Danger pics=GHS05,GHS07,GHS08 query=62-76-0
[EMPTY] id=5801 cid=2735153 query=420-37-1
[OK] id=5802 cid=15458 signal=Danger pics=GHS02,GHS06,GHS07,GHS08,GHS09 query=1663-39-4
[OK] id=5803 cid=12574418 signal=Warning pics=GHS07,GHS09 query=17339-60-5
[OK] id=5804 cid=25353 signal=Danger pics=GHS05,GHS07,GHS08,GHS09 query=10545-99-0
[OK] id=5805 cid=66227 signal=Warning pics=GHS07 query=10043-11-5
[OK] id=5806 cid=135499147 signal=Warning pics=GHS08 query=101205-02-1
[OK] id=5807 cid=3332 signal=Danger pics=GHS06,GHS07 query=5728-52-9
[OK] id=5808 cid=24722 signal=Danger pics=GHS02,GHS06,GHS07,GHS08,GHS09 query=8065-48-3
[OK] id=5809 cid=7924 signal=Warning pics=GHS07 query=108-32-7
[OK] id=5810 cid=198383 signal=Danger pics=GHS05,GHS06,GHS07,GHS08 query=59653-74-6
[OK] id=5811 cid=5460341 signal=Danger pics=GHS02,GHS05 query=7440-70-2
[OK] id=5812 cid=61775 signal=Warning pics=GHS07 query=10101-52-7
[OK] id=5813 cid=6395 signal=Danger pics=GHS05,GHS06,GHS07,GHS08 query=75-75-2
[OK] id=5814 cid=73910 signal=Danger pics=GHS02,GHS05,GHS07 query=1499-21-4
[OK] id=5816 cid=6358 signal=Danger pics=GHS02,GHS08 query=75-26-3
[OK] id=5817 cid=7405 signal=Danger pics=GHS05,GHS07 query=98-79-3
[NOTFOUND] id=5818 query=55380-59-1
[NOTFOUND] id=5820 query=91995-14-1
[OK] id=5821 cid=11140 signal=Warning pics=GHS07 query=555-03-3
[OK] id=5822 cid=5954 signal=Danger pics=GHS08,GHS09 query=56-55-3
[OK] id=5823 cid=11542 signal=Danger pics=GHS02,GHS07,GHS08,GHS09 query=590-35-2
[OK] id=5824 cid=67879 signal=Danger pics=GHS05 query=403-43-0
[EMPTY] id=5825 cid=56841779 query=8066-33-9
[OK] id=5826 cid=94498 signal=Danger pics=GHS07,GHS08,GHS09 query=39807-15-3
[EMPTY] id=5827 cid=23668622 query=32221-81-1
[OK] id=5828 cid=11817 signal=Danger pics=GHS01,GHS07,GHS09 query=606-35-9
[OK] id=5829 cid=91701 signal=Warning pics=GHS08,GHS09 query=69335-91-7
[EMPTY] id=5830 cid=7590 query=101-97-3
[OK] id=5831 cid=159722 signal=Danger pics=GHS05,GHS09 query=14104-20-2
[OK] id=5833 cid=7977 signal=Danger pics=GHS05,GHS06,GHS07,GHS08,GHS09 query=109-09-1
[NOTFOUND] id=5834 query=73519-55-8
[OK] id=5835 cid=8128 signal=Danger pics=GHS06,GHS07,GHS08 query=111-69-3
[NOTFOUND] id=5836 query=101316-76-1
[OK] id=5837 cid=28925 signal=Danger pics=GHS02,GHS05,GHS07,GHS08,GHS09 query=18156-74-6
[OK] id=5838 cid=84989 signal=Danger pics=GHS06,GHS07 query=15570-12-4
[OK] id=5839 cid=94386 signal=Warning pics=GHS02,GHS07 query=27871-49-4
[EMPTY] id=5840 cid=6364547 query=7337-45-3
[NOTFOUND] id=5841 query=68606-26-8
[OK] id=5842 cid=7983 signal=Warning pics=GHS02 query=109-21-7
[OK] id=5843 cid=16916 signal=Danger pics=GHS02,GHS07 query=2373-51-5
[OK] id=5844 cid=123622 signal=Warning pics=GHS07,GHS08,GHS09 query=72963-72-5
[NOTFOUND] id=5845 query=68477-82-7
[OK] id=5846 cid=24014 signal=Danger pics=GHS05,GHS06,GHS07,GHS08,GHS09 query=7447-39-4
[OK] id=5847 cid=11583 signal=Danger pics=GHS02,GHS07,GHS08 query=591-78-6
[NOTFOUND] id=5848 query=101631-15-6
[OK] id=5849 cid=10795 signal=Danger pics=GHS02 query=534-15-6
[EMPTY] id=5850 cid=66605777 query=81335-47-9
[OK] id=5851 cid=7522 signal=Warning pics=GHS07 query=100-70-9
[OK] id=5852 cid=107850 signal=Warning pics=GHS07 query=4636-83-3
[NOTFOUND] id=5853 query=100801-65-8
[NOTFOUND] id=5855 query=90640-92-9
[OK] id=5857 cid=14419064 signal=Danger pics=GHS05,GHS07 query=124172-53-8
[OK] id=5858 cid=14250 signal=Danger pics=GHS05,GHS07,GHS08,GHS09 query=1119-97-7
[OK] id=5859 cid=77887 signal=Warning pics=GHS07 query=4214-75-9
[OK] id=5860 cid=12185 signal=Danger pics=GHS02,GHS06,GHS07 query=623-51-8
[OK] id=5861 cid=37511 signal=Danger pics=GHS02,GHS05,GHS07 query=108-16-7
[NOTFOUND] id=5862 query=91995-48-1
[OK] id=5863 cid=6227 signal=Danger pics=GHS05,GHS06,GHS07,GHS08,GHS09 query=79-08-3
[EMPTY] id=5864 cid=3579754 query=1314-32-5
[OK] id=5865 cid=15098 signal=Danger pics=GHS05,GHS06,GHS07,GHS08,GHS09 query=1461-25-2
[OK] id=5866 cid=13450 signal=Warning pics=GHS07,GHS09 query=886-50-0
[OK] id=5867 cid=7299 signal=Danger pics=GHS02,GHS06,GHS07 query=96-43-5
[OK] id=5868 cid=6944 signal=Danger pics=GHS06,GHS07,GHS08,GHS09 query=88-72-2
[OK] id=5869 cid=61756 signal=Danger pics=GHS02,GHS07 query=14666-78-5
[OK] id=5870 cid=16702 signal=Danger pics=GHS06,GHS07 query=2237-30-1
[NOTFOUND] id=5871 query=93165-55-0
[NOTFOUND] id=5872 query=92128-94-4
[OK] id=5873 cid=28594 signal=Warning pics=GHS07 query=17557-23-2
[OK] id=5874 cid=5565 signal=Danger pics=GHS05,GHS06,GHS07,GHS09 query=112-24-3
[OK] id=5875 cid=61623 signal=Danger pics=GHS03,GHS07,GHS08 query=13465-95-7
[NOTFOUND] id=5876 query=97488-94-3
[OK] id=5877 cid=7203 signal=Danger pics=GHS06,GHS08 query=94-70-2
[OK] id=5878 cid=7509 signal=Danger pics=GHS06,GHS07,GHS09 query=100-53-8
[OK] id=5879 cid=402 signal=Danger pics=GHS02,GHS04,GHS06,GHS07,GHS08,GHS09 query=7783-06-4
[OK] id=5880 cid=24612 signal=Danger pics=GHS05,GHS06,GHS07,GHS08,GHS09 query=7789-47-1
[OK] id=5881 cid=26548 signal=Warning pics=GHS07 query=14191-95-8
[OK] id=5882 cid=7771 signal=Danger pics=GHS05,GHS06,GHS07,GHS08,GHS09 query=105-67-9
[OK] id=5883 cid=91766 signal=Warning pics=GHS09 query=101463-69-8
[OK] id=5884 cid=16211477 signal=Warning pics=GHS07 query=14996-61-3
[OK] id=5885 cid=31344 signal=Danger pics=GHS05,GHS07 query=126-30-7
[OK] id=5886 cid=11124 signal=Danger pics=GHS02,GHS07 query=554-12-1
[OK] id=5887 cid=9609 signal=Danger pics=GHS02 query=352-93-2
[EMPTY] id=5888 cid=23681129 query=23424-28-4
[OK] id=5890 cid=102902 signal=Danger pics=GHS02,GHS05,GHS07 query=2912-62-1
[OK] id=5891 cid=6954 signal=Danger pics=GHS01,GHS02,GHS06,GHS07,GHS08,GHS09 query=88-89-1
[OK] id=5892 cid=9215 signal=Warning pics=GHS07 query=260-94-6
[OK] id=5893 cid=16124 signal=Danger pics=GHS05 query=1984-15-2
[OK] id=5894 cid=22833492 signal=Danger pics=GHS06,GHS07,GHS08,GHS09 query=12002-03-8
[OK] id=5895 cid=73264 signal=Danger pics=GHS07,GHS08 query=61951-82-4
[OK] id=5896 cid=91773 signal=Danger pics=GHS07,GHS08,GHS09 query=112410-23-8
[OK] id=5897 cid=11137 signal=Danger pics=GHS05,GHS06,GHS07,GHS08,GHS09 query=554-84-7
[OK] id=5898 cid=6370 signal=Danger pics=GHS04,GHS07,GHS08 query=75-43-4
[OK] id=5899 cid=3595299 signal=Warning pics=GHS07 query=51513-29-2
[OK] id=5900 cid=24613 signal=Danger pics=GHS05,GHS07 query=7789-59-5
[NOTFOUND] id=5901 query=68602-84-6
[OK] id=5902 cid=16043 signal=Warning pics=GHS07,GHS09 query=1948-33-0
[OK] id=5903 cid=13887 signal=Warning pics=GHS07 query=1008-89-5
[OK] id=5904 cid=14768 signal=Warning pics=GHS07 query=7699-41-4
[OK] id=5905 cid=17287 signal=Danger pics=GHS05,GHS07,GHS09 query=2516-96-3
[OK] id=5906 cid=7802 signal=Warning pics=GHS02,GHS07,GHS08 query=106-35-4
[OK] id=5907 cid=5325504 signal=Danger pics=GHS05,GHS07 query=627-63-4
[NOTFOUND] id=5908 query=97488-74-9
[OK] id=5910 cid=31645 signal=Danger pics=GHS06,GHS07,GHS08,GHS09 query=23103-98-2
[OK] id=5911 cid=10928 signal=Danger pics=GHS02,GHS05,GHS06,GHS07,GHS08,GHS09 query=541-41-3
[OK] id=5912 cid=12146 signal=Warning pics=GHS02,GHS07,GHS08 query=622-45-7
[OK] id=5913 cid=12724 signal=Danger pics=GHS02,GHS07,GHS08 query=691-37-2
[OK] id=5914 cid=20442 signal=Warning pics=GHS07 query=4408-81-5
[OK] id=5915 cid=123112 signal=Warning pics=GHS02,GHS07,GHS08,GHS09 query=1435-48-9
[OK] id=5916 cid=69127 signal=Warning pics=GHS07 query=610-78-6
[OK] id=5917 cid=66049 signal=Danger pics=GHS05,GHS06,GHS07 query=106-53-6
[OK] id=5918 cid=73671 signal=Danger pics=GHS02,GHS07,GHS08,GHS09 query=76738-62-0
[OK] id=5919 cid=2758 signal=Warning pics=GHS02,GHS07 query=470-82-6
[OK] id=5920 cid=8906 signal=Warning pics=GHS07,GHS09 query=142-90-5
[OK] id=5921 cid=8083 signal=Danger pics=GHS02,GHS05,GHS06,GHS07,GHS08,GHS09 query=110-91-8
[OK] id=5923 cid=11919 signal=Danger pics=GHS05,GHS06,GHS07,GHS09 query=612-12-4
[OK] id=5924 cid=11251 signal=Danger pics=GHS02,GHS07,GHS08 query=563-80-4
[OK] id=5926 cid=122831 signal=Danger pics=GHS05,GHS07 query=5521-55-1
[OK] id=5927 cid=9964606 signal=Danger pics=GHS05,GHS07 query=63187-91-7
[OK] id=5928 cid=31341 signal= pics=GHS09 query=126-15-8
[OK] id=5929 cid=123022 signal=Danger pics=GHS02,GHS06 query=110-51-0
[OK] id=5930 cid=15287 signal=Warning pics=GHS02,GHS07 query=1569-02-4
[OK] id=5932 cid=78467 signal=Warning pics=GHS07 query=4733-50-0
[OK] id=5933 cid=11582 signal=Danger pics=GHS02,GHS07,GHS08,GHS09 query=31394-54-4
[OK] id=5934 cid=22833295 signal=Danger pics=GHS06,GHS09 query=60-41-3
[OK] id=5935 cid=7970 signal=Danger pics=GHS02,GHS05,GHS06,GHS07,GHS08,GHS09 query=108-99-6
[OK] id=5936 cid=24874 signal=Danger pics=GHS02,GHS05,GHS06,GHS07,GHS08,GHS09 query=13952-84-6
[OK] id=5937 cid=13528 signal=Danger pics=GHS02,GHS05,GHS06,GHS07 query=920-46-7
[NOTFOUND] id=5938 query=92062-34-5
[OK] id=5939 cid=93357 signal=Danger pics=GHS05,GHS06,GHS07,GHS08,GHS09 query=67375-30-8
[EMPTY] id=5940 cid=23667987 query=96566-70-0
[OK] id=5941 cid=12212341 signal=Warning pics=GHS07 query=38869-46-4
[OK] id=5942 cid=16844 signal=Danger pics=GHS06,GHS07 query=2315-36-8
[EMPTY] id=5943 cid=6296 query=72-57-1
[OK] id=5944 cid=24488 signal=Danger pics=GHS05,GHS06,GHS07,GHS08,GHS09 query=7775-11-3
[OK] id=5945 cid=12370 signal=Danger pics=GHS02,GHS08 query=629-05-0
[OK] id=5946 cid=49384 signal=Warning pics=GHS07,GHS08,GHS09 query=67129-08-2
[OK] id=5947 cid=10892 signal=Danger pics=GHS02,GHS07 query=540-36-3
[OK] id=5948 cid=66986 signal=Danger pics=GHS05,GHS07 query=112-64-1
[OK] id=5949 cid=34766 signal=Danger pics=GHS06,GHS07,GHS08,GHS09 query=29973-13-5
[OK] id=5950 cid=39722 signal=Warning pics=GHS07,GHS09 query=50563-36-5
[OK] id=5951 cid=2764 signal= pics= query=85721-33-1
[OK] id=5953 cid=62829 signal=Warning pics=GHS07,GHS09 query=28434-00-6
[OK] id=5955 cid=23682789 signal=Warning pics=GHS07,GHS08,GHS09 query=125401-92-5
[OK] id=5956 cid=6327482 signal=Danger pics=GHS02,GHS07,GHS08 query=3277-26-7
[NOTFOUND] id=5957 query=13775-53-6
[OK] id=5958 cid=67282 signal=Danger pics=GHS05 query=135-73-9
[OK] id=5959 cid=24647 signal=Danger pics=GHS05,GHS06,GHS08,GHS09 query=7791-23-3
[OK] id=5960 cid=1672 signal=Danger pics=GHS02,GHS05,GHS07 query=5332-73-0
[OK] id=5962 cid=24523 signal=Danger pics=GHS02,GHS04 query=7782-39-0
[OK] id=5963 cid=66213 signal=Warning pics=GHS02 query=78-09-1
[OK] id=5964 cid=91715 signal= pics=GHS09 query=72850-64-7
[OK] id=5965 cid=170232 signal=Danger pics=GHS05 query=39637-74-6
[OK] id=5966 cid=8260 signal=Danger pics=GHS02,GHS05,GHS06,GHS07 query=115-21-9
[OK] id=5967 cid=2733752 signal=Danger pics=GHS05 query=96562-58-2
[OK] id=5968 cid=24723 signal=Danger pics=GHS06 query=126-75-0
[NOTFOUND] id=5969 query=85116-53-6
[EMPTY] id=5970 cid=40559881 query=94361-07-6
[OK] id=5971 cid=3034380 signal=Danger pics=GHS06,GHS07,GHS08,GHS09 query=80060-09-9
[OK] id=5972 cid=4362 signal=Danger pics=GHS05,GHS06,GHS07 query=128-53-0
[OK] id=5973 cid=17833 signal=Warning pics=GHS07 query=2845-89-8
[OK] id=5974 cid=8500 signal=Warning pics=GHS07 query=122-00-9
[OK] id=5975 cid=12145 signal=Danger pics=GHS06,GHS07 query=622-44-6
[OK] id=5977 cid=11268 signal=Danger pics=GHS05,GHS07 query=565-74-2
[OK] id=5978 cid=6391 signal=Danger pics=GHS04,GHS07,GHS08 query=75-71-8
[NOTFOUND] id=5979 query=92061-93-3
[OK] id=5980 cid=7669 signal=Danger pics=GHS02,GHS05,GHS07 query=103-67-3
[EMPTY] id=5982 cid=24559 query=7783-80-4
[OK] id=5983 cid=650 signal=Danger pics=GHS02,GHS05,GHS06,GHS07,GHS08 query=431-03-8
[OK] id=5985 cid=20473 signal=Warning pics=GHS07,GHS09 query=4420-74-0
[OK] id=5986 cid=107909 signal=Danger pics=GHS05,GHS07 query=10294-56-1
[NOTFOUND] id=5987 query=100684-51-3
[EMPTY] id=5988 cid=71463591 query=70393-85-0
[OK] id=5989 cid=7853 signal=Danger pics=GHS02,GHS05,GHS06,GHS07,GHS08,GHS09 query=107-11-9
[OK] id=5990 cid=13943 signal=Danger pics=GHS06 query=1031-47-6
[OK] id=5991 cid=6853 signal=Warning pics=GHS09 query=86-73-7
[OK] id=5992 cid=8038 signal=Danger pics=GHS02,GHS07 query=110-19-0
[OK] id=5993 cid=7042 signal=Danger pics=GHS06,GHS08 query=91-15-6
[OK] id=5994 cid=12508 signal=Danger pics=GHS02 query=637-78-5
[NOTFOUND] id=5995 query=84989-07-1
[OK] id=5996 cid=5302 signal=Danger pics=GHS06,GHS07 query=8001-50-1
[OK] id=5997 cid=14252255 signal=Warning pics=GHS09 query=76253-60-6
[OK] id=5998 cid=6336 signal=Warning pics=GHS07,GHS08,GHS09 query=88671-89-0
[OK] id=5999 cid=8404 signal=Danger pics=GHS06,GHS07,GHS08,GHS09 query=119-64-2
[OK] id=6000 cid=14817 signal=Danger pics=GHS02,GHS05,GHS06,GHS07,GHS08,GHS09 query=1314-80-3
[OK] id=6001 cid=8475 signal=Warning pics=GHS07,GHS09 query=121-50-6
[EMPTY] id=6002 cid=5368106 query=40334-69-8
[OK] id=6004 cid=1548943 signal=Danger pics=GHS05,GHS06,GHS07,GHS08 query=404-86-4
[OK] id=6005 cid=86298 signal=Danger pics=GHS08,GHS09 query=110488-70-5
[OK] id=6006 cid=14803 signal=Danger pics=GHS03,GHS05,GHS07 query=1313-60-6
[OK] id=6007 cid=164512 signal=Warning pics=GHS07,GHS09 query=162881-26-7
[OK] id=6008 cid=7250 signal=Danger pics=GHS06,GHS07,GHS08,GHS09 query=95-68-1
[OK] id=6009 cid=32518 signal=Danger pics=GHS07,GHS08,GHS09 query=24602-86-6
[OK] id=6010 cid=42850 signal=Warning pics=GHS07 query=58810-48-3
[OK] id=6011 cid=79993 signal=Warning pics=GHS02,GHS07 query=5891-21-4
[OK] id=6012 cid=12165 signal=Danger pics=GHS06,GHS08 query=623-08-5
[OK] id=6013 cid=27423 signal=Danger pics=GHS07,GHS08,GHS09 query=15625-89-5
[OK] id=6014 cid=43226 signal=Warning pics=GHS07,GHS08,GHS09 query=60168-88-9
[OK] id=6015 cid=6419 signal=Danger pics=GHS07,GHS08,GHS09 query=76-01-7
[OK] id=6016 cid=75260 signal=Danger pics=GHS05,GHS06,GHS07 query=2252-63-3
[OK] id=6017 cid=22129 signal=Danger pics=GHS05,GHS07,GHS08,GHS09 query=96-20-8
[OK] id=6018 cid=566097 signal= pics=GHS09 query=61203-83-6
[OK] id=6019 cid=37869 signal=Warning pics=GHS07 query=37924-13-3
[OK] id=6020 cid=10665 signal=Warning pics=GHS07 query=524-38-9
[OK] id=6021 cid=51556 signal=Warning pics=GHS07,GHS09 query=72178-02-0
[OK] id=6022 cid=67309 signal=Danger pics=GHS06 query=138-24-9
[OK] id=6023 cid=9154 signal=Warning pics=GHS07,GHS09 query=206-44-0
[OK] id=6025 cid=13851 signal=Danger pics=GHS02,GHS05,GHS06,GHS07 query=1003-09-4
[EMPTY] id=6026 cid=19596 query=3772-76-7
[OK] id=6027 cid=16684898 signal=Danger pics=GHS03,GHS07 query=10361-46-3
[OK] id=6028 cid=152801 signal=Warning pics=GHS07,GHS08 query=17630-75-0
[OK] id=6029 cid=8370 signal=Danger pics=GHS07,GHS08,GHS09 query=118-74-1
[OK] id=6030 cid=5281168 signal=Danger pics=GHS02,GHS06,GHS07,GHS09 query=6728-26-3
[OK] id=6031 cid=12788 signal=Warning pics=GHS07 query=700-38-9
[OK] id=6032 cid=10796 signal=Danger pics=GHS05,GHS07,GHS08 query=534-17-8
[OK] id=6033 cid=12205 signal=Danger pics=GHS06,GHS07,GHS08,GHS09 query=624-18-0
[OK] id=6034 cid=8723 signal=Danger pics=GHS02,GHS05,GHS07 query=137-32-6
[OK] id=6035 cid=70092 signal=Warning pics=GHS07 query=870-63-3
[NOTFOUND] id=6036 query=25135-51-7
[OK] id=6037 cid=6750 signal=Danger pics=GHS06,GHS09 query=83-59-0
[OK] id=6038 cid=69963 signal=Danger pics=GHS02,GHS05 query=821-41-0
[OK] id=6039 cid=91778 signal=Danger pics=GHS06,GHS07,GHS08,GHS09 query=122453-73-0
[NOTFOUND] id=6040 query=92045-61-9
[OK] id=6042 cid=14818 signal=Danger pics=GHS02,GHS07,GHS09 query=1314-85-8
[OK] id=6043 cid=69098 signal=Danger pics=GHS06,GHS07 query=608-30-0
[OK] id=6044 cid=3017748 signal=Danger pics=GHS02,GHS05,GHS07,GHS09 query=67233-85-6
[OK] id=6045 cid=23381 signal=Warning pics=GHS07 query=6952-59-6
[OK] id=6046 cid=68023 signal=Warning pics=GHS02,GHS07,GHS09 query=459-57-4
[OK] id=6047 cid=1023 signal=Danger pics=GHS05,GHS07 query=2466-09-3
[NOTFOUND] id=6048 query=1332-65-6
[EMPTY] id=6049 cid=19092 query=3563-36-8
[OK] id=6050 cid=24273 signal=Danger pics=GHS05,GHS06,GHS08 query=7632-51-1
[OK] id=6051 cid=439616 signal=Danger pics=GHS05,GHS07 query=17199-29-0
[OK] id=6052 cid=3034285 signal=Danger pics=GHS06,GHS08,GHS09 query=131860-33-8
[OK] id=6053 cid=12573 signal=Danger pics=GHS05,GHS06,GHS07 query=644-97-3
[OK] id=6054 cid=8158 signal=Danger pics=GHS05,GHS07,GHS09 query=112-05-0
[OK] id=6055 cid=11520 signal=Warning pics=GHS02,GHS07 query=589-82-2
[OK] id=6056 cid=26033 signal=Danger pics=GHS06,GHS07,GHS08,GHS09 query=13457-18-6
[NOTFOUND] id=6057 query=32760-80-8
[OK] id=6058 cid=24595 signal=Danger pics=GHS03,GHS05,GHS06,GHS07,GHS08,GHS09 query=7788-98-9
[OK] id=6059 cid=79964 signal=Danger pics=GHS05,GHS07 query=5858-17-3
[NOTFOUND] id=6060 query=68783-06-2
[OK] id=6061 cid=13391 signal=Warning pics=GHS07 query=873-32-5
[OK] id=6062 cid=16211508 signal=Danger pics=GHS05,GHS06,GHS07,GHS08 query=13820-41-2
[OK] id=6063 cid=11318980 signal=Danger pics=GHS06,GHS08,GHS09 query=14836-60-3
[OK] id=6064 cid=15969 signal=Warning pics=GHS07 query=1918-18-9
[EMPTY] id=6065 cid=72720462 query=12259-92-6
[NOTFOUND] id=6066 query=91995-49-2
[OK] id=6067 cid=10140464 signal=Danger pics=GHS06,GHS08,GHS09 query=111872-58-3
[OK] id=6068 cid=8062 signal=Danger pics=GHS06,GHS07,GHS09 query=110-61-2
[OK] id=6069 cid=23668197 signal=Danger pics=GHS03,GHS05,GHS06,GHS07,GHS08,GHS09 query=7758-19-2
[OK] id=6070 cid=6893 signal=Danger pics=GHS06,GHS07,GHS08,GHS09 query=87-59-2
[OK] id=6071 cid=134797 signal=Danger pics=GHS05,GHS07 query=20989-17-7
[OK] id=6072 cid=15422 signal=Warning pics=GHS02,GHS07 query=1639-09-4
[OK] id=6073 cid=24764 signal=Danger pics=GHS02,GHS07,GHS08,GHS09 query=107-46-0
[OK] id=6074 cid=12313 signal=Warning pics=GHS07 query=627-30-5
[OK] id=6075 cid=53735 signal=Warning pics=GHS07 query=77732-09-3
[OK] id=6077 cid=16327 signal=Danger pics=GHS05,GHS07 query=2051-90-3
[OK] id=6079 cid=697993 signal=Danger pics=GHS07,GHS08,GHS09 query=149-30-4
[OK] id=6080 cid=9481 signal=Warning pics=GHS07,GHS09 query=328-84-7
[OK] id=6081 cid=23669629 signal=Danger pics=GHS06,GHS07,GHS08,GHS09 query=7782-82-3
[OK] id=6082 cid=7963 signal=Danger pics=GHS02,GHS06,GHS07,GHS08 query=108-89-4
[OK] id=6083 cid=16007 signal=Warning pics=GHS07 query=1929-88-0
[OK] id=6084 cid=159251 signal=Danger pics=GHS05,GHS06,GHS07,GHS08 query=10026-00-3
[OK] id=6085 cid=11587850 signal=Danger pics=GHS05,GHS07,GHS08,GHS09 query=119462-56-5
[OK] id=6086 cid=7472 signal=Danger pics=GHS06 query=99-98-9
[OK] id=6087 cid=13129 signal=Warning pics=GHS04,GHS07 query=811-97-2
[OK] id=6088 cid=7367 signal=Danger pics=GHS05,GHS06,GHS07,GHS08 query=98-07-7
[OK] id=6089 cid=29307 signal=Danger pics=GHS06,GHS07,GHS08,GHS09 query=18854-01-8
[NOTFOUND] id=6090 query=68478-32-0
[OK] id=6091 cid=6654 signal=Danger pics=GHS02,GHS05,GHS07,GHS08,GHS09 query=80-56-8
[OK] id=6092 cid=8576 signal=Danger pics=GHS01,GHS06,GHS08,GHS09 query=131-73-7
[OK] id=6093 cid=70455 signal=Danger pics=GHS02,GHS05 query=996-70-3
[OK] id=6095 cid=14775 signal=Danger pics=GHS06,GHS07,GHS08 query=1304-56-9
[OK] id=6096 cid=444683 signal=Warning pics=GHS02,GHS07 query=4221-99-2
[NOTFOUND] id=6097 query=91079-47-9
[NOTFOUND] id=6098 query=93821-38-6
[OK] id=6100 cid=3015167 signal=Danger pics=GHS05,GHS07 query=23906-97-0
[OK] id=6101 cid=28213 signal=Danger pics=GHS06,GHS07,GHS09 query=17040-19-6
[NOTFOUND] id=6102 query=92062-11-8
[OK] id=6103 cid=80170 signal=Warning pics=GHS07 query=6066-82-6
[OK] id=6104 cid=8053 signal=Danger pics=GHS02,GHS05,GHS06,GHS07,GHS08,GHS09 query=110-46-3
[EMPTY] id=6105 cid=71721519 query=290332-10-4
[NOTFOUND] id=6106 query=68308-01-0
[OK] id=6107 cid=17142 signal=Danger pics=GHS05,GHS06,GHS07,GHS08 query=2451-62-9
[OK] id=6108 cid=28127 signal=Danger pics=GHS06 query=16893-85-9
[OK] id=6109 cid=122903 signal=Warning pics=GHS07 query=520-45-6
[OK] id=6110 cid=3543065 signal=Warning pics=GHS07,GHS09 query=60811-21-4
[OK] id=6111 cid=2723954 signal=Danger pics=GHS05 query=437-17-2
[OK] id=6112 cid=5281873 signal=Danger pics=GHS06,GHS07,GHS09 query=68085-85-8
[OK] id=6113 cid=6334 signal=Danger pics=GHS02,GHS04,GHS07 query=74-98-6
[OK] id=6114 cid=15348 signal=Danger pics=GHS06,GHS07 query=1603-41-4
[OK] id=6115 cid=4420 signal=Danger pics=GHS06,GHS07,GHS08,GHS09 query=300-76-5
[OK] id=6116 cid=16217 signal=Danger pics=GHS05,GHS07,GHS08,GHS09 query=2016-42-4
[OK] id=6117 cid=18746 signal=Danger pics=GHS06,GHS07,GHS08,GHS09 query=3333-67-3
[EMPTY] id=6118 cid=54675777 query=57-62-5
[OK] id=6119 cid=61247 signal=Danger pics=GHS02,GHS07,GHS08 query=994-05-8
[OK] id=6121 cid=61253 signal=Warning pics=GHS07 query=1034-01-1
[OK] id=6122 cid=61438 signal=Danger pics=GHS05,GHS06,GHS07,GHS09 query=10025-98-6
[OK] id=6123 cid=76257 signal=Danger pics=GHS05,GHS06 query=2942-58-7
[OK] id=6125 cid=440968 signal=Danger pics=GHS02,GHS07,GHS08,GHS09 query=7785-26-4
[OK] id=6126 cid=8717 signal=Danger pics=GHS06,GHS07,GHS08,GHS09 query=137-17-7
[OK] id=6128 cid=78037 signal=Danger pics=GHS02,GHS07 query=4333-56-6
[OK] id=6129 cid=11442 signal=Warning pics=GHS07,GHS08,GHS09 query=584-79-2
[OK] id=6130 cid=1133 signal=Danger pics=GHS05,GHS06,GHS07,GHS08 query=68-11-1
[NOTFOUND] id=6131 query=10210-68-1
[OK] id=6132 cid=10564 signal=Danger pics=GHS06,GHS07,GHS08,GHS09 query=513-78-0
[OK] id=6133 cid=7626 signal=Danger pics=GHS06,GHS07 query=102-96-5
[OK] id=6134 cid=3032536 signal=Danger pics=GHS05,GHS07,GHS08,GHS09 query=7646-79-9
[OK] id=6135 cid=2724470 signal=Warning pics=GHS07 query=82105-88-2
[OK] id=6136 cid=24008 signal=Danger pics=GHS07,GHS08,GHS09 query=7446-14-2
[OK] id=6137 cid=12161 signal=Danger pics=GHS02,GHS07,GHS08,GHS09 query=1319-73-9
[OK] id=6138 cid=7238 signal=Warning pics=GHS02,GHS07,GHS08,GHS09 query=95-49-8
[OK] id=6139 cid=24871 signal=Warning pics=GHS07 query=10049-05-5
[NOTFOUND] id=6140 query=68308-07-6
[OK] id=6141 cid=31361 signal=Danger pics=GHS02 query=126-84-1
[OK] id=6143 cid=24816 signal=Danger pics=GHS05,GHS06,GHS07,GHS08 query=10026-04-7
[NOTFOUND] id=6144 query=92045-42-6
[OK] id=6146 cid=81503 signal=Danger pics=GHS02,GHS07 query=7051-34-5
[OK] id=6147 cid=6516 signal=Warning pics=GHS02,GHS07 query=78-08-0
[OK] id=6148 cid=991 signal=Danger pics=GHS06,GHS08,GHS09 query=56-38-2
[EMPTY] id=6149 cid=135445682 query=1668-00-4
[OK] id=6150 cid=66159 signal=Warning pics=GHS07 query=76-89-1
[NOTFOUND] id=6151 query=64742-96-7
[OK] id=6152 cid=14223 signal=Danger pics=GHS02,GHS08 query=1116-54-7
[OK] id=6153 cid=8006 signal=Danger pics=GHS02,GHS06,GHS07,GHS08 query=109-70-6
[NOTFOUND] id=6154 query=68607-11-4
[OK] id=6155 cid=23679265 signal=Warning pics=GHS07 query=10007-85-9
[OK] id=6156 cid=21330 signal=Warning pics=GHS07 query=5259-88-1
[OK] id=6157 cid=14935 signal=Danger pics=GHS05,GHS06,GHS07,GHS08 query=1341-49-7
[OK] id=6158 cid=9644 signal=Danger pics=GHS02,GHS07 query=356-27-4
[OK] id=6159 cid=60966 signal=Danger pics=GHS05,GHS06,GHS08,GHS09 query=75-59-2
[OK] id=6160 cid=69304 signal=Danger pics=GHS05,GHS07 query=621-30-7
[OK] id=6161 cid=120181 signal=Danger pics=GHS05,GHS06,GHS07,GHS08 query=142-63-2
[OK] id=6162 cid=6451513 signal=Danger pics=GHS02,GHS05,GHS06,GHS07 query=2269-22-9
[NOTFOUND] id=6163 query=101316-85-2
[OK] id=6165 cid=5328 signal=Warning pics=GHS07 query=144-82-1
[OK] id=6166 cid=9576037 signal=Warning pics=GHS07,GHS08,GHS09 query=123312-89-0
[OK] id=6167 cid=78284 signal=Danger pics=GHS02,GHS05 query=4524-93-0
[OK] id=6168 cid=4944 signal=Danger pics=GHS06,GHS07,GHS08,GHS09 query=114-26-1
[OK] id=6169 cid=9257 signal=Danger pics=GHS07,GHS08 query=288-88-0
[OK] id=6170 cid=7381 signal=Danger pics=GHS05,GHS06,GHS07,GHS08,GHS09 query=98-29-3
[OK] id=6171 cid=69533 signal=Danger pics=GHS05 query=646-19-5
[OK] id=6173 cid=9271 signal=Danger pics=GHS06,GHS08,GHS09 query=297-78-9
[OK] id=6174 cid=9602 signal=Danger pics=GHS02,GHS05,GHS06,GHS07 query=352-11-4
[OK] id=6175 cid=7693 signal=Danger pics=GHS05,GHS06,GHS07,GHS08,GHS09 query=104-12-1
[OK] id=6176 cid=2723802 signal=Warning pics=GHS07,GHS09 query=3179-31-5
[EMPTY] id=6177 cid=5311054 query=1066-17-7
[NOTFOUND] id=6178 query=64741-74-8
[OK] id=6181 cid=164944 signal=Danger pics=GHS07,GHS08,GHS09 query=2582-30-1
[OK] id=6182 cid=62750 signal=Danger pics=GHS05,GHS06,GHS07,GHS08 query=35103-79-8
[OK] id=6183 cid=8020 signal=Danger pics=GHS02,GHS07 query=109-87-5
[OK] id=6184 cid=10890 signal=Warning pics=GHS02 query=540-18-1
[NOTFOUND] id=6185 query=68477-81-6
[EMPTY] id=6186 cid=123553 query=62373-80-2
[OK] id=6187 cid=83975 signal=Warning pics=GHS07,GHS08,GHS09 query=7696-12-0
[OK] id=6188 cid=8101 signal=Warning pics=GHS02,GHS07,GHS09 query=111-25-1
[OK] id=6189 cid=24932 signal=Danger pics=GHS03,GHS05,GHS07,GHS09 query=10102-05-3
[OK] id=6190 cid=1100 signal=Danger pics=GHS05,GHS07 query=7782-99-2
[OK] id=6191 cid=123460 signal=Danger pics=GHS05,GHS07 query=37517-81-0
[OK] id=6192 cid=8005 signal=Danger pics=GHS02,GHS07,GHS08 query=109-69-3
[OK] id=6194 cid=6644 signal=Danger pics=GHS02,GHS05,GHS07 query=80-47-7
[OK] id=6195 cid=75938 signal=Danger pics=GHS05,GHS07 query=2719-27-9
[OK] id=6196 cid=44475816 signal=Warning pics=GHS07 query=54322-20-2
[OK] id=6198 cid=61264 signal=Warning pics=GHS07,GHS09 query=1111-67-7
[OK] id=6199 cid=86134 signal=Warning pics=GHS09 query=95617-09-7
[OK] id=6200 cid=6383 signal=Warning pics=GHS07 query=75-62-7
[OK] id=6201 cid=86222 signal=Danger pics=GHS06,GHS08,GHS09 query=128639-02-1
[OK] id=6202 cid=1057 signal=Danger pics=GHS07,GHS08 query=87-66-1
[OK] id=6203 cid=10442 signal=Warning pics=GHS07 query=504-63-2
[NOTFOUND] id=6204 query=91995-16-3
[OK] id=6205 cid=13521 signal=Danger pics=GHS05,GHS07,GHS08 query=919-30-2
[OK] id=6206 cid=3081363 signal=Danger pics=GHS08,GHS09 query=158237-07-1
[OK] id=6207 cid=2723704 signal=Danger pics=GHS06,GHS08 query=598-52-7
[OK] id=6208 cid=5447130 signal=Warning pics=GHS07 query=59-87-0
[NOTFOUND] id=6209 query=63449-41-2
[OK] id=6210 cid=14257 signal=Danger pics=GHS02,GHS07,GHS08,GHS09 query=1120-21-4
[OK] id=6211 cid=13663 signal=Warning pics=GHS07 query=941-98-0
[OK] id=6212 cid=7498 signal=Warning pics=GHS07 query=100-39-0
[OK] id=6213 cid=8130 signal=Warning pics=GHS02,GHS07,GHS09 query=111-71-7
[OK] id=6214 cid=10970 signal=Danger pics=GHS05 query=543-20-4
[OK] id=6215 cid=11414 signal=Warning pics=GHS07,GHS09 query=583-53-9
[OK] id=6216 cid=9731 signal=Danger pics=GHS05,GHS07,GHS08,GHS09 query=371-40-4
[OK] id=6217 cid=5371560 signal=Danger pics=GHS06,GHS07,GHS08,GHS09 query=141-66-2
[OK] id=6219 cid=5360835 signal=Danger pics=GHS05,GHS07 query=7440-55-3
[OK] id=6220 cid=76122 signal=Danger pics=GHS02,GHS06,GHS07 query=2868-37-3
[OK] id=6221 cid=81496 signal=Danger pics=GHS06,GHS07 query=7035-03-2
[NOTFOUND] id=6222 query=68477-70-3
[OK] id=6223 cid=66229 signal=Danger pics=GHS05 query=10049-10-2
[OK] id=6224 cid=162450 signal=Warning pics=GHS08 query=41107-56-6
[OK] id=6226 cid=5460033 signal=Danger pics=GHS05,GHS06,GHS07,GHS08 query=15663-27-1
[OK] id=6227 cid=20653 signal=Danger pics=GHS05,GHS07 query=4536-23-6
[OK] id=6228 cid=637090 signal=Danger pics=GHS05,GHS06,GHS07 query=107-93-7
[OK] id=6229 cid=6423 signal=Danger pics=GHS05,GHS06,GHS07,GHS08,GHS09 query=76-06-2
[OK] id=6230 cid=2256 signal=Warning pics=GHS07,GHS08,GHS09 query=1912-24-9
[OK] id=6231 cid=521983 signal=Danger pics=GHS06 query=6163-75-3
[OK] id=6232 cid=11443 signal=Danger pics=GHS05,GHS06,GHS07,GHS08 query=584-84-9
[NOTFOUND] id=6233 query=61258-10-4
[OK] id=6234 cid=853475 signal=Danger pics=GHS05 query=5267-64-1
[OK] id=6235 cid=12171 signal=Danger pics=GHS05,GHS06,GHS07,GHS09 query=623-25-6
[OK] id=6236 cid=14776 signal=Danger pics=GHS08 query=1304-76-3
[NOTFOUND] id=6237 query=64741-84-0
[OK] id=6238 cid=12259 signal=Danger pics=GHS01 query=625-58-1
[OK] id=6240 cid=3032791 signal=Warning pics=GHS07,GHS08,GHS09 query=23564-05-8
[OK] id=6241 cid=8009 signal=Danger pics=GHS02,GHS05,GHS06,GHS07,GHS08 query=109-75-1
[OK] id=6242 cid=12232 signal=Danger pics=GHS02,GHS06,GHS07,GHS08,GHS09 query=624-92-0
[EMPTY] id=6243 cid=11711 query=598-14-1
[OK] id=6244 cid=5210422 signal=Warning pics=GHS08 query=93107-30-3
[OK] id=6245 cid=73722 signal=Danger pics=GHS06,GHS07 query=1529-41-5
[OK] id=6246 cid=6582 signal=Danger pics=GHS08 query=79-16-3
[NOTFOUND] id=6247 query=92045-15-3
[OK] id=6248 cid=8095 signal=Danger pics=GHS02,GHS06,GHS07,GHS08 query=111-15-9
[OK] id=6249 cid=54698175 signal=Danger pics=GHS06,GHS08,GHS09 query=90035-08-8
[OK] id=6250 cid=6356 signal=Danger pics=GHS04,GHS05,GHS06,GHS07,GHS08 query=7637-07-2
[OK] id=6251 cid=37524 signal=Danger pics=GHS05,GHS07 query=36768-62-4
[OK] id=6252 cid=351795 signal=Danger pics=GHS06,GHS07 query=771-51-7
[OK] id=6253 cid=77797 signal=Warning pics=GHS07,GHS09 query=4151-50-2
[OK] id=6254 cid=24532 signal=Danger pics=GHS02,GHS05 query=7782-89-0
[OK] id=6255 cid=10439 signal=Danger pics=GHS05,GHS06,GHS07,GHS08,GHS09 query=504-29-0
[OK] id=6257 cid=86355 signal=Warning pics=GHS09 query=120162-55-2
[NOTFOUND] id=6258 query=68476-42-6
[NOTFOUND] id=6259 query=90640-89-4
[OK] id=6260 cid=11465 signal=Warning pics=GHS07 query=586-77-6
[OK] id=6261 cid=15787 signal=Danger pics=GHS07,GHS08,GHS09 query=1836-75-5
[OK] id=6262 cid=5284389 signal=Danger pics=GHS02,GHS06,GHS07,GHS08,GHS09 query=131-72-6
[NOTFOUND] id=6263 query=8017-16-1
[NOTFOUND] id=6264 query=64741-98-6
[EMPTY] id=6265 cid=2725026 query=93379-48-7
[OK] id=6266 cid=969491 signal=Danger pics=GHS06,GHS08,GHS09 query=60-57-1
[OK] id=6267 cid=4296 signal=Danger pics=GHS05,GHS07 query=15532-75-9
[OK] id=6268 cid=11153 signal=Danger pics=GHS02,GHS05 query=555-75-9
[OK] id=6269 cid=1201518 signal=Danger pics=GHS02,GHS07 query=464-45-9
[EMPTY] id=6270 cid=6440729 query=83657-19-6
[OK] id=6271 cid=9223 signal=Danger pics=GHS02,GHS08 query=271-89-6
[OK] id=6272 cid=23615629 signal=Danger pics=GHS06 query=5853-29-2
[NOTFOUND] id=6273 query=39148-24-8
[OK] id=6274 cid=28292 signal=Danger pics=GHS06,GHS07,GHS08,GHS09 query=17109-49-8
[NOTFOUND] id=6275 query=68516-20-1
[OK] id=6276 cid=32832 signal=Danger pics=GHS06,GHS07 query=25182-84-7
[OK] id=6277 cid=25477 signal=Danger pics=GHS08 query=12001-29-5
[OK] id=6278 cid=17727 signal=Danger pics=GHS05,GHS06,GHS07,GHS09 query=2783-17-7
[OK] id=6279 cid=28061 signal=Warning pics=GHS07 query=16773-42-5
[EMPTY] id=6281 cid=39793 query=50782-69-9
[OK] id=6283 cid=12279 signal=Warning pics=GHS07 query=626-39-1
[OK] id=6284 cid=2735001 signal=Warning pics=GHS07 query=18085-02-4
[OK] id=6286 cid=72871 signal=Warning pics=GHS07 query=2051-95-8
[OK] id=6287 cid=94392 signal=Danger pics=GHS02,GHS05,GHS07 query=28177-48-2
[OK] id=6288 cid=82208 signal=Warning pics=GHS07,GHS08 query=7782-91-4
[OK] id=6289 cid=65093 signal=Warning pics=GHS07 query=2127-03-9
[OK] id=6290 cid=24290 signal=Danger pics=GHS05,GHS06,GHS07,GHS09 query=7647-10-1
[OK] id=6291 cid=136469009 signal=Warning pics=GHS07 query=99129-21-2
[OK] id=6292 cid=5270647 signal=Warning pics=GHS02 query=7778-83-8
[OK] id=6293 cid=12100 signal=Danger pics=GHS02,GHS08,GHS09 query=620-14-4
[OK] id=6294 cid=146681751 signal=Danger pics=GHS05,GHS07 query=12333-11-8
[OK] id=6295 cid=76300 signal=Warning pics=GHS07 query=2969-81-5
[OK] id=6296 cid=24387 signal=Danger pics=GHS02,GHS05,GHS06,GHS07,GHS08 query=7719-12-2
[OK] id=6297 cid=7809 signal=Danger pics=GHS02,GHS07,GHS08,GHS09 query=106-42-3
[OK] id=6298 cid=6363 signal=Danger pics=GHS02,GHS05,GHS06,GHS07,GHS08 query=75-31-0
[OK] id=6299 cid=12350 signal=Danger pics=GHS02,GHS07,GHS08 query=628-71-7
[OK] id=6300 cid=15553 signal=Danger pics=GHS05,GHS09 query=1702-17-6
[OK] id=6301 cid=5319 signal=Warning pics=GHS07 query=127-71-9
[OK] id=6302 cid=61141 signal=Danger pics=GHS02,GHS07 query=592-55-2
[OK] id=6303 cid=24818 signal=Danger pics=GHS05,GHS07 query=10026-12-7
[OK] id=6304 cid=62647 signal=Danger pics=GHS05,GHS07,GHS08 query=7718-98-1
[NOTFOUND] id=6305 query=12035-36-8
[OK] id=6306 cid=8025 signal=Danger pics=GHS02,GHS07,GHS08 query=109-94-4
[OK] id=6307 cid=83172 signal=Warning pics=GHS07 query=13139-17-8
[OK] id=6308 cid=6294 signal=Danger pics=GHS06,GHS07,GHS08,GHS09 query=72-54-8
[OK] id=6309 cid=75129 signal=Warning pics=GHS02,GHS07 query=2182-55-0
[OK] id=6310 cid=12734 signal=Danger pics=GHS02,GHS05,GHS06,GHS07,GHS08,GHS09 query=693-13-0
[OK] id=6311 cid=8026 signal=Danger pics=GHS02,GHS04,GHS07 query=109-95-5
[OK] id=6312 cid=50465 signal= pics= query=69377-81-7
[OK] id=6313 cid=6328036 signal=Danger pics=GHS02,GHS07 query=75-22-9
[NOTFOUND] id=6315 query=95371-08-7
[OK] id=6316 cid=3664839 signal=Warning pics=GHS07 query=33454-82-9
[OK] id=6317 cid=20686 signal=Danger pics=GHS06 query=4553-62-2
[OK] id=6318 cid=4115 signal=Danger pics=GHS07,GHS08,GHS09 query=72-43-5
[OK] id=6319 cid=8264 signal=Danger pics=GHS06 query=115-26-4
[OK] id=6320 cid=13223 signal=Danger pics=GHS05,GHS07,GHS08 query=826-62-0
[OK] id=6321 cid=7397 signal=Danger pics=GHS05,GHS07 query=98-59-9
[OK] id=6322 cid=522777 signal=Warning pics=GHS07 query=824-42-0
[NOTFOUND] id=6323 query=70592-76-6
[OK] id=6324 cid=26710 signal=Danger pics=GHS06,GHS07,GHS08,GHS09 query=14484-64-1
[EMPTY] id=6325 cid=34466 query=29082-74-4
[OK] id=6326 cid=2871 signal=Danger pics=GHS06,GHS07,GHS08,GHS09 query=56-72-4
[EMPTY] id=6327 cid=16416 query=2097-19-0
[EMPTY] id=6328 cid=67002 query=116-42-7
[OK] id=6329 cid=9152 signal=Danger pics=GHS08,GHS09 query=205-82-3
[OK] id=6330 cid=441207 signal=Danger pics=GHS06,GHS08 query=71-63-6
[OK] id=6331 cid=7270 signal=Danger pics=GHS07,GHS08,GHS09 query=95-94-3
[OK] id=6332 cid=11143 signal=Danger pics=GHS02,GHS05,GHS07 query=555-31-7
[OK] id=6333 cid=13283 signal=Danger pics=GHS07,GHS08,GHS09 query=838-88-0
[OK] id=6334 cid=7296 signal=Danger pics=GHS02,GHS07,GHS08 query=96-37-7
[OK] id=6336 cid=24394 signal=Danger pics=GHS05,GHS07 query=7721-01-9
[NOTFOUND] id=6337 query=91995-17-4
[OK] id=6338 cid=10992 signal=Warning pics=GHS02 query=544-10-5
[OK] id=6339 cid=93200 signal=Danger pics=GHS07,GHS08 query=37894-46-5
[OK] id=6340 cid=77322 signal=Danger pics=GHS06 query=3734-95-0
[NOTFOUND] id=6341 query=9002-89-5
[OK] id=6342 cid=67995 signal=Danger pics=GHS02,GHS07 query=455-18-5
[OK] id=6343 cid=7473 signal=Danger pics=GHS06,GHS08,GHS09 query=99-99-0
[OK] id=6344 cid=7762 signal=Warning pics=GHS02,GHS07 query=105-54-4
[OK] id=6345 cid=25137 signal=Warning pics=GHS07,GHS08 query=10294-54-9
[OK] id=6346 cid=5237 signal=Danger pics=GHS05,GHS06,GHS08,GHS09 query=144-49-0
[OK] id=6347 cid=6717 signal=Danger pics=GHS06 query=82-58-6
[OK] id=6348 cid=76092 signal=Warning pics=GHS07,GHS09 query=2840-28-0
[OK] id=6349 cid=555202 signal=Warning pics=GHS07 query=13909-34-7
[OK] id=6350 cid=10793 signal=Danger pics=GHS05,GHS06,GHS08,GHS09 query=534-07-6
[OK] id=6351 cid=91755 signal=Warning pics=GHS09 query=96525-23-4
[OK] id=6352 cid=15564203 signal=Danger pics=GHS05 query=84918-96-7
[OK] id=6353 cid=61237 signal=Danger pics=GHS02,GHS05,GHS06,GHS07 query=926-64-7
[OK] id=6354 cid=39223 signal=Danger pics=GHS06,GHS07,GHS08,GHS09 query=42509-80-8
[OK] id=6355 cid=78205 signal=Danger pics=GHS05 query=4457-32-3
[OK] id=6356 cid=7252 signal=Danger pics=GHS06,GHS07,GHS08,GHS09 query=95-70-5
[OK] id=6357 cid=12183 signal=Danger pics=GHS05,GHS06 query=623-48-3
[EMPTY] id=6358 cid=7165 query=93-89-0
[NOTFOUND] id=6359 query=68478-29-5
[OK] id=6360 cid=7974 signal=Danger pics=GHS02,GHS05,GHS07 query=109-05-7
[OK] id=6361 cid=75529 signal=Warning pics=GHS07 query=2436-96-6
[OK] id=6363 cid=11466 signal=Warning pics=GHS07,GHS08 query=586-78-7
[OK] id=6364 cid=6054 signal=Danger pics=GHS05,GHS06,GHS07,GHS08 query=60-12-8
[OK] id=6365 cid=7975 signal=Danger pics=GHS02,GHS05,GHS06,GHS07,GHS08 query=109-06-8
[NOTFOUND] id=6366 query=92045-65-3
[OK] id=6367 cid=10024 signal=Danger pics=GHS02,GHS07 query=462-95-3
[OK] id=6368 cid=77880 signal=Danger pics=GHS05 query=4207-56-1
[OK] id=6369 cid=3534526 signal= pics= query=89331-94-2
[OK] id=6370 cid=3806 signal=Danger pics=GHS06,GHS07,GHS09 query=481-39-0
[OK] id=6371 cid=79048 signal=Danger pics=GHS02,GHS06,GHS07 query=565-62-8
[OK] id=6372 cid=10852 signal=Danger pics=GHS06 query=538-28-3
[OK] id=6373 cid=23931 signal=Danger pics=GHS05,GHS06,GHS07,GHS08,GHS09 query=7439-97-6
[OK] id=6374 cid=9229 signal=Warning pics=GHS02,GHS07 query=274-09-9
[OK] id=6375 cid=7216 signal=Danger pics=GHS07,GHS08,GHS09 query=95-06-7
[OK] id=6376 cid=13015 signal=Danger pics=GHS06,GHS07 query=766-84-7
[OK] id=6377 cid=26124 signal=Danger pics=GHS05,GHS06,GHS07,GHS08,GHS09 query=13593-03-8
[OK] id=6378 cid=91692 signal=Warning pics=GHS09 query=66063-05-6
[OK] id=6379 cid=26089 signal=Danger pics=GHS06,GHS07,GHS08,GHS09 query=13530-65-9
[OK] id=6380 cid=6108 signal=Danger pics=GHS07,GHS08 query=62-23-7
[OK] id=6381 cid=12021 signal=Danger pics=GHS02,GHS07,GHS08 query=616-38-6
[NOTFOUND] id=6382 query=92062-33-4
[OK] id=6383 cid=76400 signal=Danger pics=GHS05,GHS06,GHS08 query=3019-71-4
[NOTFOUND] id=6384 query=68476-85-7
[OK] id=6385 cid=135853733 signal=Danger pics=GHS05,GHS07,GHS09 query=85665-98-1
[NOTFOUND] id=6386 query=9001-22-3
[OK] id=6387 cid=7489 signal=Danger pics=GHS07,GHS08 query=100-21-0
[OK] id=6388 cid=6368 signal=Danger pics=GHS02,GHS04,GHS07 query=75-37-6
[OK] id=6389 cid=8474 signal=Warning pics=GHS07 query=121-47-1
[EMPTY] id=6390 cid=753 query=56-81-5
[OK] id=6391 cid=71777 signal=Danger pics=GHS07,GHS08,GHS09 query=103055-07-8
[OK] id=6392 cid=7679 signal=Danger pics=GHS05,GHS07 query=103-80-0
[OK] id=6393 cid=11236 signal=Danger pics=GHS05,GHS06,GHS07,GHS08,GHS09 query=563-41-7
[OK] id=6394 cid=62678 signal=Danger pics=GHS05 query=7789-69-7
[OK] id=6395 cid=31268 signal=Danger pics=GHS02,GHS05,GHS06,GHS07,GHS08 query=123-75-1
[OK] id=6396 cid=89806 signal=Danger pics=GHS02,GHS05,GHS07 query=22722-98-1
[OK] id=6397 cid=12277 signal=Warning pics=GHS02,GHS07 query=626-23-3
[NOTFOUND] id=6398 query=84650-02-2
[NOTFOUND] id=6399 query=64742-80-9
[NOTFOUND] id=6400 query=68476-50-6
[EMPTY] id=6401 cid=2777312 query=2122-19-2
[OK] id=6402 cid=13007 signal=Danger pics=GHS02,GHS05,GHS06,GHS07 query=766-09-6
[NOTFOUND] id=6403 query=85116-55-8
[OK] id=6404 cid=12542 signal=Danger pics=GHS06,GHS08 query=640-19-7
[NOTFOUND] id=6405 query=100801-63-6
[OK] id=6406 cid=167274 signal=Danger pics=GHS06,GHS09 query=15280-09-8
[OK] id=6407 cid=37995 signal=Danger pics=GHS06,GHS07,GHS09 query=38260-54-7
[OK] id=6408 cid=643189 signal=Danger pics=GHS05,GHS07 query=3886-69-9
[OK] id=6409 cid=12271 signal=Warning pics=GHS07 query=626-01-7
[OK] id=6410 cid=3032792 signal=Warning pics=GHS07 query=23564-06-9
[OK] id=6411 cid=6393 signal=Warning pics=GHS04,GHS07 query=75-73-0
[OK] id=6412 cid=23673461 signal=Danger pics=GHS03,GHS06,GHS07,GHS08 query=7758-01-2
[OK] id=6413 cid=7127 signal=Danger pics=GHS07,GHS08 query=93-15-2
[OK] id=6414 cid=7961 signal=Danger pics=GHS02,GHS06,GHS07,GHS08,GHS09 query=108-86-1
[OK] id=6415 cid=6409 signal=Danger pics=GHS02,GHS05,GHS06,GHS07,GHS08 query=75-89-8
[EMPTY] id=6416 cid=10295 query=492-22-8
[OK] id=6417 cid=8892 signal=Danger pics=GHS05,GHS06,GHS07 query=142-62-1
[OK] id=6418 cid=5359596 signal=Danger pics=GHS02,GHS05,GHS06,GHS07,GHS08,GHS09 query=7440-38-2
[NOTFOUND] id=6419 query=93924-33-5
[OK] id=6420 cid=65578 signal=Danger pics=GHS02,GHS05,GHS06,GHS07 query=79-37-8
[NOTFOUND] id=6421 query=96690-55-0
[OK] id=6422 cid=220401 signal=Danger pics=GHS06 query=477-30-5
[OK] id=6423 cid=35970 signal=Danger pics=GHS06,GHS07,GHS08,GHS09 query=31895-21-3
[NOTFOUND] id=6424 query=90641-09-1
[NOTFOUND] id=6425 query=91995-20-9
[OK] id=6426 cid=2724540 signal=Danger pics=GHS05,GHS07 query=7474-05-7
[OK] id=6427 cid=24518 signal=Danger pics=GHS03,GHS05,GHS07,GHS09 query=7779-88-6
[OK] id=6428 cid=16213016 signal=Warning pics=GHS07,GHS09 query=111479-05-1
[OK] id=6429 cid=120084 signal=Danger pics=GHS05,GHS07 query=5856-62-2
[OK] id=6430 cid=47520 signal=Warning pics=GHS02,GHS07 query=24332-20-5
[EMPTY] id=6431 cid=8272 query=115-39-9
[OK] id=6432 cid=11680272 signal=Warning pics=GHS07 query=94021-22-4
[OK] id=6433 cid=9823 signal=Danger pics=GHS06,GHS07,GHS08 query=402-67-5
[OK] id=6434 cid=7836 signal=Danger pics=GHS02,GHS05,GHS06,GHS07,GHS08 query=106-90-1
[OK] id=6436 cid=5338 signal=Danger pics=GHS07,GHS08 query=59-40-5
[OK] id=6437 cid=54682651 signal=Warning pics=GHS08 query=81-82-3
[OK] id=6438 cid=6997 signal=Danger pics=GHS05,GHS07 query=90-00-6
[OK] id=6439 cid=168937 signal=Danger pics=GHS05,GHS06,GHS07,GHS08 query=1310-66-3
[OK] id=6440 cid=31200 signal=Danger pics=GHS06,GHS07,GHS08,GHS09 query=122-14-5
[OK] id=6441 cid=68037 signal=Warning pics=GHS07,GHS08 query=461-89-2
[OK] id=6442 cid=8607 signal=Danger pics=GHS06,GHS07,GHS08,GHS09 query=133-07-3
[NOTFOUND] id=6443 query=92045-43-7
[OK] id=6444 cid=305 signal=Danger pics=GHS02,GHS05,GHS08 query=62-49-7
[OK] id=6445 cid=14771 signal=Danger pics=GHS05,GHS06,GHS07,GHS08,GHS09 query=1303-28-2
[OK] id=6446 cid=73767 signal=Warning pics=GHS02,GHS07 query=1546-79-8
[OK] id=6447 cid=6321303 signal=Danger pics=GHS06,GHS07,GHS08 query=41444-62-6
[OK] id=6448 cid=11025 signal=Danger pics=GHS07,GHS08,GHS09 query=546-67-8
[OK] id=6449 cid=9568055 signal=Warning pics=GHS07,GHS08 query=555-84-0
[OK] id=6450 cid=6915 signal=Danger pics=GHS05,GHS06,GHS07,GHS08 query=88-09-5
[OK] id=6451 cid=121599 signal=Warning pics=GHS02,GHS07 query=29943-42-8
[NOTFOUND] id=6452 query=8052-42-4
[OK] id=6453 cid=6 signal=Danger pics=GHS05,GHS06,GHS07,GHS08,GHS09 query=97-00-7
[OK] id=6454 cid=23665759 signal=Danger pics=GHS06,GHS07,GHS08,GHS09 query=3926-62-3
[OK] id=6455 cid=11847 signal=Warning pics=GHS07 query=608-33-3
[OK] id=6457 cid=11616 signal=Danger pics=GHS07,GHS08,GHS09 query=592-87-0
[OK] id=6458 cid=5363199 signal=Danger pics=GHS08 query=592-62-1
[EMPTY] id=6459 cid=136146436 query=86393-35-3
[NOTFOUND] id=6460 query=68527-22-0
[OK] id=6461 cid=3598 signal=Danger pics=GHS06,GHS08,GHS09 query=70-30-4
[OK] id=6462 cid=24243 signal=Danger pics=GHS05,GHS07 query=7601-54-9
[OK] id=6463 cid=15531 signal=Danger pics=GHS06,GHS07,GHS08,GHS09 query=1689-84-5
[OK] id=6464 cid=2811 signal=Warning pics=GHS07,GHS08 query=33671-46-4
[OK] id=6465 cid=182951 signal=Warning pics=GHS09 query=129630-19-9
[OK] id=6466 cid=443382 signal=Warning pics=GHS08 query=530-43-8
[OK] id=6467 cid=61899 signal=Danger pics=GHS05,GHS07,GHS08,GHS09 query=1593-77-7
[OK] id=6468 cid=11726 signal=Danger pics=GHS08 query=598-62-9
[OK] id=6469 cid=12163533 signal=Danger pics=GHS06,GHS07,GHS08,GHS09 query=14689-45-3
[OK] id=6470 cid=92596 signal=Danger pics=GHS05 query=56961-75-2
[OK] id=6472 cid=15939 signal=Danger pics=GHS05,GHS06,GHS08,GHS09 query=4685-14-7
[OK] id=6473 cid=7808 signal=Warning pics=GHS07,GHS08,GHS09 query=106-41-2
[OK] id=6474 cid=5462310 signal=Warning pics=GHS07 query=1333-86-4
[OK] id=6476 cid=54738 signal=Danger pics=GHS05,GHS07,GHS09 query=81334-34-1
[OK] id=6477 cid=17109 signal=Danger pics=GHS05,GHS07,GHS08,GHS09 query=2439-01-2
[OK] id=6478 cid=11348 signal=Danger pics=GHS01,GHS06,GHS08,GHS09 query=577-71-9
[NOTFOUND] id=6480 query=90640-99-6
[OK] id=6481 cid=5083724 signal=Danger pics=GHS03,GHS07 query=1314-08-5
[OK] id=6482 cid=11244 signal=Danger pics=GHS02,GHS05,GHS07,GHS08,GHS09 query=563-57-5
[OK] id=6483 cid=62389 signal=Warning pics=GHS07,GHS08,GHS09 query=1214-39-7
[OK] id=6484 cid=21885 signal=Warning pics=GHS07 query=5683-33-0
[OK] id=6485 cid=16907 signal=Danger pics=GHS02,GHS06,GHS07,GHS08 query=2365-48-2
[EMPTY] id=6486 cid=2724224 query=3164-29-2
[OK] id=6487 cid=4543 signal=Warning pics=GHS07 query=72-69-5
[OK] id=6488 cid=70236 signal=Warning pics=GHS07 query=928-98-3
[OK] id=6489 cid=3289 signal=Danger pics=GHS06,GHS07,GHS08,GHS09 query=13194-48-4
[OK] id=6490 cid=14793 signal=Danger pics=GHS03,GHS07,GHS08,GHS09 query=1309-60-0
[NOTFOUND] id=6491 query=64742-90-1
[OK] id=6492 cid=10870 signal=Warning pics=GHS02,GHS07,GHS09 query=538-93-2
[OK] id=6493 cid=1480 signal=Danger pics=GHS07,GHS08,GHS09 query=93-76-5
[OK] id=6495 cid=29216 signal=Danger pics=GHS06,GHS09 query=18691-97-9
[OK] id=6496 cid=51040 signal= pics= query=70356-09-1
[OK] id=6499 cid=9988 signal=Danger pics=GHS02,GHS06,GHS09 query=459-72-3
[OK] id=6500 cid=15892 signal=Warning pics=GHS07 query=1885-35-4
[OK] id=6501 cid=24294 signal=Danger pics=GHS05,GHS06,GHS07,GHS08,GHS09 query=7647-18-9
[OK] id=6502 cid=3032552 signal=Danger pics=GHS03,GHS04,GHS05,GHS06,GHS07,GHS08 query=10102-44-0
[NOTFOUND] id=6503 query=63148-62-9
[OK] id=6504 cid=79196 signal=Danger pics=GHS02,GHS05,GHS07 query=5308-25-8
[OK] id=6505 cid=6634 signal=Warning pics=GHS07 query=80-32-0
[OK] id=6506 cid=3051 signal=Warning pics=GHS07 query=1609-47-8
[OK] id=6507 cid=23690427 signal=Warning pics=GHS07 query=132-67-2
[OK] id=6508 cid=31356 signal=Danger pics=GHS07,GHS08,GHS09 query=126-72-7
[OK] id=6509 cid=78059 signal=Danger pics=GHS02,GHS05 query=4353-77-9
[OK] id=6510 cid=12318 signal=Danger pics=GHS02,GHS06,GHS08,GHS09 query=627-44-1
[OK] id=6511 cid=24547 signal=Danger pics=GHS03,GHS05,GHS06 query=7783-41-7
[OK] id=6512 cid=11846 signal=Danger pics=GHS05,GHS06,GHS07,GHS08,GHS09 query=608-31-1
[OK] id=6513 cid=83223 signal=Warning pics=GHS07 query=13195-64-7
[OK] id=6514 cid=6565 signal=Danger pics=GHS02,GHS05,GHS07,GHS08 query=78-88-6
[OK] id=6515 cid=31277 signal=Danger pics=GHS05 query=123-93-3
[NOTFOUND] id=6516 query=9005-25-8
[OK] id=6517 cid=135565117 signal=Warning pics=GHS07,GHS08 query=139001-49-3
[OK] id=6518 cid=12182 signal=Warning pics=GHS02,GHS07 query=623-47-2
[OK] id=6519 cid=76082 signal=Warning pics=GHS07,GHS08 query=2835-98-5
[NOTFOUND] id=6520 query=10101-63-0
[NOTFOUND] id=6521 query=92045-49-3
[NOTFOUND] id=6522 query=93763-85-0
[EMPTY] id=6524 cid=5094 query=7681-76-7
[OK] id=6525 cid=24456 signal=Danger pics=GHS05 query=7758-87-4
[OK] id=6526 cid=79129 signal=Danger pics=GHS06 query=931-53-3
[OK] id=6527 cid=16760189 signal=Warning pics=GHS09 query=144550-36-7
[OK] id=6528 cid=7954 signal=Danger pics=GHS05,GHS06,GHS07,GHS08 query=108-77-0
[OK] id=6529 cid=2723650 signal=Danger pics=GHS07,GHS08 query=96-45-7
[OK] id=6530 cid=61850 signal=Danger pics=GHS05,GHS07,GHS09 query=10049-08-8
[OK] id=6532 cid=25501 signal=Danger pics=GHS05,GHS07 query=12058-66-1
[OK] id=6533 cid=62638 signal=Danger pics=GHS07,GHS08,GHS09 query=7446-07-3
[OK] id=6534 cid=76583 signal=Warning pics=GHS07 query=3132-99-8
[OK] id=6535 cid=7993 signal=Danger pics=GHS02,GHS05,GHS06,GHS07,GHS08 query=109-55-7
[OK] id=6536 cid=11140605 signal=Danger pics=GHS07,GHS08,GHS09 query=87392-12-9
[OK] id=6537 cid=8196 signal=Danger pics=GHS02,GHS06,GHS08,GHS09 query=112-56-1
[OK] id=6538 cid=5463758 signal= pics=GHS09 query=85491-26-5
[NOTFOUND] id=6539 query=64742-83-2
[OK] id=6540 cid=7520 signal=Warning pics=GHS02,GHS07,GHS09 query=100-68-5
[OK] id=6541 cid=2723698 signal=Warning pics=GHS07 query=2637-34-5
[OK] id=6542 cid=77468 signal=Danger pics=GHS05,GHS07,GHS08,GHS09 query=3862-73-5
[OK] id=6543 cid=15413 signal=Danger pics=GHS02,GHS07,GHS08 query=1634-04-4
[OK] id=6544 cid=23976 signal=Danger pics=GHS07,GHS08,GHS09 query=7440-47-3
[EMPTY] id=6545 cid=750 query=56-40-6
[OK] id=6546 cid=6587 signal=Danger pics=GHS02,GHS06,GHS07,GHS08,GHS09 query=79-24-3
[OK] id=6547 cid=80808 signal=Danger pics=GHS05,GHS08 query=6390-69-8
[OK] id=6548 cid=23676745 signal=Warning pics=GHS07 query=24634-61-5
[OK] id=6549 cid=81668 signal=Warning pics=GHS07 query=7250-67-1
[EMPTY] id=6550 cid=23673835 query=547-58-0
[OK] id=6551 cid=23681045 signal=Warning pics=GHS07,GHS08,GHS09 query=650-51-1
[OK] id=6552 cid=67810 signal=Danger pics=GHS05 query=375-16-6
[OK] id=6553 cid=67561 signal=Danger pics=GHS05,GHS07 query=312-94-7
[OK] id=6554 cid=51132 signal=Danger pics=GHS02,GHS07,GHS08 query=70657-70-4
[OK] id=6555 cid=688211 signal=Warning pics=GHS07 query=118949-61-4
[OK] id=6556 cid=87468080 signal=Warning pics=GHS02,GHS07 query=25639-42-3
[OK] id=6557 cid=11589 signal=Danger pics=GHS02,GHS05,GHS07 query=591-97-9
[OK] id=6558 cid=16212977 signal=Danger pics=GHS05,GHS07,GHS09 query=12501-23-4
[EMPTY] id=6559 cid=2272 query=103-33-3
[NOTFOUND] id=6560 query=9001-75-6
[OK] id=6561 cid=33500 signal=Warning pics=GHS07,GHS09 query=26399-36-0
[EMPTY] id=6562 cid=5975 query=57-12-5
[OK] id=6563 cid=11422 signal=Danger pics=GHS06,GHS07 query=583-68-6
[OK] id=6565 cid=34367 signal=Danger pics=GHS05,GHS07 query=28920-43-6
[OK] id=6566 cid=91687 signal=Warning pics=GHS07 query=64249-01-0
[OK] id=6567 cid=23666695 signal=Danger pics=GHS06,GHS08,GHS09 query=2961-62-8
[OK] id=6568 cid=6984 signal=Danger pics=GHS05,GHS07,GHS08,GHS09 query=89-72-5
[OK] id=6569 cid=6737 signal=Danger pics=GHS05 query=83-38-5
[OK] id=6570 cid=170059 signal=Danger pics=GHS06,GHS07 query=38487-86-4
[OK] id=6571 cid=7764 signal=Warning pics=GHS07 query=105-56-6
[OK] id=6572 cid=13818 signal=Danger pics=GHS05,GHS07 query=993-13-5
[OK] id=6573 cid=29635 signal=Danger pics=GHS05,GHS07 query=19485-03-1
[OK] id=6574 cid=7892 signal=Danger pics=GHS02,GHS07,GHS08,GHS09 query=107-83-5
[NOTFOUND] id=6575 query=100801-66-9
[OK] id=6576 cid=29732 signal=Warning pics=GHS08,GHS09 query=19666-30-9
[OK] id=6577 cid=7766 signal=Warning pics=GHS02,GHS07 query=105-58-8
[OK] id=6578 cid=61032 signal=Warning pics=GHS07 query=110-67-8
[OK] id=6579 cid=7507 signal=Warning pics=GHS07 query=100-49-2
[OK] id=6580 cid=7879 signal=Danger pics=GHS05,GHS07,GHS08,GHS09 query=107-64-2
[OK] id=6582 cid=5235 signal=Danger pics=GHS05,GHS06,GHS07,GHS08 query=7681-49-4
[OK] id=6583 cid=7044 signal=Danger pics=GHS02,GHS05,GHS06,GHS07,GHS08,GHS09 query=493-02-7
[NOTFOUND] id=6584 query=25322-68-3
[OK] id=6585 cid=141094 signal=Warning pics=GHS07,GHS09 query=24279-39-8
[OK] id=6586 cid=31253 signal=Danger pics=GHS02,GHS07,GHS08,GHS09 query=123-35-3
[OK] id=6587 cid=79177 signal=Danger pics=GHS02,GHS05,GHS07 query=5292-43-3
[OK] id=6588 cid=6589 signal=Danger pics=GHS02,GHS07,GHS08,GHS09 query=79-29-8
[OK] id=6589 cid=69994 signal=Danger pics=GHS05 query=824-98-6
[OK] id=6590 cid=135499147 signal=Warning pics=GHS08 query=99434-58-9
[OK] id=6591 cid=727 signal=Danger pics=GHS06,GHS07,GHS08,GHS09 query=58-89-9
[OK] id=6592 cid=522606 signal=Danger pics=GHS03,GHS07,GHS08 query=7601-89-0
[EMPTY] id=6593 cid=5283468 query=111-03-5
[OK] id=6594 cid=73706 signal=Danger pics=GHS02,GHS05,GHS06,GHS07 query=1522-22-1
[OK] id=6595 cid=123472 signal=Danger pics=GHS02,GHS05,GHS07 query=38078-09-0
[OK] id=6596 cid=26927 signal=Danger pics=GHS06,GHS07,GHS08,GHS09 query=14816-18-3
[OK] id=6597 cid=7398 signal=Danger pics=GHS05,GHS07 query=98-60-2
[OK] id=6598 cid=8425 signal=Danger pics=GHS05,GHS07,GHS08,GHS09 query=120-32-1
[OK] id=6600 cid=7551 signal=Warning pics=GHS07,GHS09 query=101-27-9
[OK] id=6601 cid=65729 signal=Danger pics=GHS05,GHS07 query=81-08-3
[OK] id=6602 cid=94358 signal=Danger pics=GHS02,GHS05,GHS07 query=25561-30-2
[OK] id=6603 cid=3496 signal=Danger pics=GHS05,GHS07,GHS08,GHS09 query=1071-83-6
[OK] id=6604 cid=74345 signal=Warning pics=GHS07,GHS09 query=1701-93-5
[OK] id=6605 cid=11610 signal=Danger pics=GHS02,GHS07,GHS08,GHS09 query=592-76-7
[OK] id=6606 cid=153847 signal= pics=GHS09 query=104030-54-8
[OK] id=6607 cid=9815427 signal=Warning pics=GHS07,GHS09 query=74338-72-0
[OK] id=6608 cid=6209 signal=Warning pics=GHS07 query=67-48-1
[OK] id=6609 cid=84564 signal=Danger pics=GHS02,GHS07 query=14630-40-1
[OK] id=6610 cid=32743 signal=Danger pics=GHS05,GHS07 query=625-38-7
[OK] id=6611 cid=79040 signal=Danger pics=GHS02,GHS05,GHS07 query=535-11-5
[OK] id=6612 cid=81531 signal=Danger pics=GHS02,GHS05,GHS06,GHS07 query=7087-68-5
[OK] id=6613 cid=10421208 signal=Danger pics=GHS05,GHS07,GHS09 query=7699-45-8
[NOTFOUND] id=6614 query=77536-67-5
[OK] id=6615 cid=8004 signal=Danger pics=GHS02,GHS07,GHS08,GHS09 query=109-67-1
[OK] id=6617 cid=69938 signal=Danger pics=GHS02,GHS05,GHS07 query=812-01-1
[OK] id=6618 cid=9411 signal=Danger pics=GHS07,GHS08,GHS09 query=314-40-9
[EMPTY] id=6619 cid=5366448 query=54125-02-9
[OK] id=6620 cid=67749 signal=Danger pics=GHS03,GHS05,GHS07 query=358-23-6
[OK] id=6621 cid=8461 signal=Danger pics=GHS06,GHS07,GHS08,GHS09 query=121-14-2
[OK] id=6622 cid=73675 signal=Danger pics=GHS07,GHS08,GHS09 query=85509-19-9
[OK] id=6623 cid=75789 signal=Danger pics=GHS06,GHS07,GHS08 query=2612-57-9
[OK] id=6624 cid=524508 signal=Danger pics=GHS05,GHS07,GHS09 query=2380-86-1
[OK] id=6625 cid=10197650 signal=Danger pics=GHS05,GHS07 query=660-68-4
[OK] id=6626 cid=16653 signal=Danger pics=GHS07,GHS08,GHS09 query=2212-67-1
[OK] id=6627 cid=24635 signal=Danger pics=GHS06,GHS08,GHS09 query=7790-80-9
[OK] id=6629 cid=13205 signal=Warning pics=GHS07,GHS08,GHS09 query=823-40-5
[NOTFOUND] id=6630 query=68477-73-6
[OK] id=6631 cid=3014735 signal=Danger pics=GHS06,GHS09 query=13435-20-6
[OK] id=6632 cid=136376 signal=Warning pics=GHS02 query=591-34-4
[OK] id=6633 cid=12180 signal=Danger pics=GHS02 query=623-42-7
[OK] id=6634 cid=6976 signal=Warning pics=GHS07,GHS08,GHS09 query=89-60-1
[OK] id=6635 cid=7857 signal=Danger pics=GHS06,GHS08 query=107-16-4
[OK] id=6636 cid=7212 signal=Danger pics=GHS05,GHS07,GHS09 query=94-99-5
[OK] id=6637 cid=5801 signal=Danger pics=GHS07,GHS08,GHS09 query=95-55-6
[NOTFOUND] id=6638 query=68952-80-7
[OK] id=6639 cid=162839 signal=Danger pics=GHS05,GHS09 query=57754-85-5
[OK] id=6640 cid=62646 signal=Danger pics=GHS02,GHS05,GHS06,GHS07 query=7705-07-9
[OK] id=6641 cid=3085440 signal= pics= query=70950-45-7
[OK] id=6642 cid=7826 signal=Warning pics=GHS02,GHS07 query=106-73-0
[OK] id=6643 cid=10558 signal=Danger pics=GHS02,GHS07 query=513-44-0
[NOTFOUND] id=6644 query=64741-77-1
[OK] id=6645 cid=65582 signal=Danger pics=GHS05,GHS06,GHS07 query=1794-86-1
[OK] id=6646 cid=26633 signal=Warning pics=GHS07,GHS08,GHS09 query=14324-55-1
[OK] id=6648 cid=2537 signal=Danger pics=GHS02,GHS05,GHS06,GHS07,GHS08,GHS09 query=21368-68-3
[OK] id=6649 cid=8088 signal=Warning pics=GHS07 query=110-99-6
[OK] id=6650 cid=68504 signal=Warning pics=GHS07,GHS09 query=583-71-1
[OK] id=6651 cid=75818 signal=Danger pics=GHS05,GHS07 query=2627-86-3
[OK] id=6652 cid=5983 signal=Danger pics=GHS06,GHS08 query=57-47-6
[OK] id=6653 cid=7057995 signal=Danger pics=GHS06,GHS07,GHS09 query=15879-93-3
[OK] id=6654 cid=4763 signal=Danger pics=GHS06,GHS07,GHS08 query=50-06-6
[OK] id=6655 cid=11644 signal=Warning pics=GHS07 query=593-71-5
[OK] id=6656 cid=67326 signal=Danger pics=GHS05 query=140-75-0
[OK] id=6657 cid=8193 signal=Danger pics=GHS07,GHS08,GHS09 query=112-53-8
[OK] id=6658 cid=81514 signal=Danger pics=GHS02,GHS05,GHS07 query=7065-46-5
[OK] id=6659 cid=6366 signal=Danger pics=GHS02,GHS06,GHS07,GHS08 query=75-35-4
[OK] id=6660 cid=93118 signal= pics=GHS09 query=27955-94-8
[OK] id=6661 cid=9743 signal=Danger pics=GHS05,GHS06,GHS07 query=372-20-3
[OK] id=6663 cid=77311 signal=Danger pics=GHS05,GHS07,GHS08 query=3724-43-4
[OK] id=6664 cid=91753 signal=Warning pics=GHS09 query=95737-68-1
[OK] id=6665 cid=11995 signal=Warning pics=GHS07 query=615-43-0
[OK] id=6667 cid=19758 signal=Warning pics=GHS07 query=3878-45-3
[OK] id=6668 cid=11826859 signal=Warning pics=GHS08,GHS09 query=134605-64-4
[OK] id=6669 cid=8405 signal=Danger pics=GHS06,GHS07 query=119-65-3
[EMPTY] id=6671 cid=3034378 query=68505-69-1
[OK] id=6672 cid=7948 signal=Danger pics=GHS05,GHS06,GHS07,GHS08 query=108-68-9
[OK] id=6673 cid=153974 signal=Warning pics=GHS09 query=153233-91-1
[OK] id=6674 cid=12785 signal=Danger pics=GHS05,GHS07,GHS08,GHS09 query=700-13-0
[OK] id=6675 cid=19509 signal=Danger pics=GHS05,GHS07 query=3731-51-9
[EMPTY] id=6676 cid=90509 query=24448-94-0
[OK] id=6677 cid=79647 signal=Danger pics=GHS02,GHS05,GHS06,GHS07,GHS08 query=5509-65-9
[EMPTY] id=6678 cid=3017050 query=56824-22-7
[OK] id=6679 cid=74496 signal=Danger pics=GHS02 query=1772-43-6
[OK] id=6680 cid=90455 signal=Warning pics=GHS07,GHS08,GHS09 query=24304-00-5
[OK] id=6681 cid=342 signal=Danger pics=GHS05,GHS06,GHS07,GHS08 query=108-39-4
[NOTFOUND] id=6682 query=64742-62-7
[OK] id=6683 cid=73848 signal=Warning pics=GHS07,GHS08 query=1468-95-7
[OK] id=6684 cid=10788 signal=Danger pics=GHS07,GHS08,GHS09 query=533-74-4
[OK] id=6685 cid=11904 signal=Danger pics=GHS02,GHS07,GHS08,GHS09 query=611-15-4
[EMPTY] id=6686 cid=656678 query=5908-99-6
[OK] id=6687 cid=66072 signal=Danger pics=GHS05,GHS07 query=111-19-3
[OK] id=6688 cid=77703 signal=Danger pics=GHS06,GHS07,GHS08 query=4083-64-1
[OK] id=6689 cid=57451379 signal=Warning pics=GHS07 query=144026-79-9
[OK] id=6690 cid=18392 signal=Danger pics=GHS02,GHS05,GHS06,GHS07,GHS08,GHS09 query=3121-61-7
[OK] id=6691 cid=736366 signal=Danger pics=GHS06,GHS08 query=86-88-4
[OK] id=6692 cid=12087 signal=Warning pics=GHS07 query=619-65-8
[OK] id=6693 cid=13696 signal=Warning pics=GHS07 query=947-91-1
[OK] id=6695 cid=7609 signal=Danger pics=GHS05,GHS07 query=102-47-6
[OK] id=6696 cid=69146 signal=Warning pics=GHS07 query=611-94-9
[EMPTY] id=6697 cid=5960 query=56-84-8
[OK] id=6698 cid=14322 signal=Danger pics=GHS06,GHS07,GHS08,GHS09 query=1129-41-5
[OK] id=6700 cid=81349 signal=Warning pics=GHS07 query=6928-85-4
[OK] id=6701 cid=5392 signal=Danger pics=GHS06,GHS07,GHS08,GHS09 query=3383-96-8
[OK] id=6702 cid=7972 signal=Danger pics=GHS02,GHS05,GHS07 query=109-02-4
[OK] id=6703 cid=23664348 signal=Warning pics=GHS07 query=60096-23-3
[OK] id=6704 cid=70297 signal=Danger pics=GHS02,GHS03,GHS05,GHS07 query=937-14-4
[OK] id=6705 cid=6719 signal=Danger pics=GHS06,GHS07,GHS08,GHS09 query=82-66-6
[OK] id=6706 cid=7962 signal=Danger pics=GHS02,GHS07,GHS08,GHS09 query=108-87-2
[OK] id=6707 cid=69356 signal=Danger pics=GHS05,GHS07 query=624-75-9
[OK] id=6708 cid=24654 signal=Danger pics=GHS02,GHS05,GHS06,GHS07,GHS08,GHS09 query=7803-57-8
[OK] id=6709 cid=7519 signal=Warning pics=GHS02,GHS07 query=100-66-3
[OK] id=6710 cid=16180 signal=Danger pics=GHS05,GHS07,GHS09 query=2008-39-1
[EMPTY] id=6711 cid=11146 query=555-43-1
[OK] id=6713 cid=637794 signal=Danger pics=GHS05,GHS07,GHS08 query=2746-19-2
[OK] id=6714 cid=7952 signal=Danger pics=GHS02,GHS05,GHS07,GHS08 query=108-74-7
[OK] id=6715 cid=9246 signal=Danger pics=GHS02,GHS05,GHS06,GHS07,GHS08 query=286-20-4
[OK] id=6716 cid=15830 signal=Warning pics=GHS07 query=1863-63-4
[OK] id=6717 cid=123527 signal=Warning pics=GHS07 query=51437-00-4
[OK] id=6718 cid=3084143 signal=Warning pics=GHS07 query=13433-00-6
[OK] id=6719 cid=6721 signal=Danger pics=GHS01,GHS07 query=82-71-3
[OK] id=6720 cid=11026 signal=Danger pics=GHS02,GHS05,GHS07 query=546-68-9
[OK] id=6721 cid=11664966 signal=Warning pics=GHS07,GHS08,GHS09 query=141517-21-7
[EMPTY] id=6722 cid=8310 query=116-45-0
[OK] id=6723 cid=3082002 signal=Danger pics=GHS06,GHS08,GHS09 query=3535-84-0
[OK] id=6724 cid=2724682 signal=Danger pics=GHS02,GHS05 query=4111-54-0
[NOTFOUND] id=6725 query=1336-36-3
[OK] id=6727 cid=6517 signal=Danger pics=GHS02,GHS07,GHS08 query=78-10-4
[OK] id=6728 cid=8029 signal=Danger pics=GHS02,GHS06,GHS07,GHS08 query=110-00-9
[OK] id=6729 cid=440967 signal=Danger pics=GHS02,GHS07,GHS08,GHS09 query=18172-67-3
[OK] id=6730 cid=27982 signal=Danger pics=GHS05,GHS06,GHS07,GHS08,GHS09 query=16672-87-0
[OK] id=6731 cid=7280 signal=Danger pics=GHS06,GHS07,GHS08 query=96-12-8
[OK] id=6732 cid=10900 signal=Danger pics=GHS02,GHS07,GHS08,GHS09 query=540-59-0
[OK] id=6733 cid=8059 signal=Warning pics=GHS02,GHS07 query=110-56-5
[NOTFOUND] id=6734 query=1404-19-9
[OK] id=6735 cid=14505 signal=Danger pics=GHS06,GHS07 query=1192-62-7
[OK] id=6736 cid=6543 signal=Warning pics=GHS07 query=78-57-9
[OK] id=6737 cid=12200817 signal=Danger pics=GHS02,GHS05,GHS07,GHS08 query=6780-13-8
[OK] id=6738 cid=1730 signal=Danger pics=GHS06,GHS08,GHS09 query=59-85-8
[OK] id=6739 cid=39230 signal=Warning pics=GHS07,GHS09 query=42576-02-3
[OK] id=6740 cid=80650 signal=Warning pics=GHS02,GHS07 query=6342-56-9
[OK] id=6741 cid=12417 signal=Danger pics=GHS02,GHS07 query=630-19-3
[OK] id=6742 cid=13166 signal=Warning pics=GHS07,GHS09 query=818-72-4
[OK] id=6743 cid=54739 signal=Warning pics=GHS07,GHS09 query=81335-37-7
[OK] id=6744 cid=5325951 signal=Danger pics=GHS02,GHS05,GHS06,GHS07,GHS09 query=17430-98-7
[OK] id=6745 cid=12338 signal=Danger pics=GHS02 query=628-28-4
[OK] id=6746 cid=79304 signal=Danger pics=GHS06,GHS07,GHS09 query=5350-57-2
[OK] id=6747 cid=36603 signal=Warning pics=GHS07,GHS09 query=33813-20-6
[OK] id=6749 cid=12503 signal=Warning pics=GHS07 query=637-59-2
[EMPTY] id=6750 cid=10236 query=485-47-2
[OK] id=6751 cid=970 signal=Danger pics=GHS05,GHS07 query=328-42-7
[OK] id=6752 cid=6433489 signal=Warning pics=GHS07,GHS09 query=6805-41-0
[OK] id=6753 cid=1626 signal=Danger pics=GHS05,GHS06,GHS07 query=102-83-0
[OK] id=6754 cid=110757 signal=Warning pics=GHS07 query=6053-68-5
[EMPTY] id=6756 cid=11475 query=587-02-0
[OK] id=6757 cid=6433164 signal= pics= query=141-01-5
[OK] id=6758 cid=24497 signal=Warning pics=GHS07 query=7778-18-9
[NOTFOUND] id=6760 query=100684-04-6
[OK] id=6761 cid=7396 signal=Danger pics=GHS05 query=98-58-8
[NOTFOUND] id=6762 query=68527-18-4
[OK] id=6763 cid=23698421 signal=Danger pics=GHS05,GHS07,GHS09 query=6734-80-1
[OK] id=6764 cid=5327 signal=Warning pics=GHS07 query=57-68-1
[NOTFOUND] id=6766 query=68477-76-9
[OK] id=6767 cid=41385 signal=Warning pics=GHS07 query=55290-64-7
[OK] id=6768 cid=9554 signal=Danger pics=GHS05,GHS06,GHS07,GHS08 query=335-67-1
[OK] id=6769 cid=16239 signal=Danger pics=GHS02,GHS05,GHS06,GHS07 query=2028-63-9
[OK] id=6770 cid=12894 signal=Warning pics=GHS07 query=729-99-7
[OK] id=6771 cid=7247 signal=Danger pics=GHS02,GHS07,GHS08,GHS09 query=95-63-6
[OK] id=6772 cid=17435 signal=Danger pics=GHS06,GHS07,GHS08,GHS09 query=2597-03-7
[EMPTY] id=6773 cid=61475 query=10102-17-7
[OK] id=6775 cid=166797 signal=Danger pics=GHS06,GHS07,GHS09 query=13371-17-0
[OK] id=6776 cid=22172 signal=Danger pics=GHS02,GHS05,GHS07 query=5878-19-3
[OK] id=6778 cid=3034368 signal=Danger pics=GHS07,GHS08,GHS09 query=8018-01-7
[OK] id=6779 cid=20315 signal=Warning pics=GHS02,GHS07 query=4319-49-7
[OK] id=6780 cid=6093286 signal=Danger pics=GHS05,GHS06,GHS07,GHS08 query=17194-00-2
[OK] id=6781 cid=11529 signal=Warning pics=GHS02 query=590-01-2
[OK] id=6782 cid=47326 signal=Danger pics=GHS06,GHS07,GHS08,GHS09 query=64257-84-7
[NOTFOUND] id=6783 query=64741-76-0
[OK] id=6784 cid=7868 signal=Danger pics=GHS02,GHS07,GHS08,GHS09 query=107-39-1
[OK] id=6785 cid=8472 signal=Danger pics=GHS02,GHS05,GHS07,GHS08 query=121-45-9
[OK] id=6787 cid=8255 signal=Danger pics=GHS02,GHS04,GHS07 query=115-11-7
[OK] id=6788 cid=5318042 signal=Warning pics=GHS02,GHS07 query=928-95-0
[OK] id=6789 cid=16212360 signal=Danger pics=GHS06,GHS08,GHS09 query=62-74-8
[OK] id=6790 cid=10387 signal=Danger pics=GHS05,GHS06,GHS09 query=501-53-1
[OK] id=6791 cid=69364 signal=Danger pics=GHS05,GHS06,GHS07 query=625-36-5
[NOTFOUND] id=6792 query=68477-84-9
[OK] id=6793 cid=74372 signal=Danger pics=GHS05 query=1710-98-1
[NOTFOUND] id=6794 query=68919-00-6
[OK] id=6795 cid=79047 signal=Danger pics=GHS05,GHS07 query=563-76-8
[NOTFOUND] id=6796 query=68308-08-7
[EMPTY] id=6797 cid=8000 query=109-63-7
[OK] id=6798 cid=14487 signal=Danger pics=GHS02,GHS05 query=1191-15-7
[OK] id=6799 cid=12041 signal=Warning pics=GHS02 query=617-35-6
[NOTFOUND] id=6800 query=64742-86-5
[OK] id=6801 cid=12671 signal=Danger pics=GHS05,GHS06,GHS08 query=676-97-1
[OK] id=6802 cid=135666640 signal=Warning pics=GHS07 query=108624-00-6
[OK] id=6803 cid=78978 signal=Danger pics=GHS05 query=335-64-8
[OK] id=6804 cid=30479 signal=Danger pics=GHS06,GHS07,GHS08,GHS09 query=21087-64-9
[OK] id=6805 cid=7414 signal=Danger pics=GHS05,GHS07 query=98-91-9
[OK] id=6806 cid=69184 signal=Warning pics=GHS07 query=613-84-3
[OK] id=6807 cid=7523 signal=Warning pics=GHS02,GHS07 query=100-71-0
[OK] id=6808 cid=6805 signal=Warning pics=GHS07,GHS09 query=85-34-7
[OK] id=6810 cid=12004 signal=Danger pics=GHS06,GHS07 query=615-57-6
[OK] id=6811 cid=245296 signal=Danger pics=GHS05,GHS07 query=35420-95-2
[OK] id=6813 cid=20510156 signal=Danger pics=GHS07,GHS08,GHS09 query=74753-18-7
[NOTFOUND] id=6814 query=69430-40-6
[NOTFOUND] id=6815 query=97722-06-0
[OK] id=6816 cid=7295 signal=Danger pics=GHS02,GHS05,GHS06,GHS07,GHS08,GHS09 query=96-34-4
[OK] id=6817 cid=25135 signal=Danger pics=GHS04,GHS05,GHS06,GHS07,GHS08 query=10294-34-5
[OK] id=6819 cid=75809 signal=Danger pics=GHS05 query=2623-87-2
[OK] id=6820 cid=14773 signal=Danger pics=GHS03,GHS05,GHS07,GHS08 query=1304-29-6
[OK] id=6821 cid=11990 signal=Danger pics=GHS06,GHS07,GHS08,GHS09 query=615-28-1
[OK] id=6822 cid=5371578 signal=Danger pics=GHS06,GHS09 query=7700-17-6
[OK] id=6823 cid=2328 signal=Danger pics=GHS07,GHS08 query=25057-89-0
[OK] id=6825 cid=53627823 signal=Danger pics=GHS02,GHS05,GHS07,GHS08 query=109-72-8
[OK] id=6826 cid=24850 signal=Danger pics=GHS05,GHS07 query=10043-01-3
[OK] id=6827 cid=5889 signal=Danger pics=GHS08,GHS09 query=53-70-3
[OK] id=6828 cid=151929 signal=Danger pics=GHS05 query=14635-75-7
[OK] id=6829 cid=11750 signal=Warning pics=GHS07,GHS08 query=600-25-9
[OK] id=6830 cid=5362529 signal=Danger pics=GHS02,GHS05,GHS09 query=37199-66-9
[EMPTY] id=6831 cid=8204 query=112-65-2
[OK] id=6832 cid=15157 signal=Danger pics=GHS02,GHS05 query=1498-40-4
[OK] id=6833 cid=98496 signal=Danger pics=GHS05,GHS07,GHS08 query=3425-89-6
[OK] id=6834 cid=76590 signal=Danger pics=GHS02,GHS06,GHS07 query=3140-93-0
[OK] id=6835 cid=1493 signal=Danger pics=GHS01,GHS06,GHS07,GHS08,GHS09 query=51-28-5
[OK] id=6836 cid=7694 signal=Danger pics=GHS06,GHS07 query=104-13-2
[OK] id=6837 cid=15625 signal=Danger pics=GHS02,GHS06,GHS07,GHS08,GHS09 query=1746-01-6
[OK] id=6838 cid=19657 signal=Danger pics=GHS06,GHS08,GHS09 query=3811-49-2
[EMPTY] id=6839 cid=75044 query=2131-61-5
[OK] id=6840 cid=93247 signal=Danger pics=GHS05,GHS07,GHS08,GHS09 query=47073-92-7
[OK] id=6841 cid=10552 signal=Danger pics=GHS05,GHS07 query=513-31-5
[OK] id=6842 cid=7861 signal=Danger pics=GHS02,GHS04,GHS07 query=107-25-5
[OK] id=6843 cid=34007 signal=Danger pics=GHS05,GHS06,GHS07,GHS08,GHS09 query=27774-13-6
[NOTFOUND] id=6844 query=65996-89-6
[OK] id=6845 cid=135403646 signal=Warning pics=GHS07 query=134-58-7
[OK] id=6846 cid=15540 signal=Danger pics=GHS05,GHS07 query=1694-92-4
[OK] id=6847 cid=61789 signal=Danger pics=GHS01,GHS07,GHS08,GHS09 query=15245-44-0
[OK] id=6848 cid=7991 signal=Danger pics=GHS05,GHS06,GHS07 query=109-52-4
[OK] id=6849 cid=36719 signal=Danger pics=GHS05,GHS06,GHS07,GHS08 query=34202-69-2
[OK] id=6850 cid=3092 signal=Warning pics=GHS07 query=148-01-6
[OK] id=6851 cid=676454 signal=Danger pics=GHS06,GHS07 query=103-85-5
[OK] id=6852 cid=16259 signal=Danger pics=GHS05 query=2038-57-5
[OK] id=6853 cid=6349 signal=Danger pics=GHS02,GHS05 query=75-16-1
[OK] id=6854 cid=6451513 signal=Danger pics=GHS02,GHS05,GHS06,GHS07 query=3085-30-1
[OK] id=6855 cid=5641 signal=Danger pics=GHS07,GHS08 query=51-79-6
[OK] id=6856 cid=94502 signal=Danger pics=GHS05,GHS06,GHS07 query=40292-82-8
[OK] id=6857 cid=12197 signal=Warning pics=GHS02,GHS07 query=623-81-4
[OK] id=6858 cid=16757 signal=Warning pics=GHS07 query=2270-20-4
[OK] id=6859 cid=11254 signal=Danger pics=GHS02,GHS05,GHS06,GHS07,GHS08 query=1464-53-5
[EMPTY] id=6860 cid=11313 query=573-58-0
[EMPTY] id=6861 cid=73913 query=12640-54-9
[OK] id=6862 cid=7274 signal=Danger pics=GHS02,GHS06,GHS07,GHS08,GHS09 query=96-05-9
[NOTFOUND] id=6863 query=9016-87-9
[OK] id=6865 cid=12245 signal=Danger pics=GHS02,GHS07 query=625-29-6
[OK] id=6866 cid=136349 signal=Warning pics=GHS07 query=535-52-4
[OK] id=6867 cid=7242 signal=Danger pics=GHS06,GHS07,GHS08,GHS09 query=95-53-4
[NOTFOUND] id=6868 query=68477-65-6
[OK] id=6869 cid=60993 signal=Danger pics=GHS02,GHS05,GHS06,GHS07 query=100-36-7
[OK] id=6870 cid=13346 signal=Danger pics=GHS06 query=867-27-6
[OK] id=6871 cid=6365 signal=Danger pics=GHS02,GHS07,GHS08,GHS09 query=75-34-3
[OK] id=6872 cid=5372405 signal=Danger pics=GHS06,GHS07,GHS08,GHS09 query=31218-83-4
[OK] id=6873 cid=23667638 signal=Danger pics=GHS05,GHS07,GHS09 query=51580-86-0
[OK] id=6874 cid=23991 signal=Warning pics=GHS04 query=7440-63-3
[OK] id=6875 cid=31294 signal=Danger pics=GHS03,GHS05,GHS07 query=124-43-6
[OK] id=6876 cid=6978 signal=Danger pics=GHS06,GHS08,GHS09 query=89-62-3
[OK] id=6877 cid=74218 signal=Danger pics=GHS06,GHS08,GHS09 query=1635-61-6
[OK] id=6878 cid=68163 signal=Danger pics=GHS05,GHS06 query=505-66-8
[OK] id=6879 cid=521305 signal=Danger pics=GHS02,GHS05,GHS06,GHS07 query=50893-53-3
[EMPTY] id=6880 cid=165455 query=6386-39-6
[NOTFOUND] id=6881 query=68477-92-9
[OK] id=6882 cid=7341 signal=Danger pics=GHS05 query=97-61-0
[OK] id=6883 cid=91760 signal=Warning pics=GHS07,GHS08,GHS09 query=99105-77-8
[OK] id=6884 cid=69375 signal=Danger pics=GHS06,GHS07 query=626-22-2
[OK] id=6885 cid=27159 signal=Danger pics=GHS07,GHS08,GHS09 query=15263-53-3
[NOTFOUND] id=6886 query=101316-83-0
[NOTFOUND] id=6887 query=90989-41-6
[OK] id=6888 cid=18617 signal=Danger pics=GHS02,GHS06,GHS07,GHS08,GHS09 query=3252-43-5
[OK] id=6889 cid=2723923 signal=Warning pics=GHS07 query=540-69-2
[NOTFOUND] id=6890 query=64741-52-2
[NOTFOUND] id=6891 query=64741-45-3
[OK] id=6892 cid=39385 signal=Warning pics=GHS07,GHS09 query=43121-43-3
[OK] id=6894 cid=21412 signal=Danger pics=GHS06,GHS07 query=5332-06-9
[NOTFOUND] id=6895 query=92045-58-4
[OK] id=6896 cid=604152 signal=Danger pics=GHS05,GHS06,GHS07,GHS08,GHS09 query=2094-99-7
[OK] id=6897 cid=44072 signal=Danger pics=GHS05,GHS06,GHS07,GHS08,GHS09 query=62476-59-9
[OK] id=6898 cid=82574 signal=Warning pics=GHS07 query=10351-19-6
[OK] id=6899 cid=13569 signal=Warning pics=GHS02,GHS07 query=928-51-8
[OK] id=6900 cid=70671 signal=Danger pics=GHS05,GHS06,GHS07,GHS08,GHS09 query=1100-88-5
[OK] id=6901 cid=41632 signal= pics=GHS09 query=55814-41-0
[OK] id=6902 cid=10882 signal=Warning pics=GHS02 query=539-82-2
[OK] id=6903 cid=87103854 signal=Danger pics=GHS05,GHS06,GHS08 query=90076-65-6
[OK] id=6904 cid=253628 signal=Danger pics=GHS01,GHS07,GHS09 query=20062-22-0
[OK] id=6905 cid=7036 signal=Warning pics=GHS07 query=91-00-9
[OK] id=6906 cid=159684 signal=Danger pics=GHS05,GHS07,GHS09 query=13590-82-4
[OK] id=6908 cid=6922 signal=Danger pics=GHS02,GHS06,GHS07,GHS08,GHS09 query=88-17-5
[OK] id=6909 cid=39040 signal=Danger pics=GHS06,GHS07,GHS08,GHS09 query=41814-78-2
[NOTFOUND] id=6910 query=68477-71-4
[OK] id=6911 cid=79346 signal=Warning pics=GHS07 query=5390-04-5
[NOTFOUND] id=6912 query=90640-94-1
[OK] id=6913 cid=11040 signal=Warning pics=GHS02,GHS07 query=547-64-8
[OK] id=6914 cid=12901 signal=Danger pics=GHS06,GHS07,GHS08,GHS09 query=732-11-6
[EMPTY] id=6915 cid=12585494 query=753-98-0
[OK] id=6916 cid=7337 signal=Warning pics=GHS07,GHS08,GHS09 query=97-52-9
[OK] id=6917 cid=10784 signal=Warning pics=GHS07 query=533-58-4
[OK] id=6918 cid=5364752 signal=Danger pics=GHS02,GHS07 query=1576-87-0
[OK] id=6919 cid=93575 signal=Warning pics=GHS07 query=5394-18-3
[OK] id=6920 cid=82157 signal=Danger pics=GHS03,GHS05,GHS06 query=7782-78-7
[OK] id=6921 cid=7393 signal=Danger pics=GHS05,GHS07,GHS08,GHS09 query=98-54-4
[OK] id=6922 cid=86138 signal=Warning pics=GHS08,GHS09 query=114369-43-6
[EMPTY] id=6923 cid=118856554 query=113066-89-0
[OK] id=6924 cid=28935 signal=Danger pics=GHS06,GHS09 query=18181-70-9
[OK] id=6925 cid=11666 signal=Danger pics=GHS05,GHS06,GHS07,GHS08 query=594-42-3
[NOTFOUND] id=6926 query=90989-39-2
[OK] id=6927 cid=7288 signal=Danger pics=GHS02,GHS07,GHS08 query=96-22-0
[OK] id=6928 cid=91699 signal=Danger pics=GHS07,GHS08,GHS09 query=68694-11-1
[NOTFOUND] id=6929 query=97488-73-8
[EMPTY] id=6930 cid=169637 query=34788-82-4
[OK] id=6932 cid=10423 signal=Danger pics=GHS02,GHS07 query=503-30-0
[NOTFOUND] id=6933 query=65996-92-1
[OK] id=6934 cid=27666 signal= pics= query=16063-70-0
[OK] id=6935 cid=32490 signal=Warning pics=GHS07,GHS09 query=24579-73-5
[OK] id=6936 cid=69141 signal=Warning pics=GHS07 query=611-36-9
[OK] id=6937 cid=67709 signal=Warning pics=GHS07 query=353-83-3
[OK] id=6938 cid=11215 signal=Danger pics=GHS02,GHS07,GHS08,GHS09 query=560-21-4
[OK] id=6939 cid=1060 signal=Danger pics=GHS05 query=127-17-3
[NOTFOUND] id=6940 query=64741-82-8
[OK] id=6941 cid=612 signal=Danger pics=GHS05,GHS07 query=50-21-5
[OK] id=6942 cid=83791 signal=Danger pics=GHS05 query=13881-91-9
[OK] id=6943 cid=89040 signal= pics= query=21757-82-4
[NOTFOUND] id=6944 query=95371-07-6
[OK] id=6945 cid=14222 signal=Danger pics=GHS02,GHS05,GHS06,GHS07 query=1116-40-1
[OK] id=6946 cid=8072 signal=Danger pics=GHS05,GHS06,GHS07 query=110-73-6
[OK] id=6947 cid=6497 signal=Danger pics=GHS05,GHS06,GHS07,GHS08 query=77-78-1
[OK] id=6949 cid=61055 signal=Danger pics=GHS05,GHS07 query=123-00-2
[OK] id=6950 cid=164963 signal=Danger pics=GHS02,GHS07 query=2414-98-4
[OK] id=6951 cid=9907219 signal=Danger pics=GHS05,GHS06,GHS07,GHS08,GHS09 query=76-87-9
[OK] id=6952 cid=7559 signal=Warning pics= query=101-41-7
[EMPTY] id=6953 cid=267173 query=4732-14-3
[NOTFOUND] id=6954 query=1319-77-3
[NOTFOUND] id=6955 query=90640-86-1
[OK] id=6956 cid=10893 signal=Warning pics=GHS07 query=540-37-4
[OK] id=6957 cid=73415800 signal=Warning pics=GHS07 query=1344-95-2
[OK] id=6958 cid=3032572 signal=Warning pics=GHS07,GHS08,GHS09 query=9016-72-2
[EMPTY] id=6959 cid=23665647 query=865-47-4
[OK] id=6960 cid=11643 signal=Warning pics=GHS04,GHS07 query=593-70-4
[OK] id=6961 cid=445639 signal=Warning pics=GHS07 query=112-80-1
[OK] id=6962 cid=1001 signal=Danger pics=GHS05,GHS06,GHS07 query=64-04-0
[NOTFOUND] id=6963 query=94114-55-3
[OK] id=6964 cid=78023 signal=Danger pics=GHS06,GHS07 query=4327-84-8
[OK] id=6965 cid=11208 signal=Danger pics=GHS02,GHS05,GHS07,GHS08 query=558-30-5
[OK] id=6966 cid=4767 signal=Warning pics=GHS07,GHS09 query=26002-80-2
[NOTFOUND] id=6967 query=93572-35-1
[OK] id=6968 cid=8452 signal=Warning pics=GHS02,GHS07 query=120-92-3
[OK] id=6969 cid=135398634 signal=Warning pics=GHS07 query=73-40-5
[OK] id=6971 cid=6514 signal=Danger pics=GHS05,GHS06,GHS07,GHS08 query=107-96-0
[OK] id=6972 cid=12980 signal=Danger pics=GHS05,GHS07 query=762-42-5
[EMPTY] id=6973 cid=73981 query=1309-42-8
[OK] id=6974 cid=84098 signal=Warning pics=GHS08,GHS09 query=141112-29-0
[NOTFOUND] id=6975 query=68514-31-8
[OK] id=6976 cid=7352 signal=Warning pics=GHS02,GHS07,GHS09 query=97-86-9
[OK] id=6977 cid=75568 signal=Warning pics=GHS07 query=2458-12-0
[OK] id=6978 cid=22831540 signal=Danger pics=GHS02,GHS07,GHS08,GHS09 query=6876-12-6
[OK] id=6980 cid=16133893 signal=Warning pics=GHS07 query=50813-16-6
[OK] id=6981 cid=9414 signal=Danger pics=GHS06,GHS07,GHS09 query=315-18-4
[OK] id=6983 cid=8063 signal=Danger pics=GHS02,GHS05,GHS07 query=110-62-3
[OK] id=6984 cid=15380 signal=Warning pics=GHS02,GHS07 query=1618-26-4
[OK] id=6985 cid=127 signal=Warning pics=GHS07 query=156-38-7
[OK] id=6986 cid=61147 signal=Danger pics=GHS05 query=598-21-0
[OK] id=6987 cid=6259 signal=Danger pics=GHS05,GHS06,GHS07 query=70-11-1
[OK] id=6988 cid=14780 signal=Danger pics=GHS02,GHS05,GHS06,GHS07,GHS08,GHS09 query=1305-99-3
[OK] id=6989 cid=7560 signal=Warning pics=GHS07,GHS08,GHS09 query=101-42-8
[OK] id=6990 cid=6734 signal=Danger pics=GHS07,GHS08,GHS09 query=83-32-9
[OK] id=6991 cid=31201 signal=Danger pics=GHS06 query=122-15-6
[OK] id=6992 cid=6591 signal=Danger pics=GHS06,GHS07,GHS08,GHS09 query=79-34-5
[OK] id=6993 cid=9312 signal=Warning pics=GHS02 query=300-87-8
[EMPTY] id=6994 cid=6433 query=76-20-0
[OK] id=6995 cid=637977 signal=Danger pics=GHS02,GHS07,GHS08 query=285-67-6
[OK] id=6996 cid=13536 signal=Danger pics=GHS02,GHS07 query=922-67-8
[OK] id=6997 cid=107332 signal=Warning pics=GHS07 query=4755-81-1
[OK] id=6998 cid=66054 signal=Danger pics=GHS02,GHS05,GHS06,GHS07 query=108-12-3
[OK] id=6999 cid=16682740 signal=Danger pics=GHS05,GHS06,GHS07,GHS08,GHS09 query=1067-33-0
[OK] id=7000 cid=89394 signal=Warning pics=GHS07 query=20845-34-5
[OK] id=7001 cid=11413 signal=Danger pics=GHS05,GHS07,GHS08 query=583-52-8
[OK] id=7002 cid=13568 signal=Danger pics=GHS02,GHS07,GHS08 query=928-49-4
[EMPTY] id=7003 cid=36324 query=33089-61-1
[OK] id=7004 cid=9237 signal=Danger pics=GHS02,GHS05,GHS07,GHS08 query=280-57-9
[OK] id=7005 cid=19999 signal=Danger pics=GHS05 query=4075-81-4
[OK] id=7007 cid=6931238 signal=Warning pics=GHS07 query=29841-69-8
[OK] id=7008 cid=32802 signal=Danger pics=GHS05,GHS06,GHS07,GHS08 query=25134-21-8
[OK] id=7009 cid=24962 signal=Danger pics=GHS06,GHS07,GHS08,GHS09 query=10124-36-4
[EMPTY] id=7010 cid=6452932 query=540-25-0
[OK] id=7012 cid=9568069 signal=Danger pics=GHS06,GHS09 query=950-10-7
[OK] id=7013 cid=16211447 signal=Danger pics=GHS05,GHS06 query=16940-81-1
[OK] id=7014 cid=7683 signal=Warning pics=GHS07 query=103-88-8
[NOTFOUND] id=7015 query=9004-70-0
[OK] id=7017 cid=3939 signal=Danger pics=GHS05,GHS06,GHS07,GHS08 query=1310-65-2
[OK] id=7018 cid=442495 signal=Danger pics=GHS06,GHS07,GHS08 query=89-82-7
[OK] id=7019 cid=28936 signal=Warning pics=GHS07,GHS09 query=18181-80-1
[OK] id=7020 cid=12635 signal=Danger pics=GHS06,GHS07 query=670-54-2
[OK] id=7021 cid=7577 signal=Danger pics=GHS06,GHS07,GHS08,GHS09 query=101-77-9
[OK] id=7022 cid=23930 signal=Danger pics=GHS02,GHS07,GHS08,GHS09 query=7439-96-5
[OK] id=7023 cid=16002 signal=Warning pics=GHS07,GHS09 query=1929-73-3
[OK] id=7024 cid=13360 signal=Danger pics=GHS07,GHS08 query=868-77-9
[OK] id=7025 cid=8855 signal=Danger pics=GHS02,GHS05,GHS06,GHS07 query=141-75-3
[OK] id=7026 cid=2769539 signal= pics= query=6914-71-2
[OK] id=7027 cid=18771 signal=Danger pics=GHS05,GHS06,GHS07,GHS08,GHS09 query=3347-22-6
[OK] id=7028 cid=11966 signal=Danger pics=GHS02,GHS07,GHS08,GHS09 query=614-45-9
[NOTFOUND] id=7029 query=68477-72-5
[OK] id=7031 cid=19588 signal=Danger pics=GHS07,GHS08,GHS09 query=3766-81-2
[OK] id=7032 cid=39424 signal=Warning pics=GHS07,GHS09 query=43222-48-6
[OK] id=7033 cid=5759 signal=Warning pics=GHS07,GHS09 query=50-31-7
[OK] id=7034 cid=9738 signal=Danger pics=GHS06,GHS08 query=371-86-8
[OK] id=7035 cid=11954021 signal=Danger pics=GHS06,GHS07,GHS08,GHS09 query=57-74-9
[OK] id=7036 cid=8488 signal=Danger pics=GHS06,GHS08 query=121-72-2
[OK] id=7037 cid=7748 signal=Danger pics=GHS02,GHS05,GHS06 query=105-36-2
[OK] id=7038 cid=23667696 signal=Danger pics=GHS06,GHS08,GHS09 query=138-85-2
[EMPTY] id=7039 cid=15407 query=1633-05-2
[OK] id=7040 cid=11164 signal=Danger pics=GHS06,GHS07,GHS08 query=556-52-5
[OK] id=7041 cid=77877 signal=Warning pics=GHS02,GHS07 query=4206-67-1
[NOTFOUND] id=7042 query=68478-34-2
[NOTFOUND] id=7043 query=1330-78-5
[NOTFOUND] id=7045 query=68132-19-4
[OK] id=7046 cid=77210 signal=Danger pics=GHS05,GHS06,GHS07,GHS08 query=3647-69-6
[OK] id=7047 cid=4661 signal=Warning pics=GHS07 query=104-03-0
[EMPTY] id=7048 cid=10130093 query=22205-45-4
[OK] id=7049 cid=11726816 signal=Danger pics=GHS05 query=87749-50-6
[OK] id=7050 cid=23668195 signal=Danger pics=GHS03,GHS06,GHS07,GHS08 query=7789-38-0
[OK] id=7051 cid=8794 signal=Danger pics=GHS06,GHS07,GHS08 query=140-29-4
[EMPTY] id=7052 cid=6542 query=78-53-5
[OK] id=7053 cid=10482 signal=Danger pics=GHS05,GHS07 query=506-96-7
[OK] id=7055 cid=7894 signal=Danger pics=GHS02,GHS05,GHS07 query=107-85-7
[OK] id=7056 cid=9862 signal=Warning pics=GHS02,GHS07 query=110-93-0
[OK] id=7057 cid=81430 signal=Danger pics=GHS05,GHS07 query=16015-71-7
[OK] id=7058 cid=12968 signal=Warning pics=GHS07 query=759-94-4
[OK] id=7059 cid=17434 signal=Danger pics=GHS06,GHS07,GHS08,GHS09 query=2595-54-2
[OK] id=7060 cid=6413 signal=Danger pics=GHS02,GHS05,GHS06,GHS07 query=75-94-5
[OK] id=7061 cid=16215 signal=Danger pics=GHS05,GHS07,GHS09 query=112-20-9
[OK] id=7062 cid=5364448 signal=Danger pics=GHS02,GHS07,GHS08,GHS09 query=13389-42-9
[OK] id=7063 cid=20250 signal=Danger pics=GHS05,GHS06,GHS07,GHS09 query=4252-78-2
[OK] id=7064 cid=3026 signal=Danger pics=GHS07,GHS08,GHS09 query=84-74-2
[OK] id=7065 cid=7934 signal=Danger pics=GHS06,GHS07,GHS08,GHS09 query=108-44-1
[OK] id=7066 cid=14496 signal=Danger pics=GHS02 query=1191-95-3
[OK] id=7067 cid=3301396 signal=Danger pics=GHS05 query=10097-02-6
[NOTFOUND] id=7068 query=68952-82-9
[OK] id=7069 cid=9300 signal=Warning pics=GHS07,GHS08,GHS09 query=299-86-5
[OK] id=7070 cid=66221 signal=Warning pics=GHS02,GHS07 query=78-39-7
[OK] id=7071 cid=9776 signal=Warning pics=GHS02,GHS07 query=375-01-9
[NOTFOUND] id=7072 query=85116-61-6
[OK] id=7073 cid=3033859 signal=Danger pics=GHS02 query=7789-78-8
[OK] id=7074 cid=23673451 signal=Warning pics=GHS07 query=556-65-0
[OK] id=7075 cid=7773 signal=Danger pics=GHS02 query=105-74-8
[OK] id=7076 cid=9813164 signal=Danger pics=GHS02,GHS05,GHS07,GHS08 query=51913-38-3
[OK] id=7077 cid=6535 signal=Warning pics=GHS07,GHS08 query=78-40-0
[NOTFOUND] id=7078 query=16774-21-3
[OK] id=7079 cid=7969 signal=Danger pics=GHS02,GHS05,GHS06,GHS07,GHS08,GHS09 query=108-98-5
[OK] id=7080 cid=10481 signal=Danger pics=GHS03,GHS05,GHS07 query=506-93-4
[OK] id=7081 cid=23672329 signal=Warning pics=GHS07 query=21799-87-1
[OK] id=7082 cid=7912 signal=Danger pics=GHS02,GHS05,GHS06,GHS07,GHS08,GHS09 query=108-18-9
[OK] id=7083 cid=179 signal=Danger pics=GHS02,GHS05,GHS07 query=513-86-0
[NOTFOUND] id=7084 query=100683-99-6
[OK] id=7085 cid=22723557 signal=Danger pics=GHS05,GHS07,GHS09 query=10294-42-5
[NOTFOUND] id=7086 query=94114-56-4
[OK] id=7087 cid=6431 signal=Warning pics=GHS04 query=76-16-4
[OK] id=7088 cid=17259 signal=Warning pics=GHS07,GHS09 query=2499-95-8
[OK] id=7089 cid=3032581 signal=Danger pics=GHS02,GHS07,GHS08,GHS09 query=12427-38-2
[NOTFOUND] id=7090 query=9000-71-9
[OK] id=7091 cid=37175 signal=Danger pics=GHS05,GHS06,GHS07,GHS08,GHS09 query=35554-44-0
[EMPTY] id=7092 cid=133065662 query=61036-62-2
[OK] id=7093 cid=11615 signal=Danger pics=GHS06,GHS07,GHS08,GHS09 query=592-85-8
[NOTFOUND] id=7094 query=10124-56-8
[OK] id=7095 cid=69090 signal=Warning pics=GHS07,GHS09 query=607-81-8
[OK] id=7096 cid=12291 signal=Danger pics=GHS02,GHS05,GHS06,GHS07 query=626-67-5
[OK] id=7097 cid=90454 signal=Warning pics=GHS07 query=118-10-5
[OK] id=7098 cid=7031 signal=Danger pics=GHS05,GHS08 query=90-94-8
[OK] id=7099 cid=448537 signal=Danger pics=GHS07,GHS08,GHS09 query=56-53-1
[OK] id=7100 cid=81530 signal=Warning pics=GHS07 query=7085-85-0
[OK] id=7101 cid=15530 signal=Danger pics=GHS06,GHS07,GHS08,GHS09 query=1689-83-4
[OK] id=7102 cid=8376 signal=Danger pics=GHS01,GHS06,GHS07,GHS08,GHS09 query=118-96-7
[NOTFOUND] id=7103 query=121620-46-0
[NOTFOUND] id=7104 query=68131-49-7
[OK] id=7105 cid=76280 signal=Warning pics=GHS07 query=2947-61-7
[OK] id=7106 cid=11650986 signal=Danger pics=GHS05,GHS06,GHS07,GHS08,GHS09 query=155569-91-8
[OK] id=7107 cid=7673 signal=Danger pics=GHS05,GHS06,GHS07,GHS08,GHS09 query=103-72-0
[OK] id=7108 cid=24557 signal=Danger pics=GHS05,GHS06,GHS07,GHS08,GHS09 query=7783-70-2
[OK] id=7109 cid=12217 signal=Warning pics=GHS02 query=624-54-4
[EMPTY] id=7110 cid=136565 query=753-59-3
[OK] id=7111 cid=51605 signal=Warning pics=GHS08,GHS09 query=79127-80-3
[OK] id=7112 cid=12664 signal=Danger pics=GHS05,GHS06 query=675-14-9
[OK] id=7113 cid=31235 signal=Danger pics=GHS05,GHS06,GHS08,GHS09 query=122-98-5
[OK] id=7114 cid=5461123 signal=Danger pics=GHS02 query=7440-21-3
[OK] id=7115 cid=7301 signal=Danger pics=GHS02,GHS05,GHS07 query=96-47-9
[OK] id=7116 cid=6564 signal=Danger pics=GHS02,GHS06,GHS07,GHS08,GHS09 query=78-87-5
[OK] id=7117 cid=7430 signal=Danger pics=GHS06,GHS08,GHS09 query=99-30-9
[OK] id=7118 cid=2724611 signal=Danger pics=GHS05 query=20445-33-4
[OK] id=7119 cid=91735 signal=Warning pics=GHS07,GHS08,GHS09 query=83164-33-4
[OK] id=7120 cid=7734 signal=Danger pics=GHS02,GHS05,GHS07,GHS08,GHS09 query=105-05-5
[OK] id=7122 cid=7976 signal=Warning pics=GHS02,GHS07 query=109-08-0
[EMPTY] id=7123 cid=117844 query=26717-67-9
[OK] id=7124 cid=6163 signal=Danger pics=GHS05,GHS06,GHS07,GHS08 query=64-67-5
[OK] id=7125 cid=11562 signal=Danger pics=GHS06,GHS07,GHS08 query=591-19-5
[NOTFOUND] id=7126 query=1304-82-1
[NOTFOUND] id=7127 query=101631-20-3
[OK] id=7128 cid=6453580 signal=Warning pics=GHS07 query=2217-15-4
[OK] id=7129 cid=4610 signal=Danger pics=GHS05,GHS07 query=694-83-7
[OK] id=7130 cid=23673625 signal=Warning pics=GHS07 query=133167-77-8
[OK] id=7131 cid=24614 signal=Danger pics=GHS05,GHS07 query=7789-60-8
[NOTFOUND] id=7132 query=92062-29-8
[EMPTY] id=7134 cid=6433427 query=4936-47-4
[OK] id=7135 cid=75377 signal=Warning pics=GHS07 query=2357-47-3
[NOTFOUND] id=7136 query=101794-74-5
[OK] id=7137 cid=520948 signal=Danger pics=GHS05,GHS07 query=394-41-2
[OK] id=7138 cid=7515 signal=Danger pics=GHS06,GHS07,GHS08,GHS09 query=100-61-8
[OK] id=7139 cid=379 signal=Danger pics=GHS05,GHS06,GHS07 query=124-07-2
[OK] id=7140 cid=67872 signal=Warning pics=GHS02,GHS07 query=402-43-7
[OK] id=7141 cid=80264 signal=Warning pics=GHS07 query=6160-65-2
[OK] id=7142 cid=14855 signal=Danger pics=GHS05,GHS06,GHS07,GHS09 query=1570-64-5
[OK] id=7143 cid=16241 signal=Warning pics=GHS02 query=2031-67-6
[OK] id=7144 cid=85862 signal=Danger pics=GHS05,GHS07 query=15520-10-2
[NOTFOUND] id=7145 query=68478-00-2
[OK] id=7146 cid=6629 signal=Danger pics=GHS02,GHS05,GHS06,GHS07,GHS08,GHS09 query=80-15-9
[NOTFOUND] id=7147 query=1318-02-1
[OK] id=7148 cid=305544 signal=Danger pics=GHS06,GHS07 query=2487-01-6
[OK] id=7149 cid=83684 signal=Warning pics=GHS07 query=13718-50-8
[OK] id=7150 cid=31236 signal=Danger pics=GHS05,GHS07,GHS08 query=122-99-6
[OK] id=7151 cid=69849 signal=Danger pics=GHS02,GHS05,GHS07 query=768-32-1
[OK] id=7152 cid=101 signal=Warning pics=GHS07 query=100-83-4
[OK] id=7153 cid=8462 signal=Warning pics=GHS07 query=121-17-5
[EMPTY] id=7154 cid=33257 query=59682-52-9
[OK] id=7155 cid=17020 signal=Danger pics=GHS06,GHS07 query=2417-90-5
[OK] id=7156 cid=91757 signal=Warning pics=GHS08,GHS09 query=97886-45-8
[OK] id=7157 cid=33443 signal=Warning pics=GHS07,GHS09 query=26259-45-0
[OK] id=7158 cid=8800 signal=Warning pics=GHS07,GHS08,GHS09 query=150-68-5
[OK] id=7159 cid=597 signal=Warning pics=GHS07 query=71-30-7
[OK] id=7160 cid=11007 signal=Warning pics=GHS07,GHS09 query=544-77-4
[NOTFOUND] id=7161 query=68919-08-4
[OK] id=7162 cid=6436061 signal=Warning pics=GHS07 query=13411-16-0
[OK] id=7163 cid=11242 signal=Danger pics=GHS02,GHS05,GHS07 query=563-52-0
[OK] id=7164 cid=73670 signal=Warning pics=GHS07,GHS08,GHS09 query=74115-24-5
[NOTFOUND] id=7165 query=95-87-4
[OK] id=7166 cid=13381 signal=Danger pics=GHS02,GHS07,GHS08,GHS09 query=872-05-9
[OK] id=7167 cid=50590 signal=Danger pics=GHS06,GHS07,GHS09 query=69581-33-5
[OK] id=7168 cid=6377 signal=Danger pics=GHS02,GHS05,GHS06,GHS07,GHS08,GHS09 query=75-55-8
[OK] id=7169 cid=22044 signal=Warning pics=GHS07 query=5798-79-8
[OK] id=7170 cid=44073 signal=Danger pics=GHS05,GHS07,GHS09 query=50594-66-6
[OK] id=7171 cid=74918 signal=Danger pics=GHS05 query=2051-49-2
[OK] id=7172 cid=54960 signal=Danger pics=GHS07,GHS08,GHS09 query=83055-99-6
[OK] id=7173 cid=66545795 signal=Danger pics=GHS05 query=8006-28-8
[OK] id=7174 cid=11953887 signal= pics= query=11015-37-5
[OK] id=7175 cid=66289 signal=Danger pics=GHS05,GHS06,GHS07 query=10191-60-3
[OK] id=7176 cid=13838 signal=Danger pics=GHS02,GHS05,GHS06,GHS07,GHS08 query=999-97-3
[NOTFOUND] id=7177 query=100684-33-1
[OK] id=7178 cid=30709 signal=Danger pics=GHS06,GHS07,GHS08,GHS09 query=21609-90-5
[OK] id=7179 cid=24883 signal=Danger pics=GHS02,GHS06,GHS07,GHS08,GHS09 query=542-75-6
[OK] id=7180 cid=7512 signal=Danger pics=GHS05,GHS06,GHS08,GHS09 query=100-57-2
[EMPTY] id=7181 cid=65417 query=52316-55-9
[EMPTY] id=7182 cid=149204 query=74332-73-3
[NOTFOUND] id=7183 query=68308-12-3
[EMPTY] id=7184 cid=2724710 query=606-68-8
[OK] id=7186 cid=12018 signal=Danger pics=GHS05,GHS06,GHS07,GHS08 query=616-23-9
[OK] id=7188 cid=2723922 signal=Danger pics=GHS02,GHS05 query=141-52-6
[OK] id=7189 cid=11080 signal=Danger pics=GHS06,GHS07,GHS08 query=551-06-4
[OK] id=7190 cid=153296 signal=Danger pics=GHS05,GHS07,GHS08,GHS09 query=70987-78-9
[OK] id=7192 cid=197094 signal=Danger pics=GHS02 query=7704-98-5
[OK] id=7193 cid=12932 signal=Warning pics=GHS07,GHS09 query=741-58-2
[OK] id=7194 cid=19996 signal=Danger pics=GHS05,GHS06,GHS07,GHS08 query=4074-88-8
[OK] id=7195 cid=91724 signal=Warning pics=GHS07 query=74738-17-3
[OK] id=7196 cid=643833 signal=Danger pics=GHS02,GHS07,GHS08 query=156-59-2
[OK] id=7197 cid=9362 signal=Warning pics=GHS07 query=304-81-4
[OK] id=7198 cid=17358 signal=Warning pics=GHS04,GHS07 query=2551-62-4
[EMPTY] id=7199 cid=97030 query=89575-10-0
[OK] id=7200 cid=69834 signal=Danger pics=GHS06 query=766-05-2
[OK] id=7202 cid=31276 signal=Danger pics=GHS02,GHS07,GHS08 query=123-92-2
[OK] id=7203 cid=9256 signal=Danger pics=GHS02,GHS05,GHS07 query=288-47-1
[OK] id=7204 cid=16211478 signal=Danger pics=GHS03,GHS07 query=10277-43-7
[OK] id=7205 cid=119435 signal=Danger pics=GHS05,GHS07,GHS09 query=15165-67-0
[OK] id=7206 cid=12661 signal=Danger pics=GHS02,GHS05,GHS06,GHS07,GHS08 query=674-82-8
[OK] id=7207 cid=11139377 signal=Danger pics=GHS03,GHS07 query=52785-06-5
[OK] id=7208 cid=78351 signal=Danger pics=GHS02 query=4606-07-9
[NOTFOUND] id=7209 query=68131-73-7
[OK] id=7210 cid=67244 signal=Warning pics=GHS07 query=133-08-4
[EMPTY] id=7212 cid=9555555 query=26419-73-8
[OK] id=7213 cid=1390 signal=Danger pics=GHS05,GHS06,GHS07,GHS08 query=616-47-7
[EMPTY] id=7214 cid=15251598 query=15060-55-6
[OK] id=7215 cid=16249 signal=Warning pics=GHS07,GHS09 query=2033-24-1
[OK] id=7216 cid=22150757 signal=Danger pics=GHS03,GHS05,GHS06,GHS07,GHS08,GHS09 query=14977-61-8
[OK] id=7217 cid=71312650 signal=Warning pics=GHS07,GHS09 query=10101-91-4
[OK] id=7218 cid=47491 signal=Warning pics=GHS09 query=64902-72-3
[OK] id=7219 cid=12310 signal=Danger pics=GHS02,GHS07,GHS08 query=627-21-4
[EMPTY] id=7220 cid=516892 query=144-55-8
[OK] id=7221 cid=8221 signal=Warning pics=GHS07,GHS09 query=112-92-5
[OK] id=7222 cid=11369 signal=Warning pics=GHS07 query=579-66-8
[OK] id=7223 cid=91730 signal=Warning pics=GHS07 query=79510-48-8
[OK] id=7224 cid=6597 signal=Danger pics=GHS05,GHS06,GHS08,GHS09 query=79-43-6
[OK] id=7225 cid=15241 signal=Danger pics=GHS05,GHS07,GHS08 query=1544-68-9
[OK] id=7226 cid=13090915 signal=Danger pics=GHS06,GHS07,GHS08,GHS09 query=12607-70-4
[OK] id=7227 cid=3098422 signal=Warning pics=GHS07 query=18600-59-4
[OK] id=7228 cid=10808 signal=Warning pics=GHS07 query=535-15-9
[OK] id=7229 cid=9707 signal=Danger pics=GHS02,GHS05,GHS07 query=367-12-4
[OK] id=7230 cid=6460 signal=Danger pics=GHS06,GHS09 query=892-20-6
[OK] id=7231 cid=4109 signal=Danger pics=GHS06,GHS07,GHS08,GHS09 query=16752-77-5
[OK] id=7232 cid=38283 signal=Danger pics=GHS06,GHS07,GHS08,GHS09 query=39515-40-7
[OK] id=7233 cid=7757 signal=Warning pics=GHS07 query=105-45-3
[OK] id=7234 cid=75082 signal=Danger pics=GHS02,GHS05,GHS07 query=2155-94-4
[OK] id=7236 cid=8385 signal=Warning pics=GHS07,GHS08 query=119-27-7
[OK] id=7237 cid=5543 signal=Warning pics=GHS07,GHS08,GHS09 query=2303-17-5
[EMPTY] id=7238 cid=5273464 query=7780-06-5
[NOTFOUND] id=7239 query=17702-41-9
[NOTFOUND] id=7240 query=64742-30-9
[OK] id=7241 cid=15902 signal=Danger pics=GHS06,GHS07 query=1888-71-7
[OK] id=7242 cid=73963 signal=Danger pics=GHS08 query=1306-38-3
[OK] id=7243 cid=97814 signal=Warning pics=GHS07 query=40248-63-3
[OK] id=7244 cid=7261 signal=Danger pics=GHS06,GHS07,GHS08,GHS09 query=95-80-7
[OK] id=7245 cid=15411 signal=Warning pics=GHS07,GHS08 query=1633-83-6
[OK] id=7246 cid=10968 signal=Warning pics=GHS02,GHS07 query=542-90-5
[OK] id=7247 cid=557579 signal=Warning pics=GHS02,GHS09 query=42152-47-6
[OK] id=7248 cid=6093782 signal=Danger pics=GHS06,GHS07 query=14592-56-4
[OK] id=7249 cid=454 signal=Warning pics=GHS02,GHS07,GHS09 query=124-13-0
[NOTFOUND] id=7250 query=64741-64-6
[OK] id=7252 cid=24479 signal=Danger pics=GHS05,GHS07,GHS08,GHS09 query=7772-99-8
[OK] id=7253 cid=638122 signal=Danger pics=GHS05,GHS07 query=13991-37-2
[EMPTY] id=7254 cid=82300 query=10025-09-9
[OK] id=7255 cid=23675739 signal=Warning pics=GHS07 query=6397-02-0
[OK] id=7256 cid=91634 signal=Danger pics=GHS05,GHS06,GHS07,GHS09 query=41083-11-8
[OK] id=7257 cid=25429 signal=Danger pics=GHS07,GHS08,GHS09 query=10605-21-7
[OK] id=7258 cid=13367 signal=Danger pics=GHS02,GHS07 query=870-23-5
[OK] id=7259 cid=12371 signal=Warning pics=GHS02,GHS07 query=629-06-1
[OK] id=7260 cid=5897 signal=Danger pics=GHS07,GHS08 query=53-96-3
[OK] id=7261 cid=16248 signal=Danger pics=GHS06,GHS09 query=2032-65-7
[OK] id=7262 cid=15909 signal=Warning pics=GHS07 query=122-57-6
[OK] id=7263 cid=8631 signal=Warning pics=GHS07 query=133-91-5
[OK] id=7264 cid=66460 signal=Danger pics=GHS02,GHS05,GHS07 query=80-70-6
[OK] id=7265 cid=12020 signal=Warning pics=GHS02 query=616-25-1
[OK] id=7266 cid=24404 signal=Danger pics=GHS02,GHS04,GHS05,GHS06,GHS08,GHS09 query=7803-51-2
[EMPTY] id=7267 cid=88045 query=19408-46-9
[OK] id=7268 cid=8014 signal=Danger pics=GHS02,GHS05 query=109-81-9
[OK] id=7269 cid=5463804 signal=Warning pics=GHS07 query=97384-48-0
[OK] id=7270 cid=6425 signal=Danger pics=GHS02,GHS07 query=76-09-5
[OK] id=7271 cid=53518 signal=Warning pics=GHS07,GHS08,GHS09 query=76578-14-8
[OK] id=7272 cid=2724978 signal=Danger pics=GHS05,GHS06 query=22432-68-4
[NOTFOUND] id=7273 query=97926-70-0
[OK] id=7274 cid=15046 signal=Warning pics=GHS07 query=1444-64-0
[OK] id=7275 cid=8019 signal=Danger pics=GHS02,GHS06,GHS07,GHS08 query=109-86-4
[OK] id=7276 cid=91596 signal=Warning pics=GHS07,GHS09 query=30043-49-3
[OK] id=7277 cid=2723888 signal=Warning pics=GHS07 query=6169-06-8
[OK] id=7278 cid=73674 signal=Warning pics=GHS09 query=79277-27-3
[OK] id=7279 cid=24460 signal=Danger pics=GHS06,GHS07,GHS08,GHS09 query=7758-97-6
[OK] id=7280 cid=4965 signal=Danger pics=GHS05,GHS07 query=2632-13-5
[OK] id=7281 cid=7254 signal=Warning pics=GHS07,GHS08,GHS09 query=95-73-8
[OK] id=7282 cid=7044 signal=Danger pics=GHS02,GHS05,GHS06,GHS07,GHS08,GHS09 query=493-01-6
[OK] id=7283 cid=97249 signal=Danger pics=GHS05,GHS07 query=28188-41-2
[OK] id=7285 cid=8150 signal=Danger pics=GHS02,GHS07,GHS08 query=111-96-6
[OK] id=7286 cid=82408 signal=Danger pics=GHS05 query=10147-37-2
[OK] id=7287 cid=60202781 signal=Warning pics=GHS07,GHS08,GHS09 query=8003-34-7
[OK] id=7289 cid=7915 signal=Danger pics=GHS02,GHS07,GHS08 query=108-21-4
[OK] id=7290 cid=6474107 signal=Danger pics=GHS06 query=11024-24-1
[OK] id=7291 cid=11543 signal=Warning pics=GHS02,GHS07 query=590-36-3
[OK] id=7293 cid=20026 signal=Warning pics=GHS02,GHS07 query=4091-39-8
[OK] id=7294 cid=16551 signal=Danger pics=GHS07,GHS08,GHS09 query=2163-00-0
[OK] id=7296 cid=78109 signal=Warning pics=GHS07 query=4397-53-9
[NOTFOUND] id=7298 query=101316-56-7
[OK] id=7299 cid=12385 signal=Danger pics=GHS06 query=629-40-3
[OK] id=7300 cid=67932 signal=Danger pics=GHS05,GHS07 query=429-42-5
[OK] id=7301 cid=16811 signal=Warning pics=GHS07 query=2300-66-5
[OK] id=7302 cid=8064 signal=Warning pics=GHS07 query=110-63-4
[OK] id=7303 cid=17689 signal=Danger pics=GHS05,GHS06,GHS07 query=2758-06-7
[NOTFOUND] id=7304 query=68477-93-0
[NOTFOUND] id=7305 query=97926-78-8
[OK] id=7306 cid=24482 signal=Warning pics=GHS07,GHS09 query=7773-06-0
[OK] id=7307 cid=5271566 signal=Warning pics=GHS07 query=141-05-9
[OK] id=7308 cid=18555 signal=Danger pics=GHS06,GHS07,GHS08,GHS09 query=3209-22-1
[EMPTY] id=7309 cid=3563 query=59128-97-1
[OK] id=7310 cid=102312 signal=Warning pics=GHS07 query=2687-43-6
[OK] id=7311 cid=22206 signal=Warning pics=GHS07,GHS08,GHS09 query=5915-41-3
[OK] id=7312 cid=5463764 signal=Danger pics=GHS05,GHS06,GHS07 query=101513-70-6
[OK] id=7313 cid=88361 signal=Danger pics=GHS05 query=20082-71-7
[OK] id=7314 cid=11150163 signal=Danger pics=GHS05,GHS07 query=70630-17-0
[OK] id=7315 cid=227 signal=Danger pics=GHS05,GHS07 query=118-92-3
[OK] id=7316 cid=19192 signal=Danger pics=GHS05,GHS07,GHS08,GHS09 query=3599-58-4
[OK] id=7317 cid=6392 signal=Warning pics=GHS04,GHS07 query=75-72-9
[OK] id=7318 cid=8948 signal=Danger pics=GHS06,GHS09 query=124-58-3
[OK] id=7319 cid=23690892 signal=Danger pics=GHS05 query=92484-48-5
[OK] id=7320 cid=47898 signal=Warning pics=GHS09 query=66332-96-5
[OK] id=7321 cid=6636 signal=Warning pics=GHS07,GHS09 query=80-38-6
[NOTFOUND] id=7322 query=91995-50-5
[OK] id=7323 cid=14213 signal=Danger pics=GHS05,GHS07,GHS08 query=1113-38-8
[OK] id=7324 cid=134122 signal=Warning pics=GHS07,GHS09 query=82911-69-1
[NOTFOUND] id=7325 query=93821-66-0
[OK] id=7326 cid=15234 signal=Danger pics=GHS02,GHS05,GHS07 query=1538-75-6
[OK] id=7327 cid=16552 signal=Warning pics=GHS07 query=2163-48-6
[NOTFOUND] id=7328 query=8009-03-8
[OK] id=7329 cid=50980 signal=Danger pics=GHS02,GHS06,GHS07,GHS08,GHS09 query=70124-77-5
[OK] id=7330 cid=13035 signal=Danger pics=GHS02,GHS05,GHS06,GHS07 query=768-66-1
[OK] id=7331 cid=11614 signal=Danger pics=GHS02,GHS07 query=592-84-7
[OK] id=7332 cid=833466 signal=Warning pics=GHS07,GHS09 query=41481-66-7
[OK] id=7333 cid=40326 signal=Danger pics=GHS07,GHS08,GHS09 query=52645-53-1
[OK] id=7334 cid=24846 signal=Danger pics=GHS05,GHS07,GHS08,GHS09 query=10039-54-0
[OK] id=7335 cid=6537495 signal=Danger pics=GHS06,GHS07,GHS08,GHS09 query=5743-04-4
[OK] id=7337 cid=6398 signal=Danger pics=GHS02,GHS05,GHS06,GHS07,GHS08 query=75-78-5
[OK] id=7338 cid=7354 signal=Warning pics=GHS02,GHS07,GHS08 query=97-88-1
[OK] id=7339 cid=107915 signal=Danger pics=GHS05,GHS07,GHS08 query=29617-66-1
[OK] id=7340 cid=137636 signal=Warning pics=GHS02,GHS07 query=2550-36-9
[OK] id=7341 cid=103453 signal=Warning pics=GHS08 query=65756-41-4
[OK] id=7342 cid=8560 signal=Danger pics=GHS07,GHS08,GHS09 query=131-17-9
[OK] id=7343 cid=7376 signal=Danger pics=GHS05,GHS06,GHS07 query=98-17-9
[EMPTY] id=7344 cid=6809 query=85-41-6
[EMPTY] id=7345 cid=21496219 query=591-10-6
[OK] id=7346 cid=54680676 signal=Danger pics=GHS06,GHS07,GHS08,GHS09 query=56073-10-0
[OK] id=7347 cid=74826 signal=Danger pics=GHS05,GHS06,GHS08 query=2008-75-5
[OK] id=7348 cid=68194 signal=Warning pics=GHS07 query=515-59-3
[OK] id=7349 cid=607248 signal=Warning pics=GHS07 query=79456-26-1
[OK] id=7350 cid=8501 signal=Danger pics=GHS05,GHS07 query=122-01-0
[OK] id=7351 cid=67775 signal=Danger pics=GHS06,GHS07 query=367-30-6
[NOTFOUND] id=7352 query=68606-10-0
[OK] id=7353 cid=62322 signal=Danger pics=GHS02,GHS07,GHS09 query=78-62-6
[OK] id=7354 cid=12732 signal=Danger pics=GHS02,GHS07,GHS08 query=693-02-7
[OK] id=7355 cid=11073337 signal=Danger pics=GHS07,GHS08 query=1303-86-2
[OK] id=7356 cid=6919 signal=Warning pics=GHS07 query=88-14-2
[OK] id=7357 cid=20226 signal=Danger pics=GHS06,GHS07,GHS09 query=4234-79-1
[OK] id=7358 cid=136057453 signal=Danger pics=GHS08 query=85136-74-9
[EMPTY] id=7359 cid=6436379 query=12092-47-6
[EMPTY] id=7360 cid=8496 query=121-91-5
[OK] id=7361 cid=8375 signal=Warning pics=GHS07 query=118-93-4
[OK] id=7362 cid=53309 signal=Warning pics=GHS07,GHS09 query=75736-33-3
[OK] id=7363 cid=19494 signal=Danger pics=GHS05,GHS07 query=3721-95-7
[OK] id=7364 cid=11507 signal=Danger pics=GHS02,GHS07,GHS08,GHS09 query=589-34-4
[OK] id=7365 cid=24009 signal=Danger pics=GHS08,GHS09 query=7446-27-7
[NOTFOUND] id=7366 query=68478-03-5
[OK] id=7367 cid=76612 signal=Warning pics=GHS02,GHS07 query=3153-37-5
[OK] id=7368 cid=8722 signal=Danger pics=GHS05,GHS06,GHS07,GHS08,GHS09 query=137-30-4
[OK] id=7370 cid=27375 signal=Warning pics=GHS08,GHS09 query=15545-48-9
[OK] id=7371 cid=21277 signal=Danger pics=GHS07,GHS08 query=5216-25-1
[OK] id=7372 cid=79039 signal=Danger pics=GHS02,GHS05,GHS07 query=533-68-6
[OK] id=7373 cid=33256 signal=Warning pics=GHS07 query=25954-13-6
[OK] id=7374 cid=2724537 signal=Danger pics=GHS02,GHS05,GHS07,GHS09 query=13250-12-9
[OK] id=7375 cid=10008 signal=Danger pics=GHS02,GHS05,GHS07,GHS09 query=462-06-6
[OK] id=7376 cid=8033 signal=Danger pics=GHS02,GHS07,GHS08 query=110-05-4
[OK] id=7377 cid=16247 signal=Danger pics=GHS06,GHS09 query=2032-59-9
[OK] id=7378 cid=91702 signal=Danger pics=GHS06,GHS07,GHS08,GHS09 query=69770-45-2
[OK] id=7379 cid=18150 signal=Warning pics=GHS02,GHS07 query=3003-84-7
[OK] id=7380 cid=6635 signal=Warning pics=GHS07,GHS09 query=80-33-1
[OK] id=7381 cid=7858 signal=Danger pics=GHS02,GHS05,GHS06,GHS07,GHS08,GHS09 query=107-18-6
[OK] id=7382 cid=79873 signal=Danger pics=GHS05 query=5807-14-7
[OK] id=7383 cid=6559 signal=Danger pics=GHS02,GHS06,GHS07,GHS08 query=78-82-0
[OK] id=7384 cid=6920 signal=Danger pics=GHS06,GHS07 query=88-15-3
[OK] id=7385 cid=6655 signal=Danger pics=GHS05,GHS07 query=80-58-0
[NOTFOUND] id=7386 query=101316-59-0
[OK] id=7387 cid=7812 signal=Danger pics=GHS06,GHS07,GHS08,GHS09 query=106-47-8
[EMPTY] id=7390 cid=9816396 query=39262-22-1
[OK] id=7391 cid=80598 signal=Danger pics=GHS05,GHS06,GHS07 query=6320-02-1
[OK] id=7392 cid=7290 signal=Danger pics=GHS05,GHS06,GHS07,GHS08 query=96-24-2
[OK] id=7393 cid=8360 signal=Danger pics=GHS03,GHS05,GHS07,GHS08,GHS09 query=118-52-5
[OK] id=7394 cid=7153 signal=Danger pics=GHS05,GHS06,GHS07,GHS08,GHS09 query=93-65-2
[OK] id=7395 cid=15865313 signal=Danger pics=GHS03,GHS07,GHS08,GHS09 query=10196-18-6
[OK] id=7396 cid=1983 signal=Danger pics=GHS07,GHS08,GHS09 query=103-90-2
[OK] id=7397 cid=6367 signal=Danger pics=GHS02,GHS05,GHS07 query=75-36-5
[OK] id=7398 cid=11022444 signal=Danger pics=GHS01,GHS06,GHS07,GHS08,GHS09 query=628-86-4
[EMPTY] id=7399 cid=516951 query=7778-77-0
[OK] id=7400 cid=8679 signal=Warning pics=GHS07,GHS08,GHS09 query=135-88-6
[OK] id=7401 cid=9128 signal=Danger pics=GHS08,GHS09 query=192-97-2
[OK] id=7402 cid=17822 signal=Danger pics=GHS04,GHS07 query=2837-89-0
[OK] id=7403 cid=11473 signal=Danger pics=GHS06,GHS07 query=586-96-9
[OK] id=7404 cid=8222 signal=Danger pics=GHS08 query=112-95-8
[OK] id=7405 cid=62781 signal=Danger pics=GHS06,GHS07 query=24307-26-4
[OK] id=7407 cid=78130 signal=Warning pics=GHS02 query=4415-82-1
[OK] id=7408 cid=11206 signal=Danger pics=GHS02,GHS07,GHS09 query=558-17-8
[EMPTY] id=7410 cid=134717 query=16674-78-5
[EMPTY] id=7411 cid=15583 query=1715-40-8
[OK] id=7413 cid=70306 signal=Danger pics=GHS05,GHS07 query=937-64-4
[NOTFOUND] id=7414 query=85116-60-5
[OK] id=7415 cid=11582 signal=Danger pics=GHS02,GHS07,GHS08,GHS09 query=591-76-4
[OK] id=7416 cid=2734079 signal=Warning pics=GHS07 query=112245-13-3
[OK] id=7417 cid=1102 signal=Danger pics=GHS05 query=124-20-9
[OK] id=7418 cid=5336 signal=Danger pics=GHS06,GHS07,GHS08,GHS09 query=144-83-2
[NOTFOUND] id=7419 query=68475-58-1
[NOTFOUND] id=7420 query=101316-69-2
[OK] id=7421 cid=3120 signal=Danger pics=GHS07,GHS08,GHS09 query=330-54-1
[OK] id=7422 cid=73672 signal=Warning pics=GHS07,GHS08,GHS09 query=82558-50-7
[OK] id=7423 cid=10687 signal=Danger pics=GHS05,GHS06,GHS07,GHS08,GHS09 query=526-75-0
[OK] id=7424 cid=36879 signal=Danger pics=GHS02,GHS06,GHS07,GHS09 query=34681-10-2
[NOTFOUND] id=7425 query=101316-61-4
[OK] id=7426 cid=5460455 signal=Danger pics=GHS02,GHS05,GHS06,GHS07,GHS08 query=57044-25-4
[OK] id=7427 cid=44584500 signal=Danger pics=GHS06,GHS08 query=11005-63-3
[OK] id=7428 cid=17968 signal=Danger pics=GHS05,GHS06,GHS07,GHS08,GHS09 query=2909-38-8
[OK] id=7429 cid=3016472 signal=Danger pics=GHS05,GHS07,GHS08 query=25550-51-0
[OK] id=7430 cid=81560 signal=Danger pics=GHS05 query=7143-01-3
[OK] id=7431 cid=23673662 signal=Danger pics=GHS05 query=10034-88-5
[NOTFOUND] id=7432 query=68476-34-6
[OK] id=7433 cid=9732 signal=Danger pics=GHS05,GHS07 query=371-41-5
[OK] id=7434 cid=6278 signal=Danger pics=GHS02,GHS05,GHS07,GHS08,GHS09 query=71-55-6
[OK] id=7435 cid=70770 signal=Warning pics=GHS07 query=1126-09-6
[NOTFOUND] id=7436 query=9001-00-7
[OK] id=7437 cid=101744 signal=Warning pics=GHS07,GHS08 query=485-71-2
[OK] id=7438 cid=123216 signal=Danger pics=GHS02,GHS05 query=4419-47-0
[OK] id=7439 cid=82222 signal=Danger pics=GHS05,GHS07 query=7784-23-8
[OK] id=7440 cid=68510 signal=Warning pics=GHS07 query=585-48-8
[OK] id=7441 cid=5287573 signal=Danger pics=GHS02,GHS04,GHS07 query=590-18-1
[OK] id=7442 cid=8991 signal=Danger pics=GHS05,GHS07 query=148-53-8
[OK] id=7443 cid=159509 signal=Warning pics=GHS08,GHS09 query=130728-76-6
[OK] id=7444 cid=70498 signal=Danger pics=GHS05 query=1005-56-7
[OK] id=7445 cid=91121 signal=Warning pics=GHS07 query=24083-03-2
[NOTFOUND] id=7446 query=123
[NOTFOUND] id=19 query=Ribonuclease Inhibitor, Human Placenta
[NOTFOUND] id=20 query=AccuPower PCR PreMix (20 ?L) / Bioneer
[NOTFOUND] id=21 query=GF-1 Nucleic Acid Extraction Kit (Tissue)
[NOTFOUND] id=22 query=Taq DNA Polymerase
[EMPTY] id=23 cid=21257724 query=TAE Buffer 50X
[NOTFOUND] id=24 query=ViSafe Red (GelRed alternative)
[NOTFOUND] id=25 query=100 bp DNA Ladder
[NOTFOUND] id=68 query=Fit Tester kit
[NOTFOUND] id=69 query=Curegrace Liquid
[NOTFOUND] id=70 query=Curegrace Powder A3
[NOTFOUND] id=71 query=Paper disc Penicillin G
[NOTFOUND] id=72 query=Paper disc Tetracyclin
[NOTFOUND] id=73 query=Paper disc Neomycin
[NOTFOUND] id=74 query=Paper disc Streptomycin
[NOTFOUND] id=75 query=Sheep Blood Agar (plates)
[NOTFOUND] id=76 query=Concise™ Light Cured White Sealant
[NOTFOUND] id=77 query=Clinpro™Sealant
[NOTFOUND] id=80 query=วัสดุพิมพ์ปาก Polyether ชนิด Medium Body
[NOTFOUND] id=81 query=Endo Frost
[NOTFOUND] id=82 query=น้ำยาเคลือบฟัน ชนิดรวมแสงและเคมี
[NOTFOUND] id=83 query=วัสดุอุดฟัน ประเภทกลาสไดโซเมอร์ สี A3 เสริมด้วยเรซิน
[NOTFOUND] id=84 query=วัสดุอุดฟัน ประเภทกลาสไดโซเมอร์ สี A3
[NOTFOUND] id=85 query=วัสดุสีเหมือนฟัน สี B3B Z350 XT SYR APAC
[NOTFOUND] id=86 query=วัสดุสีเหมือนฟัน สี B1B Z350 XT SYR APAC
[NOTFOUND] id=87 query=วัสดุสีเหมือนฟัน สี A4B Z350 XT SYR APAC
[NOTFOUND] id=88 query=วัสดุสีเหมือนฟัน สี A3.5B Z350 XT SYR APAC
[NOTFOUND] id=89 query=วัสดุสีเหมือนฟัน สี A3B Z350 XT SYR APAC
[NOTFOUND] id=90 query=วัสดุสีเหมือนฟัน สี A2B Z350 XT SYR APAC
[NOTFOUND] id=91 query=วัสดุสีเหมือนฟัน สี A1B Z350 XT SYR APAC
[NOTFOUND] id=92 query=Goat anti human IgG (H+L),HRP conjugate
[NOTFOUND] id=93 query=Optibond FL Kit
[NOTFOUND] id=94 query=ยาชา 2%
[NOTFOUND] id=95 query=Erythrosin 6% Solution
[NOTFOUND] id=96 query=Putty Soft normal set
[NOTFOUND] id=97 query=Sealant refill
[NOTFOUND] id=99 query=น้ำยาวิเคราะห์ Glucose
[NOTFOUND] id=100 query=น้ำยาวิเคราะห์ Cholesterol Assay
[NOTFOUND] id=102 query=Bio Mount HM
[NOTFOUND] id=103 query=Bouin
[NOTFOUND] id=104 query=Light Bodied Permlastic
[NOTFOUND] id=105 query=V.P.S Tray Adhesive
[NOTFOUND] id=106 query=Etching gel
[NOTFOUND] id=107 query=fluorid Gel
[NOTFOUND] id=108 query=Profluorid Vamish
[NOTFOUND] id=109 query=Tabot
[NOTFOUND] id=110 query=VC100bp DNA Ladder (ready-to-use)
[NOTFOUND] id=111 query=10X Tris-Acetate-EDTA (TAE) Buffer, pH8.0
[NOTFOUND] id=112 query=Viva 2-step RT- PCR Kit
[NOTFOUND] id=113 query=Ribonuclease Inhibitor RNase-Free
[NOTFOUND] id=114 query=Acid Fast Stain Set
[NOTFOUND] id=115 query=Potato Dextrose Broth
[NOTFOUND] id=116 query=4 dNTP
[NOTFOUND] id=118 query=Prime Juice Preloading Fluorescent Stain
[NOTFOUND] id=119 query=Pseudomonas Isolation Agar Base
[NOTFOUND] id=120 query=Rubber Base Adhesive
[NOTFOUND] id=121 query=Temp Bond NE
[NOTFOUND] id=122 query=Dichloran Glycerol Medium Base
[NOTFOUND] id=123 query=Anaerocult™ A
[NOTFOUND] id=125 query=iTaq Universal SYBR Green Supermix
[NOTFOUND] id=126 query=QIAamp DNA Mini Kit (50)
[OK] id=127 cid=64689 signal=Danger pics=GHS08 query=Glucose Oxidase
[NOTFOUND] id=128 query=10 mM dNTP MIX
[NOTFOUND] id=129 query=LMW-SDS Marker Kit
[EMPTY] id=132 cid=16219923 query=Quercitrin hydrate
[NOTFOUND] id=133 query=Bradford Dye Reagent, ready to used
[NOTFOUND] id=134 query=น้ำยาล้างฟิล์ม(developer+fixer)
[NOTFOUND] id=135 query=membrane 150 GPD
[NOTFOUND] id=136 query=MIXED BED TYPE
[NOTFOUND] id=137 query=STANDARD CRM Coal prox medium
[NOTFOUND] id=138 query=Gelatin powder
[NOTFOUND] id=139 query=PBS tablets
[EMPTY] id=140 cid=176540074 query=Penicillin-Streptomycin
[NOTFOUND] id=141 query=RedSafe Nucleic Acid Staining Solution
[NOTFOUND] id=143 query=FETAL BOVINE SERUM ONE SHOT
[NOTFOUND] id=144 query=Alkaline Aminotraferase Humazym test kit
[NOTFOUND] id=145 query=Alkaline Phosphatase Humazym test kit
[NOTFOUND] id=146 query=GLUCOSE PAP
[NOTFOUND] id=147 query=HICROME CANDIDA DIFFERENTIAL AGAR
[NOTFOUND] id=148 query=CYSTINE TRYTIC AGAR
[NOTFOUND] id=149 query=EGG YOLK AGAR BASE
[NOTFOUND] id=150 query=OCNITHINE DECARBOXYLASE BROTH
[NOTFOUND] id=151 query=ESCOLIN FERMENTATION BROTH
[NOTFOUND] id=152 query=PYR Reagent
[NOTFOUND] id=153 query=PRY Broth
[OK] id=154 cid=87880 signal=Warning pics=GHS07 query=Optochin
[NOTFOUND] id=155 query=Bile Escolin Agar
[NOTFOUND] id=156 query=LITMUS MILK POWDER
[NOTFOUND] id=157 query=น้ำยาฆ่าเชื้อโรคเอนกประสงค์
[NOTFOUND] id=158 query=น้ำยาล้างเครื่องแก้ว
[NOTFOUND] id=159 query=แอลกอฮอล์ เจล
[NOTFOUND] id=160 query=plasmocin prophylactic
[NOTFOUND] id=161 query=C10 Acetobutyrate Capsules
[NOTFOUND] id=162 query=prestained SDS-PAGE standard broad range
[NOTFOUND] id=163 query=น้ำยาแอร์3
[NOTFOUND] id=164 query=น้ำยาแอร์2
[NOTFOUND] id=165 query=น้ำยาแอร์
[NOTFOUND] id=166 query=SULFITE STANDARD
[NOTFOUND] id=167 query=ชุดทดสอบหาคราบเลือดโดยอาศัยphenolphthaleinเป็นอินดิเคเตอร์
[NOTFOUND] id=168 query=ชุดทดสอบคราบเลือดเรืองแสงในที่มืดชนิดเม็ด
[NOTFOUND] id=169 query=SALLMONELLA OMG
[NOTFOUND] id=170 query=SALLMONELLA OMF
[NOTFOUND] id=171 query=SALLMONELLA OME
[NOTFOUND] id=172 query=SALLMONELLA OMD
[NOTFOUND] id=173 query=SALLMONELLA OMC
[NOTFOUND] id=174 query=SALLMONELLA OMB
[NOTFOUND] id=175 query=EA50
[OK] id=176 cid=967 signal=Warning pics=GHS07 query=OG6
[NOTFOUND] id=177 query=MURASHIGE SKOOG BASAL MEDIUM WITH VITAMIN
[NOTFOUND] id=178 query=สเปร์กำจัดเชื้อรา
[NOTFOUND] id=179 query=Selenium standard
[NOTFOUND] id=180 query=Barium standard
[NOTFOUND] id=181 query=CO2+H2+NITROGEN
[NOTFOUND] id=182 query=Nitrate standard for IC
[NOTFOUND] id=183 query=โลชั่นทาผิว
[NOTFOUND] id=184 query=น้ำยาปรับผ้านุ่ม
[NOTFOUND] id=185 query=ผงซักฟอกสำหรับเครื่องฝาบน
[NOTFOUND] id=186 query=สบู่เหลว
[NOTFOUND] id=187 query=แชมพู
[NOTFOUND] id=188 query=B. atrophaeus
[OK] id=189 cid=24840 signal=Danger pics=GHS03,GHS07 query=ANHYDRONE
[NOTFOUND] id=190 query=BENZOIC ACID STANDARD
[NOTFOUND] id=191 query=pH Storage solution
[NOTFOUND] id=193 query=ZYM B
[NOTFOUND] id=194 query=ZYM A
[NOTFOUND] id=195 query=API Staph
[NOTFOUND] id=196 query=ชุดทดสอบโพลาร์ในน้ำมันทอดซ้ำ
[NOTFOUND] id=197 query=SYNTHETIC OXY
[NOTFOUND] id=198 query=Trace Buffer Solution
[NOTFOUND] id=199 query=Trace Calibrate Solution
[NOTFOUND] id=200 query=Amino Acid Standard Solution Physiologic (Basics)
[NOTFOUND] id=201 query=Amino Acid Standard Solution Physiologic (Acidics and Neutrals)
[NOTFOUND] id=202 query=lactrose 1-hydrate
[NOTFOUND] id=203 query=Silver Conductive paint 503
[NOTFOUND] id=204 query=Hardener(สารเร่งแข็ง)
[NOTFOUND] id=205 query=Epoxy Resin(อีพ็อกซี่เรซิน)
[NOTFOUND] id=206 query=น้ำยาล้างฟิล์ม Developer
[NOTFOUND] id=207 query=น้ำยาล้างฟิล์ม Fixer
[NOTFOUND] id=209 query=น้ำมัน Hydraulic HVI100
[NOTFOUND] id=210 query=น้ำมัน Hydraulic HVI68
[NOTFOUND] id=211 query=น้ำมัน Hydraulic HVI46
[NOTFOUND] id=212 query=น้ำมัน Hydraulic HVI32
[NOTFOUND] id=213 query=Anti-Human serum
[NOTFOUND] id=214 query=Oligonucleotide Synthesis
[NOTFOUND] id=215 query=KKU-DCIP-Clear Reagent
[NOTFOUND] id=216 query=KKU OF Reagent kit
[NOTFOUND] id=217 query=GENEzol Reagent
[NOTFOUND] id=218 query=Black Powder
[NOTFOUND] id=219 query=Control Plasma N
[NOTFOUND] id=220 query=Dade Ci-Trol 2
[NOTFOUND] id=221 query=Calcium Chloride Solution
[NOTFOUND] id=222 query=Dade Actin FS Activated PTT Reagent
[NOTFOUND] id=223 query=Thromborel S
[NOTFOUND] id=224 query=ViSafe Red Gel Stain
[NOTFOUND] id=225 query=GCMS Tuning Standard PFTBA
[NOTFOUND] id=226 query=NitriVer 3 Nitrite Reagent
[NOTFOUND] id=227 query=กระดาษวัดความกระด้างของน้ำ
[NOTFOUND] id=228 query=ชุดทดสอบคลอรีนอิสระคงเหลือในน้ำ
[NOTFOUND] id=229 query=Casitose
[NOTFOUND] id=230 query=Silica Gel blue
[NOTFOUND] id=231 query=ORP Quinhydrone 263 mV Solution
[NOTFOUND] id=232 query=Yeast&Mold Count Plates
[NOTFOUND] id=233 query=Genbox Anaer 10 Sachets
[NOTFOUND] id=234 query=Xylene Reagent
[NOTFOUND] id=235 query=API 20 A
[NOTFOUND] id=236 query=API 20 E Reagents
[NOTFOUND] id=237 query=API 20 E (25 strips)
[NOTFOUND] id=238 query=Vacuum Fluid 45 platinum
[NOTFOUND] id=239 query=Diamond Nucleic Acid Dye
[NOTFOUND] id=242 query=GranuCult® Tryptic Soy agar
[NOTFOUND] id=243 query=Tin ICP-MS Standard
[NOTFOUND] id=245 query=Nitrification inhibitor
[NOTFOUND] id=246 query=Cat-Ion Resin
[NOTFOUND] id=247 query=Anion Resin
[NOTFOUND] id=248 query=Optimum result A ref filling solution
[NOTFOUND] id=249 query=Acid alcohol
[OK] id=250 cid=5748567 signal=Warning pics=GHS08 query=Carbol Fuchsin
[NOTFOUND] id=251 query=Mueller Hinton Broth
[NOTFOUND] id=252 query=Single Pass DNA Sequencing
[NOTFOUND] id=253 query=Betadine
[NOTFOUND] id=254 query=GoTaq Green Master Mix
[NOTFOUND] id=255 query=Arsenic ICP standard
[NOTFOUND] id=256 query=Folin & Ciocalteu′s phenol reagent
[NOTFOUND] id=257 query=น้ำยาทำความสะอาดเครื่องแก้ว
[NOTFOUND] id=258 query=FavorPrep™ GEL/PCR Purification Kit
[NOTFOUND] id=259 query=DOA-Alflatoxin ELISA Test Kit
[NOTFOUND] id=262 query=Bile Salts Mixture
[NOTFOUND] id=263 query=FavorPrep Plasmid DNA Extraction Mini Kit
[NOTFOUND] id=264 query=CSL-RUNSAFE
[NOTFOUND] id=265 query=DPD Free Chlorine Reagent
[NOTFOUND] id=266 query=NitraVer 3 Nitrite Reagent
[NOTFOUND] id=267 query=ชุดน้ำยาทดสอบเม็ดเลือด
[NOTFOUND] id=268 query=SensiFAST cDNA Synthesis Kit
[NOTFOUND] id=269 query=Manganese ICP standard
[NOTFOUND] id=271 query=Hydrogen balance Argon
[NOTFOUND] id=272 query=EHR Reagent
[NOTFOUND] id=273 query=BCP Reagent
[NOTFOUND] id=274 query=Vacuum Pump Oil
[NOTFOUND] id=275 query=Oil for Rotary Pump R2
[NOTFOUND] id=276 query=Oil for Rotary Pump SMR-100
[NOTFOUND] id=277 query=Buffer solution pH 9.21
[NOTFOUND] id=278 query=ชุดทดสอบยาฆ่าแมลง-สารพิษตกค้าง
[NOTFOUND] id=279 query=Compact Dry BC
[NOTFOUND] id=280 query=Oxygen balance Helium
[NOTFOUND] id=281 query=Carbondioxide balance Helium
[NOTFOUND] id=282 query=Kjeltabs Cu-3.5
[NOTFOUND] id=283 query=Gaspak
[NOTFOUND] id=284 query=Wijs' reagent
[NOTFOUND] id=286 query=Karl Fischer reagent
[NOTFOUND] id=293 query=Gamma-GT FS
[NOTFOUND] id=294 query=Mueller Hinton Agar
[NOTFOUND] id=298 query=Mercury ICP standard
[NOTFOUND] id=299 query=Asenic ICP standard
[NOTFOUND] id=300 query=Ultra Ninhydrin Kit 2L NC
[NOTFOUND] id=301 query=Acid Reagent Powder Pillows
[NOTFOUND] id=302 query=Molybdate Reagent Powder Pillows
[NOTFOUND] id=303 query=Manganese ICP-MS Standard
[NOTFOUND] id=304 query=Lead ICP-MS Standard
[NOTFOUND] id=305 query=Amberlite HPR 4200 CL
[NOTFOUND] id=306 query=Amberlite HPR 1200 H
[NOTFOUND] id=307 query=HinfI
[NOTFOUND] id=308 query=GF-1 Blood DNA Extraction Kit
[NOTFOUND] id=309 query=10X ViBuffer A
[NOTFOUND] id=310 query=HAP Purified
[NOTFOUND] id=311 query=Trizol Reagent
[NOTFOUND] id=312 query=Urea Broth Base
[NOTFOUND] id=313 query=Starch Agar
[NOTFOUND] id=314 query=Skim Milk Agar
[NOTFOUND] id=315 query=MR-VP Medium
[NOTFOUND] id=316 query=Lead acetate Agar
[NOTFOUND] id=317 query=EcoR I
[NOTFOUND] id=318 query=GF-1 Plant DNA Extraction Kit
[NOTFOUND] id=319 query=2X Taq Master Mix
[NOTFOUND] id=320 query=VC 100bp Plus DNA Ladder
[NOTFOUND] id=321 query=VC 1kb DNA Ladder
[NOTFOUND] id=322 query=Folin-Denis’ reagent
[NOTFOUND] id=325 query=Potassium chloride solution
[NOTFOUND] id=327 query=Hektoen Enteric Agar
[NOTFOUND] id=329 query=Anaerocult® A
[NOTFOUND] id=330 query=RQ1 RNase-Free Dnase
[NOTFOUND] id=331 query=ImProm-II™ Reverse Transcription System
[NOTFOUND] id=332 query=ChromaVer 3 Hexavalent Chromium Reagent
[NOTFOUND] id=333 query=Electrode Cleaning Solution
[NOTFOUND] id=334 query=Egg yolk tellurite emulsion
[NOTFOUND] id=335 query=Chloramphenicol test Discs
[NOTFOUND] id=336 query=Oxacillin test Discs
[NOTFOUND] id=337 query=Tetracycline test Discs
[NOTFOUND] id=338 query=Gentamicin test Discs
[NOTFOUND] id=339 query=Ofloxacin test Discs
[NOTFOUND] id=340 query=Cefoxitin test Discs
[NOTFOUND] id=341 query=Cefazolin test Discs
[NOTFOUND] id=342 query=Coagulase Plasma
[NOTFOUND] id=343 query=X-O Neutralizer
[NOTFOUND] id=344 query=น้ำมันไฟแช็ค
[NOTFOUND] id=345 query=น้ำยาลอกลาย
[NOTFOUND] id=346 query=MacConkey Agar Plate
[NOTFOUND] id=347 query=Chocolate II Agar Hb Plate
[NOTFOUND] id=348 query=Hugh Leifson Medium
[NOTFOUND] id=349 query=Rappaport Vassiliadis Medium
[NOTFOUND] id=350 query=TCBS Agar
[NOTFOUND] id=351 query=MYP Agar Base
[NOTFOUND] id=352 query=Accelerator Com-cat
[EMPTY] id=353 cid=23662413 query=Gram's iodine
[NOTFOUND] id=354 query=Decolorize, color strain
[NOTFOUND] id=355 query=Iodine, gram strain
[NOTFOUND] id=357 query=BactiDrop Oxidase
[NOTFOUND] id=358 query=GenomiPhi V2 DNA Amplification kit
[OK] id=359 cid=9859210 signal=Warning pics=GHS07 query=Anti-D
[NOTFOUND] id=360 query=Anti-B
[NOTFOUND] id=361 query=Anti-A
[NOTFOUND] id=362 query=CciNI
[NOTFOUND] id=363 query=EcoRI
[NOTFOUND] id=364 query=GBX Fixer and Replenisher
[NOTFOUND] id=365 query=GBX Developer and Replenisher
[NOTFOUND] id=366 query=Trace Elements in Drinking Water
[EMPTY] id=367 cid=168010186 query=T4 DNA Ligase
[NOTFOUND] id=368 query=Recombinant Protein G - Sepharose 4B
[NOTFOUND] id=369 query=GoTaq(R) Flexi DNA Polymerase
[OK] id=370 cid=2723 signal=Warning pics=GHS07 query=Dettol
[NOTFOUND] id=371 query=Amberlite IRN 160
[NOTFOUND] id=372 query=Gram’s stain set
[NOTFOUND] id=374 query=TLC Silica gel 60 F₂₅₄
[NOTFOUND] id=376 query=Goat anti-Mouse IgG (H+L) Cross-Adsorbed Secondary Antibody, Alexa Fluor 488
[NOTFOUND] id=377 query=Iron Standard Solution for ICP
[NOTFOUND] id=378 query=Environmental Standards for -4 Components
[NOTFOUND] id=380 query=Pfeiffer Vacuum P3 Oil
[NOTFOUND] id=381 query=สีผสมอาหาร
[NOTFOUND] id=382 query=pH electrode strong solution
[NOTFOUND] id=383 query=TISAB III Concentrate
[EMPTY] id=384 cid=28179 query=Fluoride standard
[NOTFOUND] id=385 query=EZS test Steam
[NOTFOUND] id=386 query=Dry Heat Indicator Label
[NOTFOUND] id=387 query=Bowie-Dick Test Sheet
[NOTFOUND] id=388 query=Lead ICP standard
[NOTFOUND] id=389 query=Swab-Samplers
[NOTFOUND] id=391 query=Malt extract agar(plate)
[NOTFOUND] id=392 query=Wright giemsa stains
[NOTFOUND] id=393 query=Phosver 3 phosphate reagent
[NOTFOUND] id=396 query=Glucose (GLUC-PAP)
[NOTFOUND] id=397 query=Copper ICP Standard
[NOTFOUND] id=398 query=FluoroDye™ DNA Fluorescent Loading Dye (Green, 6X)
[NOTFOUND] id=400 query=Anza™ 71 HinfI
[NOTFOUND] id=401 query=น้ำยาซักผ้าขาว
[NOTFOUND] id=402 query=Silicone Mold Release
[NOTFOUND] id=403 query=HiPer Plasmid DNA Cloning Teaching Kit
[NOTFOUND] id=404 query=Tryptone Type-II
[NOTFOUND] id=405 query=Ultra Ninhydrin Reagent Kit
[NOTFOUND] id=406 query=Genomic DNA Mini Kit(Blood/Cultured Cell)
[NOTFOUND] id=407 query=DreamTaq Green PCR Master Mix (2X)
[NOTFOUND] id=408 query=น้ำยาดับเพลิงชนิดผงเคมีแห้ง
[NOTFOUND] id=409 query=น้ำยาดับเพลิงชนิดก๊าซคาร์บอนไดออกไซด์
[NOTFOUND] id=410 query=Potassium chromate indicator solution
[NOTFOUND] id=411 query=Titration solution with SN 0.0282 N
[NOTFOUND] id=412 query=Zinc ICP standard
[NOTFOUND] id=413 query=Tin ICP standard
[NOTFOUND] id=415 query=VC DNA Ladder Mix (ready-to-use)
[NOTFOUND] id=416 query=TBE buffer (10X) powder
[NOTFOUND] id=418 query=Tryptone Type-I
[NOTFOUND] id=419 query=Vancomycin test Discs
[NOTFOUND] id=420 query=Penicillin-G test Discs
[NOTFOUND] id=421 query=Ampicillin test Discs
[NOTFOUND] id=422 query=Erythromycin test Discs
[NOTFOUND] id=423 query=Decon 90
[NOTFOUND] id=424 query=Polyclear Mix 30 Plus
[NOTFOUND] id=425 query=Mercury Calibration Standard
[NOTFOUND] id=426 query=Compact Dry X-BC
[NOTFOUND] id=427 query=Supelco 37 Component FAME Mix
[NOTFOUND] id=428 query=DNA primer
[NOTFOUND] id=429 query=BM Test HbA1c Calibrator
[NOTFOUND] id=430 query=BM Test HbA1c Control
[NOTFOUND] id=431 query=BM Test HbA1c Diluent
[NOTFOUND] id=432 query=Tryptic soy agar(Plates)
[NOTFOUND] id=433 query=Sodium Citrate Loading Buffer
[NOTFOUND] id=434 query=Lithium Loading Buffer
[NOTFOUND] id=435 query=Sodium Regeneration Buffer 6
[NOTFOUND] id=436 query=Sodium Oxidized Buffer 4
[NOTFOUND] id=437 query=Sodium Oxidized Buffer 3
[NOTFOUND] id=438 query=Sodium Hydro/Oxid Buffer 2
[NOTFOUND] id=439 query=Sodium Oxidized Buffer 1
[NOTFOUND] id=440 query=Lithium Buffer 5
[NOTFOUND] id=441 query=Lithium Buffer 4
[NOTFOUND] id=442 query=Lithium Buffer 2
[NOTFOUND] id=443 query=Lithium Buffer 1
[NOTFOUND] id=444 query=Lithium Regeneration Buffer 6
[NOTFOUND] id=445 query=Lithium Buffer 3
[NOTFOUND] id=446 query=Ultrosolve Plus
[NOTFOUND] id=447 query=Ultra Ninhydrin Solution
[NOTFOUND] id=448 query=Lactobacillus MRS Broth
[NOTFOUND] id=449 query=L-J Medium agar
[NOTFOUND] id=450 query=Sulfate Standard for IC
[NOTFOUND] id=451 query=Chloride Standard for IC
[NOTFOUND] id=452 query=Environmental Standards for ICP-OES
[NOTFOUND] id=453 query=Corn meal
[NOTFOUND] id=454 query=Aqua Pro Stabilizing Agent
[NOTFOUND] id=455 query=Buffered Peptone Water Broth ISO
[EMPTY] id=456 cid=156614093 query=Formocresol
[NOTFOUND] id=457 query=Endo clean
[NOTFOUND] id=458 query=Chlorinated Soda Solution 2.5%
[NOTFOUND] id=459 query=Facs Flow Sheath Fluid
[NOTFOUND] id=461 query=Cadmium Standard for ICP
[NOTFOUND] id=462 query=Thinner
[NOTFOUND] id=464 query=Heat Transfer Fluid
[NOTFOUND] id=465 query=422 Milk Cryoscope Calibration Standard
[NOTFOUND] id=466 query=621 Milk Cryoscope Calibration Standard
[NOTFOUND] id=467 query=Lactrol® 530 Reference Solution
[NOTFOUND] id=468 query=Spore Strips
[NOTFOUND] id=469 query=Lactated Ringer's Injection
[NOTFOUND] id=470 query=Cadmium Plasma Emission Standard(ICP-MS)
[NOTFOUND] id=471 query=Soya Peptone
[NOTFOUND] id=472 query=M-Endo Broth
[NOTFOUND] id=473 query=Starch indicator solution
[NOTFOUND] id=474 query=Gram Safranin
[NOTFOUND] id=475 query=Gram Decolorize
[NOTFOUND] id=476 query=Gram Iodine
[NOTFOUND] id=477 query=Gram Crystal Violet
[NOTFOUND] id=478 query=ชุดทดสอบกรดซาลิซิลิค (สารกันรา)
[NOTFOUND] id=479 query=ชุดทดสอบโซเดียมไฮโดรซัลไฟต์
[NOTFOUND] id=480 query=ชุดทดสอบบอร์แร็กซ์ในอาหาร(ผงกรอบ)
[NOTFOUND] id=481 query=ชุดทดสอบฟอร์มาลินในอาหาร
[NOTFOUND] id=482 query=ชุดทดสอบสารเร่งเนื้อแดง
[NOTFOUND] id=483 query=Lactobacilli MRS Agar
[NOTFOUND] id=485 query=Malt Yeast Agar
[NOTFOUND] id=486 query=Brilliant Green Bile Broth 2%
[NOTFOUND] id=487 query=ESI-L Low Concentration Tuning Mix
[NOTFOUND] id=488 query=AnaeroGen™ 2.5L
[NOTFOUND] id=489 query=Anti-Human IgG (whole molecule)
[NOTFOUND] id=490 query=IL-1 beta Human Uncoated ELISA Kit
[NOTFOUND] id=491 query=ผงเคมีดับเพลิง ABC
[NOTFOUND] id=492 query=ถังดับเพลิงคาร์บอนไดออกไซด์
[NOTFOUND] id=493 query=FluoroDye DNA Fluorescent Loading Dye (Green, 6X)
[NOTFOUND] id=495 query=Fish Protein Trace elements
[NOTFOUND] id=496 query=ICP-MS Internal Standard Mix
[NOTFOUND] id=498 query=EMB Agar, Levine
[NOTFOUND] id=499 query=Sodium chloride Solution Injection
[NOTFOUND] id=502 query=Sodium chloride Solution Irrigation
[NOTFOUND] id=503 query=Methane balance Argon
[NOTFOUND] id=504 query=Conductivity Standard solution
[NOTFOUND] id=505 query=Tokuso Curefast,Ivory
[NOTFOUND] id=506 query=Tokuso Curefast,Pink
[NOTFOUND] id=508 query=COD Digestion Vials, Low Range
[NOTFOUND] id=509 query=COD Digestion Vials, High Range
[NOTFOUND] id=511 query=Rogosa SL Agar
[NOTFOUND] id=514 query=Mitis Salivarius Agar
[NOTFOUND] id=515 query=Immobilon® Forte Western HRP Substrate
[NOTFOUND] id=517 query=Sodium silicate solution
[NOTFOUND] id=519 query=Xylose Lysine Deoxycholate Agar
[NOTFOUND] id=520 query=Bio peptone
[NOTFOUND] id=522 query=Tryptose broth
[NOTFOUND] id=523 query=Pesticide test kit in Residual level
[NOTFOUND] id=524 query=EZTest Biological Indicator
[NOTFOUND] id=525 query=1 kb DNA ladder
[NOTFOUND] id=526 query=Baird Parker Agar Base
[NOTFOUND] id=527 query=Columbia Sheep Blood  Agar Plate
[NOTFOUND] id=528 query=TSA  Sheep Blood  Agar
[NOTFOUND] id=529 query=Molecular Detection Assay 2 - Salmonella
[NOTFOUND] id=530 query=Salmonella OMA
[NOTFOUND] id=531 query=Salmonella O Polyvalent  A-I
[NOTFOUND] id=532 query=Salmonella Vi
[NOTFOUND] id=534 query=AFB Stain Set
[NOTFOUND] id=535 query=Instrument Disinfectant Solution
[NOTFOUND] id=536 query=Glass beads
[NOTFOUND] id=538 query=Calcium , standard for atomic absorption
[NOTFOUND] id=540 query=ปูนพลาสเตอร์
[NOTFOUND] id=541 query=ทัลคั่ม #37
[NOTFOUND] id=542 query=ตัวทำแข็งเรซิน
[NOTFOUND] id=543 query=โคบ้อลชนิดน้ำ 10 %
[NOTFOUND] id=544 query=โมโนสไตรีน
[NOTFOUND] id=545 query=เรซินหล่อทั่วไป PC-600
[NOTFOUND] id=546 query=Buffer Solution pH 10.01
[NOTFOUND] id=547 query=Tuning Solution for ICP-MS
[NOTFOUND] id=548 query=Mercury AA Standard
[NOTFOUND] id=549 query=Sulfide 2 Reagent
[NOTFOUND] id=550 query=Phenol 2 Reagent
[NOTFOUND] id=551 query=Ferrous Iron Reagent
[NOTFOUND] id=552 query=NitraVer 5 Reagent
[NOTFOUND] id=553 query=Phenol Reagent
[NOTFOUND] id=554 query=Buffer Citrate Type
[NOTFOUND] id=555 query=Sodium Periodate Powder Pillows for Manganese
[NOTFOUND] id=556 query=Acid Reagent
[NOTFOUND] id=557 query=Citric Acid Reagent
[NOTFOUND] id=558 query=SulfaVer 4
[NOTFOUND] id=559 query=CyaniVer 3 Reagent
[NOTFOUND] id=560 query=CyaniVer 4 Reagent
[NOTFOUND] id=561 query=CyaniVer 5 Reagent
[NOTFOUND] id=562 query=DPD  Total Chlorine
[NOTFOUND] id=563 query=Sulfide 1 Reagent
[NOTFOUND] id=564 query=LD medium
[NOTFOUND] id=565 query=น้ำยาตรวจเชื้อโคลิฟอร์มแบคทีเรียขั้นต้น
[NOTFOUND] id=566 query=น้ำยาตรวจเชื้อโคลิฟอร์มแบคทีเรียขั้นต้นในน้ำและน้ำแข็ง
[NOTFOUND] id=567 query=Electrode Cleaning (EC)
[NOTFOUND] id=568 query=DEPC-Treated water
[NOTFOUND] id=569 query=Tryptic Soy Agar
[NOTFOUND] id=570 query=Urea agar (base)
[NOTFOUND] id=571 query=Buffer pH 10.00
[NOTFOUND] id=572 query=Buffer Solution pH 4.01
[NOTFOUND] id=573 query=Salmonella O Group B
[NOTFOUND] id=574 query=Super+ Germiphene
[NOTFOUND] id=575 query=Lactobacillus MRS Agar
[NOTFOUND] id=577 query=Test kit for Nitrate in Water
[NOTFOUND] id=578 query=Test kit for Phosphate in Water
[NOTFOUND] id=579 query=ชุดตรวจสอบดิน NPK,pH
[NOTFOUND] id=580 query=Matrix Control
[NOTFOUND] id=581 query=Tryptic Soy Broth
[NOTFOUND] id=582 query=KOVACS' indole reagent
[NOTFOUND] id=583 query=Nitrate Broth
[NOTFOUND] id=584 query=Folin-Ciocalteu's reagent
[NOTFOUND] id=587 query=Staph Express Count Plates
[NOTFOUND] id=588 query=Peptone water
[NOTFOUND] id=589 query=Triple Sugar Iron Agar
[NOTFOUND] id=590 query=Cetrimide agar
[NOTFOUND] id=591 query=EC Medium with MUG
[EMPTY] id=592 cid=15991545 query=MRS
[NOTFOUND] id=595 query=PSEUDOMONAS AGAR BASE
[NOTFOUND] id=596 query=LEGIONELLA CYE AGAR BASE
[NOTFOUND] id=597 query=Demi-Fraser Broth Base
[NOTFOUND] id=598 query=Deoxycholate Citrate Agar
[NOTFOUND] id=599 query=OF Basal Medium
[NOTFOUND] id=600 query=D Mannitol
[NOTFOUND] id=601 query=Buffered Peptone Water Broth
[NOTFOUND] id=604 query=Wright Stain solution
[NOTFOUND] id=605 query=Conductive Carbon paint
[NOTFOUND] id=607 query=Egg yolk emulsion sterile
[NOTFOUND] id=609 query=MKTTn broth
[NOTFOUND] id=610 query=RNase A Solution
[NOTFOUND] id=611 query=Colilert
[NOTFOUND] id=612 query=Aerobic Count Plates
[NOTFOUND] id=613 query=Salmonella Enrichment Supplement
[NOTFOUND] id=614 query=Salmonella Express Confirmation Disk
[NOTFOUND] id=615 query=Salmonella Express Plate
[NOTFOUND] id=616 query=Aqua Heterotrophic Count (AQAC) Plates
[NOTFOUND] id=617 query=Rapid Yeast and Mold Count Plates
[NOTFOUND] id=618 query=Rapid Aerobic Count Plates
[NOTFOUND] id=619 query=E.coli/Coliform Count Plates
[NOTFOUND] id=620 query=DPX Mountant for histology
[NOTFOUND] id=621 query=Buffer pH 4.00
[NOTFOUND] id=622 query=Potassium Standard solution
[NOTFOUND] id=623 query=Magnesium Standard solution
[NOTFOUND] id=624 query=Manganese Standard solution
[NOTFOUND] id=625 query=Chromium Standard solution
[NOTFOUND] id=626 query=Cadmium standard solution for AAS
[NOTFOUND] id=627 query=Silver Standard solution
[NOTFOUND] id=628 query=Silicon Standard solution
[NOTFOUND] id=629 query=Sodium Standard solution
[NOTFOUND] id=630 query=Aluminium Standard solution
[NOTFOUND] id=631 query=Lead Standard solution
[NOTFOUND] id=632 query=Copper standard solution
[NOTFOUND] id=633 query=Zinc Standard solution
[NOTFOUND] id=634 query=Calcium Standard solution
[NOTFOUND] id=635 query=Iron Standard solution for AAS
[NOTFOUND] id=646 query=RNase Away
[NOTFOUND] id=647 query=DNA Away
[NOTFOUND] id=648 query=Poly-A-Control Dilution Buffer
[NOTFOUND] id=649 query=Sequencing Grade Modified Trypsin
[NOTFOUND] id=650 query=iProof High-Fidelity DNA Polymerase (for PCR T100)
[NOTFOUND] id=651 query=Hunter Salmonella Enteritidis (Quallitative platform) : specific genetic sequence  RT-PCR
[NOTFOUND] id=652 query=Light Cycler 480 High Resolution Melting Master Version 06
[NOTFOUND] id=653 query=Light Cycler 480 SYBR Green 1 Master Version 12
[NOTFOUND] id=654 query=Light Cycler Taq DNA Polymerase, dNTPack version 05
[NOTFOUND] id=656 query=One PCR plus
[NOTFOUND] id=657 query=Experion RNA Ladder
[NOTFOUND] id=658 query=Experion DNA 1K Ladder
[NOTFOUND] id=659 query=Experion Pro260 Ladder
[NOTFOUND] id=660 query=GeneChip HUGene 2.0 ST Array Format 100
[NOTFOUND] id=661 query=WT Amplification Kit Module2
[NOTFOUND] id=662 query=GeneChip Hybridization, wash & stain kit (stain module)
[NOTFOUND] id=663 query=Experion RNA StdSens Reagent and Supplies for 10 chips
[NOTFOUND] id=664 query=MagNa Pure Lysis buffer
[NOTFOUND] id=665 query=MagNa Pure Compact Nuclei acid Isolation Kit I
[NOTFOUND] id=666 query=Immersion oil
[NOTFOUND] id=669 query=Gram's safranine solution
[NOTFOUND] id=670 query=Lugol's solution
[NOTFOUND] id=671 query=Gram-Color (Decolorizing solution reagent 4)
[NOTFOUND] id=672 query=Gram-Color (Decolorizing solution reagent 3)
[NOTFOUND] id=673 query=Gram's crystal violet solution
[NOTFOUND] id=674 query=Rappaport vassiliadis Enrichment broth
[NOTFOUND] id=675 query=YM broth
[NOTFOUND] id=676 query=XLD agar
[NOTFOUND] id=677 query=VRB agar
[NOTFOUND] id=678 query=Violet red bile agar
[NOTFOUND] id=679 query=Tryptose sulfite cycloserine agar
[NOTFOUND] id=680 query=Tryptose Phosphate broth
[NOTFOUND] id=681 query=Tryptone Water
[NOTFOUND] id=682 query=Tryptone Glucose Extract agar
[NOTFOUND] id=683 query=Thioglycollate broth
[NOTFOUND] id=684 query=Tetrathionate broth Base
[NOTFOUND] id=685 query=T.C.B.S. cholera medium
[NOTFOUND] id=686 query=SPS agar
[NOTFOUND] id=687 query=SMAC agar base
[NOTFOUND] id=688 query=SIMMONS citrate agar
[NOTFOUND] id=689 query=SIM Medium
[NOTFOUND] id=690 query=SFP agar Base
[NOTFOUND] id=691 query=Selenite Cystine broth
[NOTFOUND] id=692 query=Salmonella Enrichment Base
[NOTFOUND] id=693 query=Sabouraud Dextrose agar
[NOTFOUND] id=694 query=S.I.M. medium
[NOTFOUND] id=695 query=RVS Broth
[NOTFOUND] id=696 query=R2A agar
[NOTFOUND] id=697 query=Purple broth Base
[NOTFOUND] id=698 query=Pseudomonas agar
[NOTFOUND] id=699 query=Potato dextrose agar
[NOTFOUND] id=700 query=Plate Count agar
[NOTFOUND] id=701 query=Phenylalanine agar
[NOTFOUND] id=702 query=Phenol Red broth Base
[NOTFOUND] id=703 query=Nutrient broth
[NOTFOUND] id=704 query=Nutrient agar
[NOTFOUND] id=705 query=MYP  Agar
[NOTFOUND] id=706 query=MSRV medium
[NOTFOUND] id=707 query=MR-VP broth
[NOTFOUND] id=708 query=MIL medium
[NOTFOUND] id=709 query=m-HPC agar
[NOTFOUND] id=710 query=M-FC Broth Base
[NOTFOUND] id=711 query=Mannitol salt phenol-red agar
[NOTFOUND] id=712 query=Mannitol salt agar
[NOTFOUND] id=713 query=Malt extract agar
[NOTFOUND] id=714 query=Malonate broth
[NOTFOUND] id=715 query=MacConkey agar
[NOTFOUND] id=716 query=M.R.V.P. medium
[NOTFOUND] id=717 query=m Enterococcus agar
[NOTFOUND] id=718 query=m Endo Agar LES
[NOTFOUND] id=719 query=Lysine Iron agar
[NOTFOUND] id=720 query=Listeria selective agar base
[NOTFOUND] id=721 query=Listeria Enrichment broth base
[NOTFOUND] id=722 query=Lauryl Tryptose broth With MUG
[NOTFOUND] id=723 query=Lauryl sulfate broth
[NOTFOUND] id=724 query=Lactose peptone broth
[NOTFOUND] id=725 query=Lactose broth
[NOTFOUND] id=726 query=Lactophenol Cotton Blue
[NOTFOUND] id=727 query=Koser citrate medium
[NOTFOUND] id=728 query=KF streptococcus agar (base)
[NOTFOUND] id=729 query=Hekoen enteric agar
[NOTFOUND] id=730 query=GN Broth
[NOTFOUND] id=731 query=GIOLITTI-CANTONI broth
[NOTFOUND] id=732 query=Fluid Thioglycollate medium
[NOTFOUND] id=733 query=Eosin Methylene Blue agar (Levine)
[NOTFOUND] id=734 query=EC Medium
[NOTFOUND] id=735 query=EC Broth with MUG
[NOTFOUND] id=736 query=EC broth
[NOTFOUND] id=737 query=DRBC agar Base
[NOTFOUND] id=738 query=DNase Test agar Base
[NOTFOUND] id=739 query=Dichloram Glycrerol (DG 18) agar
[NOTFOUND] id=740 query=Dextrose Tryptone agar
[NOTFOUND] id=741 query=Czapek Dox agar
[NOTFOUND] id=742 query=Cooked Meat Medium
[NOTFOUND] id=743 query=Coliform agar
[NOTFOUND] id=744 query=Buffered Peptone Water
[NOTFOUND] id=745 query=Brilliant-green bile lactose broth
[NOTFOUND] id=746 query=Brain Heart Infusion agar
[NOTFOUND] id=747 query=Brain heart broth
[NOTFOUND] id=748 query=Bismuth sulfite agar
[NOTFOUND] id=749 query=Bile salt mixture
[NOTFOUND] id=750 query=BAIRD-PARKER agar
[NOTFOUND] id=751 query=Azide dextrose broth
[NOTFOUND] id=761 query=Skimmed milk
[NOTFOUND] id=763 query=Antifoam A
[NOTFOUND] id=764 query=4M KCl
[NOTFOUND] id=765 query=Electrolyte solution KCCL 3 mol/l
[NOTFOUND] id=766 query=Solution KCL 3 mol/l
[NOTFOUND] id=767 query=Buffer solution pH11.00+-0.05 ( 20 C )
[NOTFOUND] id=768 query=Buffer solution pH9.00+-0.02 ( 20 C )
[NOTFOUND] id=769 query=Buffer pH 7.00
=== DONE total=5412 ok=3667 skip=0 nofound=1745 err=0 time=590m 40s ===
