=== SDS Log 2026-06-01 23:27:27 mode=all ===
[OK] 79200-56-9 | (-)-2-Azabicyclo[2.2.1]hept-5-en-3-one | files=1 | ChemBlink/Alfa-Aesar
[OK] 5892-11-5 | (-)-Brucine dihydrate | files=1 | ChemBlink/Alfa-Aesar
[OK] 39637-74-6 | (-)-Camphanic acid chloride | files=1 | ChemBlink/Alfa-Aesar
[OK] 51-42-3 | (-)-Epinephrine (+) Bitartrate | files=1 | ChemBlink/Sigma-Aldrich
[OK] 55380-59-1 | (-)-N,N-Dimethylephedrinium bromide | files=1 | Name-Search (www.angenechemical.com)
[OK] 2186-25-6 | ((m-Tolyloxy)methyl)oxirane | files=1 | ChemBlink/Ambeed
[OK] 79-92-5 | (+)-Camphene | files=1 | ChemBlink/Sigma-Aldrich
[OK] 154-23-4 | (+)-Catechin | files=1 | ChemBlink/Alfa-Aesar
[OK] 1446-61-3 | (+)-Dehydroabietylamine | files=1 | ChemBlink/Sigma-Aldrich
[OK] 7562-61-0 | (+)-usnic acid | files=1 | ChemBlink/Alfa-Aesar
[OK] 93-56-1 | (+/-)-1-Phenyl-1,2-ethanediol | files=1 | ChemBlink/Alfa-Aesar
[OK] 10191-41-0 | (+/-)-alpha-tocopherol | files=1 | ChemBlink/Alfa-Aesar
[OK] 329-65-7 | (+/-)-Epinephrine | files=1 | ChemBlink/Alfa-Aesar
[OK] 2169-64-4 | (−)-6-Azauridine 2′,3′,5′-triacetate | files=1 | ChemBlink/Sigma-Aldrich
[OK] 108-65-6 | (1-Methoxy-2-propyl) acetate | files=1 | ChemBlink/Alfa-Aesar
[OK] 102-96-5 | (1-Nitro-2-phenyl)ethylene | files=1 | ChemBlink/Ambeed
[OK] 65181-78-4 | (1,1'-Biphenyl)-4,4'-diamine, N,N'-bis(3-methylphenyl)-N,N'-diphenyl- | files=1 | ChemBlink/Sigma-Aldrich
[OK] 35963-20-3 | (1R)-(-)-Camphor-10-sulfonic acid | files=1 | ChemBlink/Alfa-Aesar
[OK] 39262-22-1 | (1R)-(-)-Camphor-10-sulfonic acid chloride | files=1 | ChemBlink/Alfa-Aesar
[OK] 7785-70-8 | (1R)-(+)-alpha-Pinene | files=1 | ChemBlink/Alfa-Aesar
[OK] 7785-26-4 | (1S)-(-)-alpha-Pinene | files=1 | ChemBlink/Alfa-Aesar
[OK] 18172-67-3 | (1S)-(-)-beta-Pinene | files=1 | ChemBlink/Alfa-Aesar
[OK] 464-45-9 | (1S)-(-)-Borneol | files=1 | ChemBlink/Alfa-Aesar
[OK] 464-48-2 | (1S)-(-)-Camphor | files=1 | ChemBlink/Alfa-Aesar
[OK] 2767-84-2 | (1S)-(+)-camphorquinone | files=1 | CAS-Search (pim-resources.coleparmer.com)
[OK] 125224-62-6 | (1S)-2-Methyl-2,5-diazabicyclo[2.2.1]heptane dihydrobromide | files=1 | ChemBlink/Apollo
[OK] 2758-06-7 | (2-Bromoethyl)trimethylammonium bromide | files=1 | ChemBlink/Alfa-Aesar
[NOTFOUND] 84787-89-3 | (2-Dimethylamino-4-nitrophenyl)phosphoric acid diammonium salt monohydrate
[OK] 7035-03-2 | (2-Methoxyphenyl)acetonitrile | files=1 | ChemBlink/Alfa-Aesar
[OK] 120-23-0 | (2-Naphthoxy)acetic acid | files=1 | ChemBlink/Alfa-Aesar
[OK] 93-76-5 | (2,4,5-Trichlorophenoxy) acetic acid | files=1 | ChemBlink/Sigma-Aldrich
[OK] 2217-15-4 | (2R,3R)-(+)-Diisopropyl tartrate | files=1 | ChemBlink/Alfa-Aesar
[OK] 70987-78-9 | (2S)-(+)-Glycidyl tosylate | files=1 | ChemBlink/Alfa-Aesar
[OK] 45021-77-0 | (3-Acrylamidopropyl)trimethylammonium chloride solution | files=1 | CAS-Search (www.angenechemical.com)
[OK] 6249-56-5 | (3-Carboxypropyl) trimethylammonium chloride | files=1 | ChemBlink/Sigma-Aldrich
[OK] 3327-22-8 | (3-Chloro-2-hydroxypropyl)trimethyl ammonium chloride | files=1 | ChemBlink/Alfa-Aesar
[OK] 2530-87-2 | (3-Chloro-propyl)trimethoxysilane | files=1 | ChemBlink/Alfa-Aesar
[OK] 19924-43-7 | (3-Methoxyphenyl)acetonitrile | files=1 | ChemBlink/Alfa-Aesar
[OK] 76855-69-1 | (3S,4R)-4-Acetoxy-3-[(R)-1-(tert-butyldimethylsilyloxy)ethyl]azetidin-2-one | files=1 | ChemBlink/Alfa-Aesar
[OK] 4511-42-6 | (3S)-cis-3,6-dimethyl-1,4-dioxan-2,5-dion | files=1 | ChemBlink/Alfa-Aesar
[OK] 156-38-7 | (4-Hydroxyphenyl)acetic acid | files=1 | ChemBlink/Alfa-Aesar
[OK] 104-47-2 | (4-Methoxyphenyl)acetonitrile | files=1 | ChemBlink/Alfa-Aesar
[OK] 637-60-5 | (4-Methylphenyl)hydrazine monohydrochloride | files=1 | ChemBlink/Alfa-Aesar
[OK] 555-21-5 | (4-Nitrophenyl)acetonitrile | files=1 | ChemBlink/Alfa-Aesar
[OK] 10351-19-6 | (4-Pyridylthio)acetic acid | files=1 | ChemBlink/Alfa-Aesar
[OK] 28920-43-6 | (9-Fluorenylmethyl) chloroformate | files=1 | ChemBlink/Alfa-Aesar
[OK] 13881-91-9 | (Aminomethyl)sulfonic acid | files=1 | ChemBlink/Alfa-Aesar
[OK] 95154-01-1 | (Benzothiazol-2-ylthio)succinic acid | files=1 | ChemBlink/Ambeed
[OK] 1099-45-2 | (Carbethoxymethylene)triphenylphosphorane | files=1 | ChemBlink/Alfa-Aesar
[OK] 85491-26-5 | (chloromethyl)bis(4-fluorophenyl)methylsilane | files=1 | CAS-Search (tanqingsk-data.oss-cn-hangzhou.aliyuncs.com)
[OK] 3724-43-4 | (Chloromethylene)dimethylammonium chloride | files=1 | ChemBlink/Alfa-Aesar
[OK] 21548-32-3 | (DIETHOXYPHOSPHINYLIMINO)-1,3-DITHIETHANE | files=1 | CAS-Search (aksci.com)
[OK] 13389-42-9 | (E)-2-Octene | files=1 | CAS-Search (www.chemicalbook.com)
[OK] 138124-32-0 | (R,R)-(-)-N,N'-bis(3,5-di-tertbutylsalicylidine)-1,2-cyclohexanediaminomanganese(III)chloride | files=1 | ChemBlink/Sigma-Aldrich
[OK] 42340-98-7 | (R)-(-)-1-(1-Naphthyl)ethyl isocyanate | files=1 | ChemBlink/Alfa-Aesar
[OK] 2799-16-8 | (R)-(-)-1-Amino-2-propanol | files=1 | ChemBlink/Alfa-Aesar
[OK] 13250-12-9 | (R)-(-)-2-Aminobutane | files=1 | ChemBlink/Alfa-Aesar
[OK] 4221-98-1 | (R)-(-)-5-Isopropyl-2-methyl-1,3-cyclohexadiene | files=1 | ChemBlink/TCI
[OK] 6485-40-1 | (R)-(-)-Carvone | files=1 | ChemBlink/Alfa-Aesar
[OK] 3886-70-2 | (R)-(+)-1-(1-Naphthyl)ethylamine | files=1 | ChemBlink/Alfa-Aesar
[OK] 1517-69-7 | (R)-(+)-1-Phenylethanol | files=1 | ChemBlink/Alfa-Aesar
[OK] 33375-06-3 | (R)-(+)-1-Phenylethyl isocyanate | files=1 | ChemBlink/Alfa-Aesar
[OK] 3886-69-9 | (R)-(+)-1-Phenylethylamine | files=1 | ChemBlink/Alfa-Aesar
[OK] 18531-94-7 | (R)-(+)-1,1'-Bi-2-naphthol | files=1 | ChemBlink/Alfa-Aesar
[OK] 15448-47-2 | (R)-(+)-1,2-Propylene oxide | files=1 | ChemBlink/Alfa-Aesar
[OK] 7474-05-7 | (R)-(+)-2-Chloropropionic acid | files=1 | ChemBlink/Sigma-Aldrich
[OK] 20445-31-2 | (R)-(+)-alpha-Methoxy-alpha-trifluoromethylphenylacetic acid | files=1 | ChemBlink/Alfa-Aesar
[OK] 5989-27-5 | (R)-(+)-Limonene | files=1 | ChemBlink/Alfa-Aesar
[OK] 89-82-7 | (R)-(+)-Pulegone | files=1 | ChemBlink/Acros-Organics
[OK] 20780-53-4 | (R)-(+)-Styrene oxide | files=1 | ChemBlink/Alfa-Aesar
[OK] 16484-77-8 | (R)-2-(4-Chloro-2-methylphenoxy)propanoic acid | files=1 | ChemBlink/Sigma-Aldrich
[OK] 84918-96-7 | (R)-2-Chloro-3-methylbutyric acid | files=1 | CAS-Search (static.cymitquimica.com)
[OK] 57044-25-4 | (R)-Oxiranemethanol | files=1 | ChemBlink/Alfa-Aesar
[OK] 10420-89-0 | (S)-(-)-1-(1-Naphthyl)ethylamine | files=1 | ChemBlink/Alfa-Aesar
[OK] 1445-91-6 | (S)-(-)-1-Phenylethanol | files=1 | ChemBlink/Alfa-Aesar
[OK] 14649-03-7 | (S)-(-)-1-Phenylethyl isocyanate | files=1 | ChemBlink/Alfa-Aesar
[OK] 2627-86-3 | (S)-(-)-1-Phenylethylamine | files=1 | ChemBlink/Alfa-Aesar
[OK] 29617-66-1 | (S)-(-)-2-Chloropropionic acid | files=1 | ChemBlink/Alfa-Aesar
[OK] 5989-54-8 | (S)-(-)-Limonene | files=1 | ChemBlink/Alfa-Aesar
[OK] 73671-79-1 | (S)-(+)-1-(1-Naphtyl)ethyl isocyanate | files=1 | ChemBlink/Alfa-Aesar
[OK] 2799-17-9 | (S)-(+)-1-Amino-2-propanol | files=1 | ChemBlink/Alfa-Aesar
[OK] 5856-62-2 | (S)-(+)-2-Amino-1-butanol | files=1 | ChemBlink/Alfa-Aesar
[OK] 6169-06-8 | (S)-(+)-2-Octanol | files=1 | ChemBlink/Alfa-Aesar
[OK] 2244-16-8 | (S)-(+)-Carvone | files=1 | ChemBlink/Alfa-Aesar
[OK] 36724-68-2 | (S)-(−)-N-(Trifluoroacetyl)pyrrolidine-2-carbonyl chloride solution | files=1 | CAS-Search (www.keyorganics.net)
[OK] 15295-77-9 | (S)-(−)-α-Amino-γ-butyrolactone hydrobromide | files=1 | ChemBlink/Alfa-Aesar
[OK] 513-49-5 | (S)-2-Butanamine | files=1 | ChemBlink/Alfa-Aesar
[OK] 26782-74-1 | (S)-2-Chloro-3-methylbutyric acid | files=1 | ChemBlink/Alfa-Aesar
[OK] 77497-97-3 | (S)-3-Benzyloxycarbonyl-1,2,3,4-tetrahydroisoquinolinium p-toluenesulfonate | files=1 | ChemBlink/Sigma-Aldrich
[OK] 5543-57-7 | (S)-4-Hydroxy-3-(3-oxo-1-phenylbutyl)-2-benzopyrone | files=1 | ChemBlink/Sigma-Aldrich
[OK] 74227-35-3 | (Thiodi-1,4-phenylene)bis[diphenyl sulfonium]bishexafluorophosphate | files=1 | CAS-Search (www.gelest.com)
[OK] 89343-06-6 | (triisopropylsilyl) acetylene | files=1 | ChemBlink/Alfa-Aesar
[OK] 2136-75-6 | (Triphenylphosphoranylidene)acetaldehyde | files=1 | ChemBlink/Alfa-Aesar
[OK] 72287-26-4 | [1,1′-Bis(diphenylphosphino)ferrocene]dichloropalladium(II) | files=1 | ChemBlink/Alfa-Aesar
[OK] 23564-06-9 | [1,2-Phenylenebis(iminocarbonothioyl)]biscarbamic acid diethyl ester | files=1 | ChemBlink/Sigma-Aldrich
[OK] 23513-14-6 | [6]-gingerol | files=1 | ChemBlink/Sigma-Aldrich
[OK] 448245-52-1 | 1 - Butyl - 3 - methylimidazolium dicyanamide | files=1 | ChemBlink/Alfa-Aesar
[OK] 342789-81-5 | 1 - Butyl - 3 - methylimidazolium methanesulfonate | files=1 | ChemBlink/Alfa-Aesar
[OK] 344790-87-0 | 1 - Butyl - 3 - methylimidazolium thiocyanate | files=1 | ChemBlink/Sigma-Aldrich
[NOTFOUND] 24083-03-2 | 1-(2-Butoxypropoxy)propan-2-ol
[OK] 39742-60-4 | 1-(2-Phenylethyl)-4-piperidinone | files=1 | ChemBlink/Alfa-Aesar
[OK] 326-91-0 | 1-(2-Thenoyl)-3,3,3-trifluoroacetone | files=1 | ChemBlink/Alfa-Aesar
[OK] 22572-40-3 | 1-(3-Dimethylaminopropyl)-3-ethylcarbodiimide methiodide | files=1 | ChemBlink/Alfa-Aesar
[OK] 536-50-5 | 1-(p-tolyl)-ethanol | files=1 | ChemBlink/Alfa-Aesar
[OK] 6224-91-5 | 1-(Trimethylsilyl)-propyne | files=1 | ChemBlink/Alfa-Aesar
[OK] 591-08-2 | 1-Acetylthiourea | files=1 | ChemBlink/Alfa-Aesar
[OK] 828-51-3 | 1-Adamantane carboxylic acid | files=1 | ChemBlink/Alfa-Aesar
[OK] 4942-47-6 | 1-Adamantaneacetic acid | files=1 | ChemBlink/Alfa-Aesar
[OK] 23074-42-2 | 1-Adamantanecarbonitrile | files=1 | ChemBlink/Alfa-Aesar
[OK] 116-63-2 | 1-amino-2-naphthol-4-sulfonic acid | files=1 | ChemBlink/Alfa-Aesar
[OK] 78-96-6 | 1-Amino-2-propanol | files=1 | ChemBlink/Alfa-Aesar
[OK] 99-09-2 | 1-Amino-3-nitrobenzene | files=1 | ChemBlink/Alfa-Aesar
[OK] 41365-75-7 | 1-Amino-3,3-diethoxypropane | files=1 | ChemBlink/Alfa-Aesar
[OK] 6928-85-4 | 1-Amino-4-methylpiperazine | files=1 | ChemBlink/Alfa-Aesar
[OK] 2827-56-7 | 1-Aminohydatoin hydrochloride | files=1 | ChemBlink/Sigma-Aldrich
[OK] 1606-67-3 | 1-Aminopyrene | files=1 | ChemBlink/Alfa-Aesar
[OK] 95-15-8 | 1-Benzothiophene | files=1 | ChemBlink/Alfa-Aesar
[OK] 18908-66-2 | 1-Bromo-2-ethylhexane | files=1 | ChemBlink/Alfa-Aesar
[OK] 762-49-2 | 1-Bromo-2-fluoroethane | files=1 | ChemBlink/Alfa-Aesar
[OK] 78-77-3 | 1-Bromo-2-methylpropane | files=1 | ChemBlink/Alfa-Aesar
[OK] 19686-73-8 | 1-Bromo-2-propanol | files=1 | ChemBlink/Alfa-Aesar
[OK] 6974-77-2 | 1-Bromo-3-chloro-2-methylpropane | files=1 | ChemBlink/Oakwood
[OK] 60811-21-4 | 1-Bromo-3-chloro-4-fluorobenzene | files=1 | ChemBlink/Alfa-Aesar
[OK] 108-37-2 | 1-Bromo-3-chlorobenzene | files=1 | ChemBlink/Alfa-Aesar
[OK] 109-70-6 | 1-Bromo-3-chloropropane | files=1 | ChemBlink/Alfa-Aesar
[OK] 1073-06-9 | 1-Bromo-3-fluorobenzene | files=1 | ChemBlink/Alfa-Aesar
[OK] 138526-69-9 | 1-Bromo-3,4,5-trifluorobenzene | files=1 | ChemBlink/Alfa-Aesar
[OK] 461-96-1 | 1-Bromo-3,5-difluorobenzene | files=1 | ChemBlink/Alfa-Aesar
[OK] 6940-78-9 | 1-Bromo-4-chlorobutane | files=1 | ChemBlink/Alfa-Aesar
[OK] 766-96-1 | 1-Bromo-4-ethynylbenzene | files=1 | ChemBlink/Alfa-Aesar
[OK] 460-00-4 | 1-Bromo-4-fluorobenzene | files=1 | ChemBlink/Alfa-Aesar
[OK] 589-87-7 | 1-Bromo-4-iodobenzene | files=1 | ChemBlink/Alfa-Aesar
[OK] 135-73-9 | 1-Bromo-4'-phenylacetophenone | files=1 | ChemBlink/Alfa-Aesar
[OK] 109-65-9 | 1-Bromobutane | files=1 | ChemBlink/Alfa-Aesar
[OK] 143-15-7 | 1-bromododecane | files=1 | ChemBlink/Alfa-Aesar
[OK] 629-04-9 | 1-Bromoheptane | files=1 | ChemBlink/Alfa-Aesar
[OK] 112-82-3 | 1-Bromohexadecane | files=1 | ChemBlink/Alfa-Aesar
[OK] 111-25-1 | 1-Bromohexane | files=1 | ChemBlink/Alfa-Aesar
[OK] 90-11-9 | 1-Bromonaphthalene | files=1 | ChemBlink/Alfa-Aesar
[OK] 112-89-0 | 1-Bromooctadecane | files=1 | ChemBlink/Alfa-Aesar
[OK] 111-83-1 | 1-Bromooctane | files=1 | ChemBlink/Alfa-Aesar
[OK] 110-53-2 | 1-Bromopentane | files=1 | ChemBlink/Alfa-Aesar
[NOTFOUND] 35073-27-9 | 1-Butanol, 2-methyl-, formate
[OK] 78-94-4 | 1-Buten-3-one | files=1 | ChemBlink/Alfa-Aesar
[OK] 78-80-8 | 1-Buten-3-yne, 2-methyl- | files=1 | ChemBlink/Alfa-Aesar
[OK] 106-98-9 | 1-Butene | files=1 | ChemBlink/Alfa-Aesar
[OK] 5131-66-8 | 1-Butoxy-2-propanol | files=1 | ChemBlink/Sigma-Aldrich
[OK] 622-76-4 | 1-Butynylbenzene | files=1 | ChemBlink/Alfa-Aesar
[OK] 600-25-9 | 1-Chloro-1-nitropropane | files=1 | ChemBlink/Sigma-Aldrich
[OK] 591-97-9 | 1-Chloro-2-butene | files=1 | ChemBlink/Sigma-Aldrich
[OK] 348-51-6 | 1-chloro-2-fluorobenzene | files=1 | ChemBlink/Alfa-Aesar
[OK] 513-37-1 | 1-Chloro-2-methyl-1-propene | files=1 | ChemBlink/Sigma-Aldrich
[OK] 513-36-0 | 1-Chloro-2-methylpropane | files=1 | ChemBlink/Alfa-Aesar
[OK] 88-73-3 | 1-Chloro-2-nitrobenzene | files=1 | ChemBlink/Alfa-Aesar
[OK] 97-97-2 | 1-Chloro-2,2-dimethoxyethane | files=1 | ChemBlink/Alfa-Aesar
[OK] 625-98-9 | 1-chloro-3-fluorobenzene | files=1 | ChemBlink/Alfa-Aesar
[OK] 121-73-3 | 1-Chloro-3-nitrobenzene | files=1 | ChemBlink/Alfa-Aesar
[OK] 352-33-0 | 1-chloro-4-fluorobenzene | files=1 | ChemBlink/Alfa-Aesar
[OK] 100-00-5 | 1-Chloro-4-nitrobenzene | files=1 | ChemBlink/Alfa-Aesar
[OK] 34683-73-3 | 1-Chloro-6-iodohexane | files=1 | ChemBlink/Sigma-Aldrich
[OK] 40635-66-3 | 1-Chloro-carbonyl-1-methyl-ethylactate | files=1 | ChemBlink/Alfa-Aesar
[OK] 935-56-8 | 1-Chloroadamantane | files=1 | ChemBlink/Alfa-Aesar
[OK] 109-69-3 | 1-Chlorobutane | files=1 | ChemBlink/Alfa-Aesar
[OK] 50893-53-3 | 1-Chloroethyl chloroformate | files=1 | ChemBlink/Alfa-Aesar
[OK] 629-06-1 | 1-Chloroheptane | files=1 | ChemBlink/Alfa-Aesar
[OK] 544-10-5 | 1-Chlorohexane | files=1 | ChemBlink/Alfa-Aesar
[OK] 2473-01-0 | 1-chlorononane | files=1 | ChemBlink/Alfa-Aesar
[OK] 111-85-3 | 1-Chlorooctane | files=1 | ChemBlink/Alfa-Aesar
[OK] 543-59-9 | 1-Chloropentane | files=1 | ChemBlink/Alfa-Aesar
[OK] 540-54-5 | 1-Chloropropane | files=1 | ChemBlink/Alfa-Aesar
[OK] 93107-30-3 | 1-Cyclopropyl-6,7-difluoro-1,4-dihydro-4-oxoquinoline-3-carboxylic acid | files=1 | ChemBlink/Matrix
[OK] 872-05-9 | 1-Decene | files=1 | ChemBlink/Alfa-Aesar
[OK] 846-48-0 | 1-Dehydrotestosterone | files=1 | ChemBlink/Alfa-Aesar
[OK] 73285-50-4 | 1-Deoxynojirimycin hydrochloride | files=1 | ChemBlink/Alfa-Aesar
[OK] 661-19-8 | 1-Docosanol | files=1 | ChemBlink/Alfa-Aesar
[OK] 112-55-0 | 1-Dodecanethiol | files=1 | ChemBlink/Alfa-Aesar
[OK] 112-53-8 | 1-Dodecanol | files=1 | ChemBlink/Alfa-Aesar
[OK] 112-41-4 | 1-Dodecene | files=1 | ChemBlink/Alfa-Aesar
[OK] 207234-02-4 | 1-dodecylpyridinium chloride hydrate | files=1 | ChemBlink/Sigma-Aldrich
[OK] 765-03-7 | 1-Dodecyne | files=1 | ChemBlink/Alfa-Aesar
[OK] 54839-24-6 | 1-Ethoxy-2-propanol acetate | files=1 | ChemBlink/Alfa-Aesar
[OK] 370865-89-7 | 1-Ethyl-3-methylimidazolium dicynamide | files=1 | ChemBlink/Alfa-Aesar
[OK] 25952-53-8 | 1-ethyl-3(3-dimethylaminopropyl)-carbodiimide hydrochloride | files=1 | ChemBlink/Alfa-Aesar
[OK] 766-09-6 | 1-Ethylpiperidine | files=1 | ChemBlink/Alfa-Aesar
[OK] 78-27-3 | 1-Ethynylcyclohexanol | files=1 | ChemBlink/Alfa-Aesar
[OK] 34993-56-1 | 1-Ethynylpyrene | files=1 | ChemBlink/Alfa-Aesar
[OK] 1493-27-2 | 1-Fluoro-2-nitrobenzene | files=1 | ChemBlink/Alfa-Aesar
[OK] 402-67-5 | 1-Fluoro-3-nitrobenzene | files=1 | ChemBlink/Alfa-Aesar
[OK] 350-46-9 | 1-Fluoro-4-nitrobenzene | files=1 | ChemBlink/Alfa-Aesar
[OK] 1639-09-4 | 1-Heptanethiol | files=1 | ChemBlink/Alfa-Aesar
[OK] 111-70-6 | 1-Heptanol | files=1 | ChemBlink/Alfa-Aesar
[OK] 592-76-7 | 1-Heptene | files=1 | ChemBlink/Alfa-Aesar
[OK] 628-71-7 | 1-Heptyne | files=1 | ChemBlink/Alfa-Aesar
[OK] 36653-82-4 | 1-Hexadecanol | files=1 | ChemBlink/Alfa-Aesar
[OK] 2832-45-3 | 1-Hexanesulfonic acid sodium salt Monohydrate | files=1 | ChemBlink/Alfa-Aesar
[OK] 592-41-6 | 1-Hexene | files=1 | ChemBlink/Alfa-Aesar
[OK] 693-02-7 | 1-Hexyne | files=1 | ChemBlink/Alfa-Aesar
[OK] 5077-67-8 | 1-Hydroxy-2-butanone | files=1 | ChemBlink/Sigma-Aldrich
[OK] 90-05-1 | 1-Hydroxy-2-methoxybenzene | files=1 | ChemBlink/Alfa-Aesar
[OK] 86-48-6 | 1-Hydroxy-2-naphthoic Acid | files=1 | ChemBlink/Alfa-Aesar
[OK] 636-98-6 | 1-Iod-4-nitrobenzene | files=1 | ChemBlink/Alfa-Aesar
[OK] 513-38-2 | 1-Iodo-2-methylpropane | files=1 | ChemBlink/Alfa-Aesar
[OK] 541-28-6 | 1-Iodo-3-methylbutane | files=1 | ChemBlink/Alfa-Aesar
[OK] 542-69-8 | 1-Iodobutane | files=1 | ChemBlink/Alfa-Aesar
[OK] 544-77-4 | 1-Iodohexadecane | files=1 | ChemBlink/Alfa-Aesar
[OK] 90-14-2 | 1-Iodonaphthalene | files=1 | ChemBlink/Alfa-Aesar
[OK] 629-27-6 | 1-Iodooctane | files=1 | ChemBlink/Alfa-Aesar
[OK] 628-17-1 | 1-Iodopentane | files=1 | ChemBlink/Alfa-Aesar
[OK] 107-08-4 | 1-Iodopropane | files=1 | ChemBlink/Alfa-Aesar
[OK] 2687-96-9 | 1-Lauryl-2-pyrrolidone | files=1 | ChemBlink/Sigma-Aldrich
[OK] 107-25-5 | 1-Methoxyethylene | files=1 | CAS-Search (www.chemicalbook.com)
[OK] 693-89-0 | 1-Methyl-1-cyclopentene | files=1 | ChemBlink/Alfa-Aesar
[OK] 872-50-4 | 1-Methyl-2-pyrrolidone | files=1 | ChemBlink/Alfa-Aesar
[OK] 23007-85-4 | 1-methyl-4-phenyl-1,2,3,6-tetrahydropyridine hydrochloride | files=1 | ChemBlink/Sigma-Aldrich
[OK] 1445-73-4 | 1-Methyl-4-piperidinone | files=1 | ChemBlink/Alfa-Aesar
[OK] 90-12-0 | 1-Methylnaphthalene | files=1 | ChemBlink/Alfa-Aesar
[OK] 109-01-3 | 1-Methylpiperazine | files=1 | ChemBlink/Alfa-Aesar
[OK] 626-67-5 | 1-Methylpiperidine | files=1 | ChemBlink/Alfa-Aesar
[OK] 96-54-8 | 1-Methylpyrrole | files=1 | ChemBlink/Alfa-Aesar
[OK] 936-52-7 | 1-Morpholinocyclopentene | files=1 | ChemBlink/Alfa-Aesar
[OK] 66-77-3 | 1-Naphthalenecarboxaldehyde | files=1 | ChemBlink/Alfa-Aesar
[OK] 90-15-3 | 1-Naphthol | files=1 | ChemBlink/Alfa-Aesar
[OK] 879-18-5 | 1-Naphthoyl chloride | files=1 | ChemBlink/Alfa-Aesar
[OK] 830-81-9 | 1-Naphthyl acetate | files=1 | ChemBlink/Alfa-Aesar
[OK] 86-87-3 | 1-Naphthylacetic acid | files=1 | ChemBlink/Alfa-Aesar
[OK] 552-46-5 | 1-Naphthylamine hydrochloride | files=1 | ChemBlink/Alfa-Aesar
[OK] 86-57-7 | 1-Nitronaphthalene | files=1 | ChemBlink/Alfa-Aesar
[OK] 108-03-2 | 1-Nitropropane | files=1 | ChemBlink/Alfa-Aesar
[OK] 131-91-9 | 1-nitroso-2-naphthol | files=1 | ChemBlink/Alfa-Aesar
[OK] 143-08-8 | 1-Nonanol | files=1 | ChemBlink/Alfa-Aesar
[OK] 3452-09-3 | 1-Nonyne | files=1 | ChemBlink/Alfa-Aesar
[NOTFOUND] 123312-54-9 | 1-Octadecanaminium, N,N-dimethyl-N-octadecyl-, sulfate (1:1)
[OK] 112-92-5 | 1-Octadecanol | files=1 | ChemBlink/Alfa-Aesar
[OK] 5324-84-5 | 1-Octane sulfanic acid sodium salt | files=1 | ChemBlink/Alfa-Aesar
[OK] 111-88-6 | 1-Octanethiol | files=1 | ChemBlink/Alfa-Aesar
[OK] 111-87-5 | 1-Octanol | files=1 | ChemBlink/Alfa-Aesar
[OK] 3391-86-4 | 1-Octen-3-ol | files=1 | ChemBlink/Alfa-Aesar
[OK] 111-66-0 | 1-Octene | files=1 | ChemBlink/Alfa-Aesar
[OK] 818-72-4 | 1-Octyn-3-ol | files=1 | ChemBlink/Alfa-Aesar
[OK] 629-05-0 | 1-Octyne | files=1 | ChemBlink/Alfa-Aesar
[OK] 110-66-7 | 1-Pentanethiol | files=1 | ChemBlink/Alfa-Aesar
[OK] 616-25-1 | 1-Penten-3-ol | files=1 | ChemBlink/Alfa-Aesar
[OK] 109-67-1 | 1-Pentene | files=1 | ChemBlink/Alfa-Aesar
[OK] 627-19-0 | 1-Pentyne | files=1 | ChemBlink/Alfa-Aesar
[OK] 86-93-1 | 1-Phenyl-1H-tetrazole-5-thiol | files=1 | ChemBlink/Alfa-Aesar
[OK] 103-79-7 | 1-Phenyl-2-propanone | files=1 | ChemBlink/Acros-Organics
[OK] 89-25-8 | 1-phenyl-3-methyl-5-pyrazolone | files=1 | ChemBlink/Alfa-Aesar
[OK] 92-43-3 | 1-Phenyl-3-pyrazolidinone | files=1 | ChemBlink/Alfa-Aesar
[OK] 104-51-8 | 1-Phenylbutane | files=1 | ChemBlink/Alfa-Aesar
[OK] 538-68-1 | 1-Phenylpentane | files=1 | ChemBlink/Alfa-Aesar
[OK] 68957-94-8 | 1-Propanephosphonic acid cyclic anhydride | files=1 | ChemBlink/Alfa-Aesar
[OK] 10147-36-1 | 1-Propanesulfonyl chloride | files=1 | ChemBlink/Alfa-Aesar
[OK] 7473-98-5 | 1-Propanone, 2-hydroxy-2-methyl-1-phenyl- | files=1 | ChemBlink/Sigma-Aldrich
[OK] 71868-10-5 | 1-Propanone, 2-methyl-1-(4-(methylthio)phenyl)-2-(4-morpholinyl)- | files=1 | ChemBlink/Sigma-Aldrich
[OK] 64709-55-3 | 1-Pyreneacetic acid | files=1 | ChemBlink/Sigma-Aldrich
[OK] 67000-89-9 | 1-Pyrenebutanol | files=1 | ChemBlink/Sigma-Aldrich
[OK] 5108-96-3 | 1-pyrrolidinecarbodithionic acid Ammonium salt | files=1 | ChemBlink/Alfa-Aesar
[OK] 3178-22-1 | 1-tert-Butylcyclohexane | files=1 | ChemBlink/Alfa-Aesar
[OK] 112-72-1 | 1-Tetradecanol | files=1 | ChemBlink/Alfa-Aesar
[OK] 2437-56-1 | 1-Tridecene | files=1 | ChemBlink/Alfa-Aesar
[OK] 1072-63-5 | 1-Vinylimidazole | files=1 | ChemBlink/Alfa-Aesar
[OK] 17768-41-1 | 1,1-Adamantanemethylamine | files=1 | ChemBlink/Alfa-Aesar
[OK] 13623-94-4 | 1,1-Bis-(methylthio)-2-nitroethene | files=1 | ChemBlink/Alfa-Aesar
[OK] 5445-51-2 | 1,1-Cyclobutanedicarboxylic acid | files=1 | ChemBlink/Alfa-Aesar
[OK] 6914-71-2 | 1,1-Cyclopropanedicarboxylic acid ester | files=1 | ChemBlink/Sigma-Aldrich
[OK] 3006-86-8 | 1,1-di-(tert-Butylperoxy)cyclohexane | files=1 | ChemBlink/Sigma-Aldrich
[OK] 513-88-2 | 1,1-Dichloroacetone | files=1 | ChemBlink/Alfa-Aesar
[OK] 75-34-3 | 1,1-Dichloroethane | files=1 | ChemBlink/Sigma-Aldrich
[OK] 4885-02-3 | 1,1-Dichloromethylether | files=1 | ChemBlink/Alfa-Aesar
[OK] 563-58-6 | 1,1-Dichloropropene | files=1 | ChemBlink/Sigma-Aldrich
[OK] 105-57-7 | 1,1-Diethoxyethane | files=1 | ChemBlink/Alfa-Aesar
[OK] 54306-00-2 | 1,1-Diethoxyhex-2-ene | files=1 | Name-Search (tanqingsk-data.oss-cn-hangzhou.aliyuncs.com)
[OK] 75-37-6 | 1,1-Difluoroethane | files=1 | ChemBlink/Sigma-Aldrich
[OK] 6342-56-9 | 1,1-Dimethoxy-2-propanone | files=1 | ChemBlink/Alfa-Aesar
[OK] 71-55-6 | 1,1,1-Trichloroethane | files=1 | ChemBlink/Alfa-Aesar
[OK] 306-83-2 | 1,1,1-TRIFLUORO-2,2-DICHLORO-ETHANE | files=1 | ChemBlink/Alfa-Aesar
[OK] 421-50-1 | 1,1,1-Trifluoroacetone | files=1 | ChemBlink/Alfa-Aesar
[OK] 77-85-0 | 1,1,1-tris(hydroxymethyl) ethane | files=1 | ChemBlink/Alfa-Aesar
[NOTFOUND] 37924-13-3 | 1,1,1,-TRIFLUORO-N-(2-METHYL-4-(PHENYLSULFONYL)PHENYL)METHANESULFONAMIDE
[OK] 811-97-2 | 1,1,1,2-Tetrafluoroethane | files=1 | ChemBlink/Alfa-Aesar
[OK] 920-66-1 | 1,1,1,3,3,3-Hexafluoro-2-propanol | files=1 | ChemBlink/Alfa-Aesar
[OK] 1522-22-1 | 1,1,1,5,5,5-Hexafluoroacetylacetone | files=1 | ChemBlink/Alfa-Aesar
[OK] 79-00-5 | 1,1,2-Trichloroethane | files=1 | ChemBlink/Sigma-Aldrich
[OK] 79-27-6 | 1,1,2,2-Tetrabromoethane | files=1 | ChemBlink/Alfa-Aesar
[OK] 79-34-5 | 1,1,2,2-Tetrachloroethane | files=1 | ChemBlink/Alfa-Aesar
[OK] 33685-54-0 | 1,1,2,2-Tetrachloroethane-d2 | files=1 | ChemBlink/Alfa-Aesar
[OK] 921-03-9 | 1,1,3-Trichloro-2-propanone | files=1 | ChemBlink/Sigma-Aldrich
[OK] 122-31-6 | 1,1,3,3-tetraethoxy propane | files=1 | ChemBlink/Alfa-Aesar
[OK] 102-52-3 | 1,1,3,3-tetramethoxypropane | files=1 | ChemBlink/Alfa-Aesar
[OK] 14542-93-9 | 1,1,3,3-Tetramethylbutyl isocyanide | files=1 | ChemBlink/Sigma-Aldrich
[OK] 3277-26-7 | 1,1,3,3-Tetramethyldisiloxane | files=1 | ChemBlink/Alfa-Aesar
[OK] 2094-98-6 | 1,1'-Azobis(Cyclohexanecarbonitrile) | files=1 | ChemBlink/Sigma-Aldrich
[NOTFOUND] 4636-83-3 | 1,1'-BIS(3,5-DIMETHYLMORPHOLONO-CARBONYLETHYL)-4,4'-BIPYRIDYNIUM DICHLORIDE
[OK] 6160-65-2 | 1,1'-Thiocarbonyldiimidazole | files=1 | ChemBlink/Alfa-Aesar
[OK] 66-71-7 | 1,10-Phenanthroline | files=1 | ChemBlink/Alfa-Aesar
[OK] 18851-33-7 | 1,10-Phenanthroline hydrochloride monohydrate | files=1 | ChemBlink/Alfa-Aesar
[OK] 5144-89-8 | 1,10-Phenanthroline monohydrate | files=1 | ChemBlink/Alfa-Aesar
[OK] 191-24-2 | 1,12-Benzoperylene | files=1 | ChemBlink/Sigma-Aldrich
[OK] 3344-70-5 | 1,12-Dibromododecane | files=1 | ChemBlink/Alfa-Aesar
[OK] 2783-17-7 | 1,12-Dodecanediamine | files=1 | ChemBlink/Alfa-Aesar
[OK] 56-55-3 | 1,2-Benzanthracene | files=1 | ChemBlink/Sigma-Aldrich
[OK] 91-15-6 | 1,2-Benzenedicarbonitrile | files=1 | ChemBlink/Alfa-Aesar
[OK] 84777-06-0 | 1,2-BENZENEDICARBOXYLIC ACID DIPENTYL ESTER, BRANCHED AND LINEAR | files=1 | ChemBlink/Accu-Standard
[OK] 117-82-8 | 1,2-Benzenedicarboxylic acid, bis(2-methoxyethyl) ester | files=1 | ChemBlink/Alfa-Aesar
[OK] 2634-33-5 | 1,2-Benzisothiazolin-3-one | files=1 | ChemBlink/Alfa-Aesar
[OK] 112-26-5 | 1,2-bis-(2-Chloroethoxy) ethane | files=1 | ChemBlink/Alfa-Aesar
[OK] 91-13-4 | 1,2-bis(Bromomethyl)benzene | files=1 | ChemBlink/Alfa-Aesar
[OK] 612-12-4 | 1,2-bis(Chloromethyl)benzene | files=1 | ChemBlink/Alfa-Aesar
[OK] 13209-15-9 | 1,2-bis(Dibromomethyl)-benzene | files=1 | ChemBlink/Alfa-Aesar
[OK] 584-03-2 | 1,2-Butanediol | files=1 | ChemBlink/Alfa-Aesar
[OK] 106-88-7 | 1,2-Butylene oxide | files=1 | ChemBlink/Alfa-Aesar
[OK] 492-99-9 | 1,2-Cyclohexanedione dioxime | files=1 | ChemBlink/Alfa-Aesar
[OK] 694-83-7 | 1,2-Diaminocyclohexane, mixture of isomers | files=1 | ChemBlink/Alfa-Aesar
[OK] 78-90-0 | 1,2-Diaminopropane | files=1 | ChemBlink/Alfa-Aesar
[OK] 4408-81-5 | 1,2-Diaminopropane-tetraacetic acid | files=1 | ChemBlink/Alfa-Aesar
[OK] 96-12-8 | 1,2-Dibromo-3-chloropropane | files=1 | ChemBlink/Alfa-Aesar
[OK] 583-53-9 | 1,2-Dibromobenzene | files=1 | ChemBlink/Alfa-Aesar
[OK] 106-93-4 | 1,2-Dibromoethane | files=1 | ChemBlink/Alfa-Aesar
[OK] 540-49-8 | 1,2-Dibromoethene | files=1 | ChemBlink/Combi-Blocks
[OK] 78-75-1 | 1,2-Dibromopropane | files=1 | ChemBlink/Alfa-Aesar
[OK] 95-50-1 | 1,2-Dichlorobenzene | files=1 | ChemBlink/Alfa-Aesar
[OK] 107-06-2 | 1,2-Dichloroethane | files=1 | ChemBlink/Alfa-Aesar
[OK] 540-59-0 | 1,2-Dichloroethene | files=1 | ChemBlink/Alfa-Aesar
[OK] 78-87-5 | 1,2-Dichloropropane | files=1 | ChemBlink/Alfa-Aesar
[OK] 563-54-2 | 1,2-Dichloropropene | files=1 | CAS-Search (www.chemicalbook.com)
[OK] 135-01-3 | 1,2-Diethylbenzene | files=1 | ChemBlink/Alfa-Aesar
[OK] 367-11-3 | 1,2-Difluorobenzene | files=1 | ChemBlink/Alfa-Aesar
[OK] 2892-51-5 | 1,2-Dihydroxy-3,4-cyclobutenedione | files=1 | ChemBlink/Alfa-Aesar
[OK] 615-42-9 | 1,2-Diiodobenzene | files=1 | ChemBlink/Alfa-Aesar
[OK] 7778-85-0 | 1,2-Dimethoxypropane | files=1 | ChemBlink/Sigma-Aldrich
[OK] 83-41-0 | 1,2-Dimethyl-3-nitrobenzene | files=1 | ChemBlink/Alfa-Aesar
[OK] 99-51-4 | 1,2-Dimethyl-4-nitrobenzene | files=1 | ChemBlink/Alfa-Aesar
[OK] 551-92-8 | 1,2-Dimethyl-5-nitroimidazole | files=1 | ChemBlink/Alfa-Aesar
[OK] 583-57-3 | 1,2-Dimethylcyclohexane | files=1 | ChemBlink/Alfa-Aesar
[OK] 573-98-8 | 1,2-Dimethylnaphthalene | files=1 | ChemBlink/Alfa-Aesar
[OK] 528-29-0 | 1,2-Dinitrobenzene | files=1 | ChemBlink/Alfa-Aesar
[OK] 923-61-5 | 1,2-dipalmitoyl-sn-glycero-3-phosphoethanolamine | files=1 | ChemBlink/Sigma-Aldrich
[OK] 540-63-6 | 1,2-Ethanedithiol | files=1 | ChemBlink/Alfa-Aesar
[OK] 274-09-9 | 1,2-Methylenedioxybenzene | files=1 | ChemBlink/Alfa-Aesar
[OK] 100-79-8 | 1,2-O-Isopropylideneglycerol | files=1 | ChemBlink/Alfa-Aesar
[OK] 1641-40-3 | 1,2-Phenylene phosphorochloridite | files=1 | ChemBlink/Alfa-Aesar
[OK] 95-54-5 | 1,2-Phenylenediamine | files=1 | ChemBlink/Alfa-Aesar
[OK] 96-18-4 | 1,2,3-Trichloropropane | files=1 | ChemBlink/Alfa-Aesar
[OK] 526-73-8 | 1,2,3-Trimethylbenzene | files=1 | ChemBlink/Alfa-Aesar
[OK] 1703-58-8 | 1,2,3,4-Butanetetracarboxylic acid | files=1 | ChemBlink/Alfa-Aesar
[OK] 634-66-2 | 1,2,3,4-Tetrachlorobenzene | files=1 | ChemBlink/Alfa-Aesar
[OK] 13161-85-8 | 1,2,3,4-Tetrahydro-9-acridanone | files=1 | ChemBlink/Sigma-Aldrich
[OK] 119-64-2 | 1,2,3,4-Tetrahydronaphthalene | files=1 | ChemBlink/Alfa-Aesar
[OK] 533-73-3 | 1,2,4 benzentriol | files=1 | ChemBlink/Alfa-Aesar
[OK] 288-88-0 | 1,2,4-Triazole | files=1 | ChemBlink/Alfa-Aesar
[OK] 120-82-1 | 1,2,4-Trichlorobenzene | files=1 | ChemBlink/Alfa-Aesar
[OK] 95-63-6 | 1,2,4-Trimethylbenzene | files=1 | ChemBlink/Alfa-Aesar
[OK] 2234-75-5 | 1,2,4-Trimethylcyclohexane | files=1 | ChemBlink/Sigma-Aldrich
[OK] 95-94-3 | 1,2,4,5-Tetrachlorobenzene | files=1 | ChemBlink/Alfa-Aesar
[OK] 327-54-8 | 1,2,4,5-Tetrafluorobenzene | files=1 | ChemBlink/Alfa-Aesar
[OK] 2426-07-5 | 1,2:7,8-Diepoxyoctane | files=1 | ChemBlink/Alfa-Aesar
[OK] 1120-71-4 | 1,3 propanesultone | files=1 | ChemBlink/Alfa-Aesar
[OK] 2095-02-5 | 1,3-Benzenediamine, 2,4-diethyl-6-methyl- | files=1 | CAS-Search (tanqingsk-data.oss-cn-hangzhou.aliyuncs.com)
[NOTFOUND] 130066-57-8 | 1,3-Benzenedicarboxylic acid, bis(4-(ethenyloxy)butyl) ester
[OK] 626-15-3 | 1,3-bis(Bromomethyl)-benzene | files=1 | ChemBlink/Alfa-Aesar
[OK] 626-16-4 | 1,3-bis(Chloromethyl)benzene | files=1 | ChemBlink/Alfa-Aesar
[OK] 626-22-2 | 1,3-bis(Cyanomethyl)benzene | files=1 | ChemBlink/Alfa-Aesar
[OK] 1515-76-0 | 1,3-Butadienyl acetate | files=1 | ChemBlink/Sigma-Aldrich
[OK] 107-88-0 | 1,3-butanediol | files=1 | ChemBlink/Alfa-Aesar
[OK] 19485-03-1 | 1,3-Butyleneglycol diacrylate | files=1 | ChemBlink/Sigma-Aldrich
[OK] 592-57-4 | 1,3-Cyclohexadiene | files=1 | ChemBlink/Alfa-Aesar
[OK] 1700-10-3 | 1,3-Cyclooctadiene | files=1 | ChemBlink/Alfa-Aesar
[OK] 108-36-1 | 1,3-Dibromobenzene | files=1 | ChemBlink/Alfa-Aesar
[OK] 107-80-2 | 1,3-Dibromobutane | files=1 | ChemBlink/Alfa-Aesar
[OK] 109-64-8 | 1,3-Dibromopropane | files=1 | ChemBlink/Alfa-Aesar
[OK] 69304-37-6 | 1,3-Dichloro-1,1,3,3-tetraisopropyldisiloxane | files=1 | ChemBlink/Alfa-Aesar
[OK] 96-23-1 | 1,3-Dichloro-2-propanol | files=1 | ChemBlink/Alfa-Aesar
[OK] 89415-87-2 | 1,3-Dichloro-5-ethyl-5-methylimidazolidine-2,4-dione | files=1 | ChemBlink/Matrix
[OK] 118-52-5 | 1,3-Dichloro-5,5-dimethylhydantoin | files=1 | ChemBlink/Alfa-Aesar
[OK] 534-07-6 | 1,3-Dichloroacetone | files=1 | ChemBlink/Alfa-Aesar
[OK] 541-73-1 | 1,3-Dichlorobenzene | files=1 | ChemBlink/Alfa-Aesar
[OK] 142-28-9 | 1,3-Dichloropropane | files=1 | ChemBlink/Alfa-Aesar
[OK] 542-75-6 | 1,3-Dichloropropene | files=1 | ChemBlink/Alfa-Aesar
[OK] 372-18-9 | 1,3-Difluorobenzene | files=1 | ChemBlink/Alfa-Aesar
[OK] 132-86-5 | 1,3-dihydroxynaphthalene | files=1 | ChemBlink/Alfa-Aesar
[OK] 80-73-9 | 1,3-dimethyl-2-imidazolidinone | files=1 | ChemBlink/Alfa-Aesar
[OK] 81-20-9 | 1,3-Dimethyl-2-nitrobenzene | files=1 | ChemBlink/Alfa-Aesar
[OK] 646-06-0 | 1,3-Dioxolane | files=1 | ChemBlink/Alfa-Aesar
[OK] 3425-89-6 | 1,3-Isobenzofurandione, 3a,4,7,7a-tetrahydro-5-methyl- | files=1 | ChemBlink/Alfa-Aesar
[OK] 19438-60-9 | 1,3-Isobenzofurandione, hexahydro-5-methyl- | files=1 | ChemBlink/Alfa-Aesar
[OK] 11070-44-3 | 1,3-Isobenzofurandione, tetrahydromethyl- | files=1 | ChemBlink/Matrix
[OK] 108-45-2 | 1,3-Phenylenediamine | files=1 | ChemBlink/Alfa-Aesar
[OK] 109-76-2 | 1,3-Propanediamine | files=1 | ChemBlink/Alfa-Aesar
[OK] 503-30-0 | 1,3-Trimethylene oxide | files=1 | ChemBlink/Alfa-Aesar
[OK] 1072-71-5 | 1,3,4-Thiadiazole-2,5-dithiol | files=1 | ChemBlink/Alfa-Aesar
[OK] 4422-95-1 | 1,3,5-Benzenetricarbonyl trichloride | files=1 | ChemBlink/Alfa-Aesar
[OK] 544-25-2 | 1,3,5-Cycloheptatriene | files=1 | ChemBlink/Alfa-Aesar
[OK] 626-39-1 | 1,3,5-Tribromobenzene | files=1 | ChemBlink/Alfa-Aesar
[OK] 372-38-3 | 1,3,5-Trifluorobenzene | files=1 | ChemBlink/Alfa-Aesar
[OK] 2451-62-9 | 1,3,5-Triglycidyl Isocyanurate | files=1 | ChemBlink/Sigma-Aldrich
[OK] 621-23-8 | 1,3,5-Trimethoxybenzene | files=1 | ChemBlink/Alfa-Aesar
[OK] 108-74-7 | 1,3,5-Trimethylhexahydro-1,3,5-triazine | files=1 | ChemBlink/Oakwood
[NOTFOUND] 57607-37-1 | 1,3,5,7-Tetrazocine, octahydro-1,3,5,7-tetranitro-, mixt. with 2-methyl-1,3,5-trinitrobenzene
[NOTFOUND] 106359-91-5 | 1,3,6-Naphthalenetrisulfonic acid, 7-((2-((aminocarbonyl)amino)-4-((4-((2-(2-(ethenylsulfonyl)etho
[OK] 615-50-9 | 1,4-Benzenediamine, 2-methyl-, sulfate | files=1 | ChemBlink/Alfa-Aesar
[OK] 623-26-7 | 1,4-Benzenedicarbonitrile | files=1 | ChemBlink/Alfa-Aesar
[OK] 539-48-0 | 1,4-Benzenedimethanamine | files=1 | ChemBlink/Alfa-Aesar
[OK] 3073-87-8 | 1,4-Bis(4-methyl-5-phenyl-2-oxazolyl)benzene | files=1 | ChemBlink/Alfa-Aesar
[OK] 1633-83-6 | 1,4-Butane sultone | files=1 | ChemBlink/Alfa-Aesar
[OK] 110-63-4 | 1,4-Butanediol | files=1 | ChemBlink/Alfa-Aesar
[OK] 2425-79-8 | 1,4-Butanediol diglycidyl ether | files=1 | ChemBlink/Alfa-Aesar
[OK] 1191-08-8 | 1,4-Butanedithiol | files=1 | ChemBlink/Alfa-Aesar
[OK] 628-41-1 | 1,4-Cyclohexadiene | files=1 | ChemBlink/Alfa-Aesar
[OK] 35541-81-2 | 1,4-Cyclohexanedimethanol, dibenzoate | files=1 | CAS-Search (prisco.com)
[OK] 280-57-9 | 1,4-Diazabicyclo[2.2.2]octane | files=1 | ChemBlink/Alfa-Aesar
[OK] 505-66-8 | 1,4-Diazacycloheptane | files=1 | ChemBlink/Alfa-Aesar
[OK] 106-37-6 | 1,4-Dibromobenzene | files=1 | ChemBlink/Alfa-Aesar
[OK] 110-52-1 | 1,4-Dibromobutane | files=1 | ChemBlink/Alfa-Aesar
[OK] 764-41-0 | 1,4-dichloro-2-Butene | files=1 | ChemBlink/Spectrum
[OK] 821-10-3 | 1,4-Dichloro-2-butyne | files=1 | ChemBlink/Alfa-Aesar
[OK] 110-56-5 | 1,4-Dichlorobutane | files=1 | ChemBlink/Alfa-Aesar
[OK] 105-05-5 | 1,4-Diethylbenzene | files=1 | ChemBlink/Alfa-Aesar
[OK] 540-36-3 | 1,4-Difluorobenzene | files=1 | ChemBlink/Alfa-Aesar
[OK] 624-38-4 | 1,4-Diiodobenzene | files=1 | ChemBlink/Alfa-Aesar
[OK] 571-58-4 | 1,4-Dimethylnaphthalene | files=1 | ChemBlink/Sigma-Aldrich
[OK] 106-58-1 | 1,4-Dimethylpiperazine | files=1 | ChemBlink/Alfa-Aesar
[OK] 100-25-4 | 1,4-Dinitrobenzene | files=1 | ChemBlink/Alfa-Aesar
[OK] 123-91-1 | 1,4-Dioxane | files=1 | ChemBlink/Alfa-Aesar
[OK] 40018-26-6 | 1,4-Dithiane-2,5-diol | files=1 | ChemBlink/Alfa-Aesar
[OK] 130-15-4 | 1,4-Naphthoquinone | files=1 | ChemBlink/Alfa-Aesar
[OK] 591-93-5 | 1,4-Pentadiene | files=1 | ChemBlink/Alfa-Aesar
[OK] 104-49-4 | 1,4-Phenylene diisocyanate | files=1 | ChemBlink/Sigma-Aldrich
[OK] 4044-65-9 | 1,4-Phenylene diisothiocyanate | files=1 | ChemBlink/Alfa-Aesar
[OK] 295-37-4 | 1,4,8,11-Tetraazacyclotetradecane | files=1 | ChemBlink/Alfa-Aesar
[OK] 116453-73-7 | 1,4,8,11,15,18,22,25-Octabutoxy-29H,31H-phthalocyanine | files=1 | ChemBlink/Sigma-Aldrich
[OK] 15520-10-2 | 1,5-Diamino-2-methylpentane | files=1 | ChemBlink/Sigma-Aldrich
[OK] 111-24-0 | 1,5-dibromopentane | files=1 | ChemBlink/Alfa-Aesar
[OK] 327-92-4 | 1,5-Difluoro-2,4-dinitrobenzene | files=1 | ChemBlink/Alfa-Aesar
[OK] 543-82-8 | 1,5-Dimethylhexylamine, 99% | files=1 | ChemBlink/Alfa-Aesar
[OK] 605-71-0 | 1,5-Dinitronaphthalene | files=1 | ChemBlink/Alfa-Aesar
[OK] 140-22-7 | 1,5-Diphenylcarbazide | files=1 | ChemBlink/Alfa-Aesar
[OK] 592-42-7 | 1,5-Hexadiene | files=1 | ChemBlink/Alfa-Aesar
[OK] 1069-23-4 | 1,5-Hexadiene-3,4-diol | files=1 | ChemBlink/Sigma-Aldrich
[OK] 2243-62-1 | 1,5-Naphthalenediamine | files=1 | ChemBlink/Alfa-Aesar
[NOTFOUND] 81898-60-4 | 1,5-Naphthalenedisulfonic acid, 3,3'-(1,4-piperazinediylbis((6-chloro-1,3,5-triazine-4,2-diyl)imin
[OK] 111-29-5 | 1,5-Pentanediol | files=1 | ChemBlink/Alfa-Aesar
[OK] 928-98-3 | 1,5-Pentanedithiol | files=1 | ChemBlink/Alfa-Aesar
[OK] 629-03-8 | 1,6-dibromohexane | files=1 | ChemBlink/Alfa-Aesar
[OK] 2163-00-0 | 1,6-Dichlorohexane | files=1 | ChemBlink/Alfa-Aesar
[OK] 575-44-0 | 1,6-dihydroxynaphthalene | files=1 | ChemBlink/Alfa-Aesar
[OK] 1720-32-7 | 1,6-Diphenyl-1,3,5-hexatriene | files=1 | ChemBlink/Sigma-Aldrich
[OK] 2396-63-6 | 1,6-Heptadiyne | files=1 | ChemBlink/Alfa-Aesar
[OK] 124-09-4 | 1,6-Hexanediamine | files=1 | ChemBlink/Alfa-Aesar
[OK] 629-11-8 | 1,6-Hexanediol | files=1 | ChemBlink/Alfa-Aesar
[OK] 13048-33-4 | 1,6-Hexanediol Diacrylate | files=1 | ChemBlink/Alfa-Aesar
[OK] 42152-47-6 | 1,6-Octadiene, 7-methyl- | files=1 | CAS-Search (pdf.benchchem.com)
[OK] 646-19-5 | 1,7-Heptanediamine | files=1 | ChemBlink/Alfa-Aesar
[OK] 3710-30-3 | 1,7-Octadiene | files=1 | ChemBlink/Alfa-Aesar
[OK] 470-82-6 | 1,8-Cineole | files=1 | ChemBlink/Alfa-Aesar
[OK] 6674-22-2 | 1,8-Diazabicyclo[5.4.0]undec-7-ene | files=1 | ChemBlink/Alfa-Aesar
[OK] 4549-32-0 | 1,8-Dibromooctane | files=1 | ChemBlink/Alfa-Aesar
[OK] 214078-92-9 | 1,8-Dimethyl-1,4,8,11-tetraazacyclotetradecane | files=1 | ChemBlink/Sigma-Aldrich
[OK] 569-41-5 | 1,8-Dimethylnaphthalene | files=1 | ChemBlink/Matrix
[OK] 81-84-5 | 1,8-naphthalene dicarboxylic anhydride | files=1 | ChemBlink/Alfa-Aesar
[OK] 479-27-6 | 1,8-Naphthalenediamine | files=1 | ChemBlink/Alfa-Aesar
[OK] 373-44-4 | 1,8-Octanediamine | files=1 | ChemBlink/Alfa-Aesar
[OK] 646-24-2 | 1,9-Nonanediamine | files=1 | ChemBlink/Biosynth
[OK] 24332-20-5 | 1.1.2-Trimethoxyethane | files=1 | ChemBlink/Alfa-Aesar
[OK] 66990-32-7 | 10,12-Pentacosadiynoic acid | files=1 | ChemBlink/Alfa-Aesar
[OK] 66990-30-5 | 10,12-Tricosadiynoic acid | files=1 | ChemBlink/Sigma-Aldrich
[OK] 1611-56-9 | 11-bromo-1-undecanol | files=1 | ChemBlink/Alfa-Aesar
[NOTFOUND] 72-23-1 | 11-Dehydrocorticosterone
[OK] 126050-54-2 | 12H-Dibenzo(d,g)(1,3,2)dioxaphosphocin, 2,4,8,10-tetrakis(1,1-dimethylethyl)-6-((2-ethylhexyl)oxy) | files=1 | CAS-Search (www.adeka.com.cn)
[OK] 33100-27-5 | 15-crown-5 | files=1 | ChemBlink/Alfa-Aesar
[OK] 547-81-9 | 16-Epiestriol | files=1 | ChemBlink/Sigma-Aldrich
[OK] 58-18-4 | 17-methyl Testosterone | files=1 | ChemBlink/Sigma-Aldrich
[OK] 68-96-2 | 17α-Hydroxyprogesterone | files=1 | ChemBlink/Sigma-Aldrich
[OK] 17455-13-9 | 18-crown-6 | files=1 | ChemBlink/Alfa-Aesar
[OK] 98389-04-9 | 1H-Pyrazole-4-carboxylic acid | files=1 | CAS-Search (aksci.com)
[OK] 119462-56-5 | 1H-Pyrrole-2,5-dione, 1,1'-(1,3-phenylenebis(methylene))bis(3-methyl- | files=1 | CAS-Search (lanxess.com)
[OK] 3766-81-2 | 2-(1-Methylpropyl)phenol methylcarbamate | files=1 | ChemBlink/Sigma-Aldrich
[OK] 140-31-8 | 2-(1-Piperazinyl)ethylamine | files=1 | ChemBlink/Alfa-Aesar
[OK] 83016-70-0 | 2-(2-(2-dimethylamino ethoxy)-ethylmethylamino)-ethanol | files=1 | CAS-Search (www.newtopchem.com)
[OK] 929-06-6 | 2-(2-Aminoethoxy)ethanol | files=1 | ChemBlink/Alfa-Aesar
[OK] 111-41-1 | 2-(2-Aminoethylamino)ethanol | files=1 | ChemBlink/Alfa-Aesar
[OK] 4463-59-6 | 2-(2-Bromoethoxy)anisole | files=1 | ChemBlink/Alfa-Aesar
[OK] 16024-56-9 | 2-(2-Methoxyethoxy)acetic acid | files=1 | ChemBlink/Alfa-Aesar
[OK] 55-81-2 | 2-(4-Methoxyphenyl)ethylamine | files=1 | ChemBlink/Alfa-Aesar
[OK] 78375-48-1 | 2-(4-Morpholinyl)-ethyl isocyanide | files=1 | ChemBlink/Sigma-Aldrich
[OK] 3731-51-9 | 2-(Aminomethyl)pyridine | files=1 | ChemBlink/Alfa-Aesar
[OK] 22115-41-9 | 2-(Bromomethyl)-benzonitrile | files=1 | ChemBlink/Alfa-Aesar
[OK] 100-36-7 | 2-(Diethylamino)ethylamine | files=1 | ChemBlink/Alfa-Aesar
[OK] 13242-44-9 | 2-(Dimethylamino)ethanethiol hydrochloride | files=1 | ChemBlink/Alfa-Aesar
[OK] 5683-33-0 | 2-(Dimethylamino)pyridine | files=1 | ChemBlink/Alfa-Aesar
[OK] 110-73-6 | 2-(Ethylamino)ethanol | files=1 | ChemBlink/Alfa-Aesar
[OK] 20845-34-5 | 2-(Hydroxymethyl)-N-methylpiperidine | files=1 | ChemBlink/Alfa-Aesar
[OK] 3433-37-2 | 2-(Hydroxymethyl)piperidine | files=1 | ChemBlink/Alfa-Aesar
[OK] 5271-38-5 | 2-(Methylthio)ethanol | files=1 | ChemBlink/Alfa-Aesar
[OK] 14216-23-0 | 2-(Methylthio)ethylmethacrylate | files=1 | ChemBlink/Sigma-Aldrich
[OK] 122-98-5 | 2-(Phenylamino)ethanol | files=1 | ChemBlink/Alfa-Aesar
[OK] 66605-57-0 | 2-(tert-Butoxycarbonylamino)-3-phenyl-1-propanol | files=1 | ChemBlink/Alfa-Aesar
[OK] 4620-70-6 | 2-(tert-butylamine) ethanol | files=1 | ChemBlink/Oakwood
[OK] 312-94-7 | 2-(Trifluoromethyl)benzoyl chloride | files=1 | ChemBlink/Alfa-Aesar
[OK] 38053-91-7 | 2-(Trimethylsiloxy)-1,3-butadiene | files=1 | CAS-Search (www.angenechemical.com)
[OK] 2916-68-9 | 2-(Trimethylsilyl)-ethanol | files=1 | ChemBlink/Alfa-Aesar
[OK] 1704-62-7 | 2-[2-(Dimethylamino)ethoxy]ethanol | files=1 | ChemBlink/Sigma-Aldrich
[OK] 76823-93-3 | 2-[4-(2-Cyanoethyl)methylthiothioazolyl]guanidine | files=1 | ChemBlink/Sigma-Aldrich
[OK] 50438-75-0 | 2-[4-(Dimethylamino)phenyl]ethanol | files=1 | ChemBlink/Sigma-Aldrich
[OK] 4432-31-9 | 2-[N-Morpholino]ethanesulfonic acid | files=1 | ChemBlink/Alfa-Aesar
[OK] 54-64-8 | 2-{(Ethylmercurio)thio}benzoic acid sodium salt | files=1 | ChemBlink/Alfa-Aesar
[OK] 89-52-1 | 2-ACETAMIDOBENZOIC ACID | files=1 | ChemBlink/Alfa-Aesar
[OK] 5538-51-2 | 2-Acetoxybenzoyl chloride | files=1 | ChemBlink/Alfa-Aesar
[OK] 40635-67-4 | 2-Acetoxyisobutyryl bromide | files=1 | ChemBlink/Alfa-Aesar
[OK] 1122-62-9 | 2-Acetylpyridine | files=1 | ChemBlink/Alfa-Aesar
[OK] 88-15-3 | 2-Acetylthiophene | files=1 | ChemBlink/Alfa-Aesar
[OK] 5165-97-9 | 2-Acrylamido-2-methyl-1-propanesulfonic acid,sodium salt | files=1 | ChemBlink/Matrix
[OK] 72824-04-5 | 2-Allyl-4,4,5,5-tetramethyl-1,3,2-dioxaborolane | files=1 | ChemBlink/Alfa-Aesar
[OK] 1745-81-9 | 2-Allylphenol | files=1 | ChemBlink/Alfa-Aesar
[OK] 96-20-8 | 2-Amino-1-butanol | files=1 | ChemBlink/Alfa-Aesar
[OK] 124-68-5 | 2-Amino-2-methyl-1-propanol | files=1 | ChemBlink/Alfa-Aesar
[OK] 115-69-5 | 2-Amino-2-methyl-1,3-propanediol | files=1 | ChemBlink/Alfa-Aesar
[OK] 75-64-9 | 2-Amino-2-methylpropane | files=1 | ChemBlink/Alfa-Aesar
[OK] 1603-40-3 | 2-Amino-3-methylpyridine | files=1 | ChemBlink/Alfa-Aesar
[OK] 4214-75-9 | 2-Amino-3-nitropyridine | files=1 | ChemBlink/Alfa-Aesar
[OK] 95-85-2 | 2-Amino-4-chlorophenol | files=1 | ChemBlink/Alfa-Aesar
[OK] 95-84-1 | 2-Amino-4-methylphenol | files=1 | ChemBlink/Alfa-Aesar
[OK] 695-34-1 | 2-Amino-4-methylpyridine | files=1 | ChemBlink/Alfa-Aesar
[OK] 2835-98-5 | 2-Amino-5-methylphenol | files=1 | ChemBlink/Alfa-Aesar
[OK] 1603-41-4 | 2-Amino-5-methylpyridine | files=1 | ChemBlink/Alfa-Aesar
[OK] 121-01-7 | 2-Amino-5-nitrobenzotrifluoride | files=1 | ChemBlink/Alfa-Aesar
[OK] 1824-81-3 | 2-Amino-6-methylpyridine | files=1 | ChemBlink/Alfa-Aesar
[OK] 117-79-3 | 2-Aminoanthraquinone | files=1 | ChemBlink/Alfa-Aesar
[OK] 529-23-7 | 2-aminobenzaldehyde | files=1 | ChemBlink/Sigma-Aldrich
[OK] 934-32-7 | 2-Aminobenzimidazole | files=1 | ChemBlink/Alfa-Aesar
[OK] 118-92-3 | 2-Aminobenzoic acid | files=1 | ChemBlink/Alfa-Aesar
[OK] 1885-29-6 | 2-Aminobenzonitrile | files=1 | ChemBlink/Alfa-Aesar
[OK] 1147-43-9 | 2-aminobenzophenone-2-carboxylic acid | files=1 | ChemBlink/Acros-Organics
[OK] 88-17-5 | 2-Aminobenzotrifluoride | files=1 | ChemBlink/Alfa-Aesar
[OK] 90-41-5 | 2-Aminodiphenyl | files=1 | ChemBlink/Alfa-Aesar
[OK] 107-35-7 | 2-Aminoethanesulfonic acid | files=1 | ChemBlink/Alfa-Aesar
[OK] 1071-23-4 | 2-Aminoethyl dihydrogen phosphate | files=1 | ChemBlink/Sigma-Aldrich
[OK] 524-95-8 | 2-Aminoethyl diphenylborinate | files=1 | ChemBlink/Alfa-Aesar
[OK] 123-82-0 | 2-Aminoheptane | files=1 | ChemBlink/Alfa-Aesar
[OK] 94-70-2 | 2-Aminophenetole | files=1 | ChemBlink/Alfa-Aesar
[OK] 95-55-6 | 2-Aminophenol | files=1 | ChemBlink/Alfa-Aesar
[OK] 504-29-0 | 2-Aminopyridine | files=1 | ChemBlink/Alfa-Aesar
[NOTFOUND] 125328-86-1 | 2-Anthracenesulfonic acid, 1-amino-4-((4-(1,1-dimethylethyl)phenyl)amino)-9,10-dihydro-9,10-dioxo-
[NOTFOUND] 84057-97-6 | 2-Anthracenesulfonic acid, 1-amino-9,10-dihydro-4-((2-methyl-5-(((4-methylphenyl)sulfonyl)amino)ph
[OK] 120-32-1 | 2-Benzyl-4-chlorophenol | files=1 | ChemBlink/Alfa-Aesar
[OK] 104-63-2 | 2-benzylaminoethanol | files=1 | ChemBlink/Alfa-Aesar
[OK] 132-27-4 | 2-BIPHENYLOL SODIUM SALT | files=1 | ChemBlink/Oakwood
[OK] 7252-83-7 | 2-Bromo-1,1-dimethoxyethane | files=1 | ChemBlink/Alfa-Aesar
[OK] 13294-71-8 | 2-Bromo-2-butene (mixture of cis- and trans- isomers) | files=1 | ChemBlink/Alfa-Aesar
[OK] 52-51-7 | 2-Bromo-2-nitro-1,3-propanediol | files=1 | ChemBlink/Alfa-Aesar
[OK] 565-74-2 | 2-Bromo-3-methylbutyric acid | files=1 | ChemBlink/Alfa-Aesar
[OK] 583-68-6 | 2-Bromo-4-methylaniline | files=1 | ChemBlink/Alfa-Aesar
[OK] 2632-13-5 | 2-Bromo-4'-methoxyacetophenone | files=1 | ChemBlink/Alfa-Aesar
[OK] 57381-39-2 | 2-Bromo-5-fluorobenzonitrile | files=1 | ChemBlink/Alfa-Aesar
[OK] 70-11-1 | 2-Bromoacetophenone | files=1 | ChemBlink/Alfa-Aesar
[OK] 615-36-1 | 2-Bromoaniline | files=1 | ChemBlink/Alfa-Aesar
[OK] 578-57-4 | 2-Bromoanisole | files=1 | ChemBlink/Alfa-Aesar
[OK] 6630-33-7 | 2-bromobenzaldehyde | files=1 | ChemBlink/Alfa-Aesar
[OK] 2042-37-7 | 2-Bromobenzonitrile | files=1 | ChemBlink/Alfa-Aesar
[OK] 3433-80-5 | 2-Bromobenzyl bromide | files=1 | ChemBlink/Alfa-Aesar
[OK] 78-76-2 | 2-Bromobutane | files=1 | ChemBlink/Alfa-Aesar
[OK] 80-58-0 | 2-Bromobutyric acid | files=1 | ChemBlink/Alfa-Aesar
[NOTFOUND] 54971-26-5 | 2-Bromocaproyl bromide
[OK] 4263-52-9 | 2-Bromoethanesulfonic acid sodium salt | files=1 | ChemBlink/Alfa-Aesar
[OK] 540-51-2 | 2-Bromoethanol | files=1 | ChemBlink/Alfa-Aesar
[OK] 35420-95-2 | 2-Bromoethyl ethyl sulphide | files=1 | ChemBlink/Oakwood
[OK] 577-19-5 | 2-Bromonitrobenzene | files=1 | ChemBlink/Alfa-Aesar
[OK] 75-26-3 | 2-Bromopropane | files=1 | ChemBlink/Alfa-Aesar
[OK] 563-76-8 | 2-Bromopropionyl bromide | files=1 | ChemBlink/Alfa-Aesar
[OK] 2114-00-3 | 2-Bromopropiophenone | files=1 | ChemBlink/Alfa-Aesar
[OK] 1003-09-4 | 2-Bromothiophene | files=1 | ChemBlink/Alfa-Aesar
[OK] 6320-02-1 | 2-Bromothiophenol | files=1 | ChemBlink/Alfa-Aesar
[OK] 95-46-5 | 2-Bromotoluene | files=1 | ChemBlink/Alfa-Aesar
[OK] 6117-91-5 | 2-Buten-1-ol | files=1 | ChemBlink/Alfa-Aesar
[OK] 107-01-7 | 2-Butene (cis and trans) | files=1 | ChemBlink/Sigma-Aldrich
[OK] 112-07-2 | 2-Butoxyethyl acetate | files=1 | ChemBlink/Alfa-Aesar
[OK] 83857-96-9 | 2-Butyl-5-chloro-1H-imidazole-4-carbaldehyde | files=1 | ChemBlink/Sigma-Aldrich
[OK] 503-17-3 | 2-Butyne | files=1 | ChemBlink/Alfa-Aesar
[OK] 764-01-2 | 2-Butyne-1-ol | files=1 | ChemBlink/Alfa-Aesar
[OK] 119-67-5 | 2-carboxybenzadehyde | files=1 | ChemBlink/Alfa-Aesar
[OK] 2837-89-0 | 2-Chloro-1,1,1,2-tetrafluoroethane | files=1 | ChemBlink/Alfa-Aesar
[OK] 507-20-0 | 2-Chloro-2-methylpropane | files=1 | ChemBlink/Alfa-Aesar
[OK] 447-31-4 | 2-Chloro-2-phenylacetophenone | files=1 | ChemBlink/Alfa-Aesar
[OK] 2497-91-8 | 2-Chloro-3,5-dinitrobenzoic acid | files=1 | ChemBlink/Alfa-Aesar
[OK] 1996-41-4 | 2-Chloro-4-fluorophenol | files=1 | ChemBlink/Alfa-Aesar
[OK] 53250-83-2 | 2-Chloro-4-methylsulfonylbenzoic acid | files=1 | ChemBlink/Alfa-Aesar
[OK] 121-87-9 | 2-Chloro-4-nitroaniline | files=1 | ChemBlink/Alfa-Aesar
[OK] 619-08-9 | 2-Chloro-4-nitrophenol | files=1 | ChemBlink/Alfa-Aesar
[OK] 1929-82-4 | 2-Chloro-6-(trichloromethyl)pyridine | files=1 | ChemBlink/Alfa-Aesar
[OK] 668-45-1 | 2-Chloro-6-fluorobenzonitrile | files=1 | ChemBlink/Alfa-Aesar
[OK] 443-83-4 | 2-Chloro-6-fluorotoluene | files=1 | ChemBlink/Alfa-Aesar
[OK] 2315-36-8 | 2-Chloro-N,N-diethylacetamide | files=1 | ChemBlink/Alfa-Aesar
[OK] 532-27-4 | 2-Chloroacetophenone | files=1 | ChemBlink/Alfa-Aesar
[OK] 95-51-2 | 2-Chloroaniline | files=1 | ChemBlink/Alfa-Aesar
[OK] 766-51-8 | 2-chloroanisole | files=1 | ChemBlink/Alfa-Aesar
[OK] 873-32-5 | 2-Chlorobenzonitrile | files=1 | ChemBlink/Alfa-Aesar
[OK] 615-18-9 | 2-Chlorobenzoxazole | files=1 | ChemBlink/Alfa-Aesar
[OK] 609-65-4 | 2-Chlorobenzoyl chloride | files=1 | ChemBlink/Alfa-Aesar
[OK] 611-19-8 | 2-Chlorobenzyl chloride | files=1 | ChemBlink/Alfa-Aesar
[OK] 89-97-4 | 2-Chlorobenzylamine | files=1 | ChemBlink/Alfa-Aesar
[OK] 78-86-4 | 2-Chlorobutane | files=1 | ChemBlink/Alfa-Aesar
[OK] 1622-32-8 | 2-Chloroethanesulphonyl chloride | files=1 | ChemBlink/Alfa-Aesar
[OK] 625-29-6 | 2-Chloropentane | files=1 | Name-Search (synquestprodstorage.blob.core.windows.net)
[OK] 95-57-8 | 2-Chlorophenol | files=1 | ChemBlink/Alfa-Aesar
[OK] 2856-63-5 | 2-Chlorophenylacetonitrile | files=1 | ChemBlink/Alfa-Aesar
[OK] 75-29-6 | 2-Chloropropane | files=1 | ChemBlink/Alfa-Aesar
[OK] 598-78-7 | 2-Chloropropionic acid | files=1 | ChemBlink/Alfa-Aesar
[OK] 7623-09-8 | 2-Chloropropionyl chloride | files=1 | ChemBlink/Alfa-Aesar
[OK] 109-09-1 | 2-Chloropyridine | files=1 | ChemBlink/Alfa-Aesar
[OK] 612-62-4 | 2-Chloroquinoline | files=1 | ChemBlink/Alfa-Aesar
[OK] 2039-87-4 | 2-Chlorostyrene | files=1 | ChemBlink/Alfa-Aesar
[OK] 96-43-5 | 2-Chlorothiophene | files=1 | ChemBlink/Alfa-Aesar
[OK] 95-49-8 | 2-Chlorotoluene | files=1 | ChemBlink/Alfa-Aesar
[OK] 42074-68-0 | 2-chlorotrityl chloride | files=1 | ChemBlink/Alfa-Aesar
[OK] 4442-79-9 | 2-Cyclohexylethanol | files=1 | ChemBlink/Alfa-Aesar
[OK] 533-67-5 | 2-Deoxy-D-ribose | files=1 | ChemBlink/Alfa-Aesar
[OK] 105-16-8 | 2-Diethylaminoethyl methacrylate | files=1 | ChemBlink/Sigma-Aldrich
[OK] 926-64-7 | 2-Dimethylaminoacetonitrile | files=1 | ChemBlink/Alfa-Aesar
[OK] 2867-47-2 | 2-Dimethylaminoethyl methacrylate | files=1 | ChemBlink/Alfa-Aesar
[OK] 82-66-6 | 2-Diphenylacetyl-1,3-Indandione | files=1 | ChemBlink/Sigma-Aldrich
[OK] 6175-49-1 | 2-Dodecanone | files=1 | ChemBlink/Alfa-Aesar
[OK] 77501-63-4 | 2-Ethoxy-1-methyl-2-oxoethyl 5-(2-chloro-4-(trifluoromethyl)phenoxy)-2-nitrobenzoate | files=1 | ChemBlink/Sigma-Aldrich
[NOTFOUND] 4732-14-3 | 2-Ethoxy-1,3,5-trinitro-benzene
[OK] 103-75-3 | 2-Ethoxy-3,4-dihydro-2H-pyran | files=1 | ChemBlink/Sigma-Aldrich
[OK] 110-80-5 | 2-Ethoxyethanol | files=1 | ChemBlink/Alfa-Aesar
[OK] 111-15-9 | 2-Ethoxyethyl acetate | files=1 | ChemBlink/Alfa-Aesar
[OK] 592-55-2 | 2-Ethoxyethyl bromide | files=1 | ChemBlink/Alfa-Aesar
[OK] 628-34-2 | 2-Ethoxyethyl chloride | files=1 | ChemBlink/Alfa-Aesar
[OK] 94-71-3 | 2-Ethoxyphenol | files=1 | ChemBlink/Alfa-Aesar
[OK] 97-95-0 | 2-Ethyl-1-butanol | files=1 | ChemBlink/Alfa-Aesar
[OK] 94-96-2 | 2-Ethyl-1,3-hexanediol | files=1 | ChemBlink/Alfa-Aesar
[OK] 77-99-6 | 2-Ethyl-2-(hydroxymethyl)-1,3-propanediol | files=1 | ChemBlink/Alfa-Aesar
[OK] 10431-98-8 | 2-Ethyl-2-oxazoline | files=1 | ChemBlink/Alfa-Aesar
[OK] 24549-06-2 | 2-Ethyl-6-methylaniline | files=1 | ChemBlink/Alfa-Aesar
[OK] 578-54-1 | 2-Ethylaniline | files=1 | ChemBlink/Alfa-Aesar
[OK] 88-09-5 | 2-Ethylbutyric acid | files=1 | ChemBlink/Alfa-Aesar
[OK] 149-57-5 | 2-ethylhexanoic acid | files=1 | ChemBlink/Alfa-Aesar
[OK] 7659-86-1 | 2-Ethylhexyl-thioglycolate | files=1 | ChemBlink/Sigma-Aldrich
[OK] 104-75-6 | 2-Ethylhexylamine | files=1 | ChemBlink/Alfa-Aesar
[OK] 688-84-6 | 2-Ethylhexylmethacrylate | files=1 | ChemBlink/Alfa-Aesar
[OK] 939-27-5 | 2-Ethylnaphthalene | files=1 | ChemBlink/Sigma-Aldrich
[OK] 90-00-6 | 2-Ethylphenol | files=1 | ChemBlink/Alfa-Aesar
[OK] 13925-00-3 | 2-Ethylpyrazine | files=1 | ChemBlink/Alfa-Aesar
[OK] 100-71-0 | 2-Ethylpyridine | files=1 | ChemBlink/Alfa-Aesar
[OK] 872-55-9 | 2-Ethylthiophene | files=1 | ChemBlink/Alfa-Aesar
[OK] 611-14-3 | 2-Ethyltoluene | files=1 | ChemBlink/Alfa-Aesar
[OK] 369-35-7 | 2-Fluoro-4-nitroaniline | files=1 | ChemBlink/Alfa-Aesar
[OK] 218301-22-5 | 2-Fluoro-5-formylbenzonitrile | files=1 | ChemBlink/Sigma-Aldrich
[OK] 69045-82-5 | 2-Fluoro-5-trifluoromethylpyridine | files=1 | ChemBlink/Alfa-Aesar
[OK] 348-54-9 | 2-Fluoroaniline | files=1 | ChemBlink/Alfa-Aesar
[OK] 321-28-8 | 2-Fluoroanisole | files=1 | ChemBlink/Alfa-Aesar
[OK] 446-52-6 | 2-Fluorobenzaldehyde | files=1 | ChemBlink/Alfa-Aesar
[OK] 394-47-8 | 2-Fluorobenzonitrile | files=1 | ChemBlink/Alfa-Aesar
[OK] 393-52-2 | 2-Fluorobenzoyl chloride | files=1 | ChemBlink/Alfa-Aesar
[OK] 345-35-7 | 2-Fluorobenzyl chloride | files=1 | ChemBlink/Alfa-Aesar
[OK] 371-62-0 | 2-Fluoroethanol | files=1 | ChemBlink/Alfa-Aesar
[OK] 367-12-4 | 2-Fluorophenol | files=1 | ChemBlink/Alfa-Aesar
[OK] 372-48-5 | 2-Fluoropyridine | files=1 | ChemBlink/Alfa-Aesar
[OK] 95-52-3 | 2-Fluorotoluene | files=1 | ChemBlink/Alfa-Aesar
[OK] 40138-16-7 | 2-Formylphenylboronic acid | files=1 | ChemBlink/Alfa-Aesar
[OK] 88-14-2 | 2-Furancarboxylic acid | files=1 | ChemBlink/Alfa-Aesar
[OK] 98-02-2 | 2-Furanmethanethiol | files=1 | ChemBlink/Alfa-Aesar
[OK] 527-69-5 | 2-Furoyl chloride | files=1 | ChemBlink/Alfa-Aesar
[OK] 1192-62-7 | 2-Furyl methyl ketone | files=1 | ChemBlink/Alfa-Aesar
[OK] 543-49-7 | 2-Heptanol | files=1 | ChemBlink/Alfa-Aesar
[OK] 626-93-7 | 2-Hexanol | files=1 | ChemBlink/Alfa-Aesar
[OK] 591-78-6 | 2-Hexanone | files=1 | ChemBlink/Alfa-Aesar
[OK] 592-43-8 | 2-Hexene | files=1 | ChemBlink/Alfa-Aesar
[OK] 764-35-2 | 2-Hexyne | files=1 | ChemBlink/Alfa-Aesar
[OK] 3737-95-9 | 2-hydroxy-1-(2-hydroxy-4-sulfo-1-naphthylazo)-3-naphthoic acid | files=1 | ChemBlink/Alfa-Aesar
[OK] 83-72-7 | 2-hydroxy-1,4-naphthoquinone | files=1 | ChemBlink/Alfa-Aesar
[OK] 133-91-5 | 2-Hydroxy-3,5-diiodobenzoic acid | files=1 | ChemBlink/Alfa-Aesar
[OK] 609-99-4 | 2-Hydroxy-3,5-dinitrobenzoic acid | files=1 | ChemBlink/Alfa-Aesar
[OK] 772-33-8 | 2-Hydroxy-5-Nitrobenzyl bromide | files=1 | ChemBlink/Alfa-Aesar
[OK] 614-60-8 | 2-Hydroxycinnamic acid | files=1 | ChemBlink/Alfa-Aesar
[OK] 868-77-9 | 2-Hydroxyethyl methacrylate | files=1 | ChemBlink/Alfa-Aesar
[OK] 999-61-1 | 2-Hydroxypropyl acrylate | files=1 | ChemBlink/Sigma-Aldrich
[OK] 128446-35-5 | 2-hydroxypropyl-beta-cyclodextrin | files=1 | ChemBlink/Alfa-Aesar
[OK] 96-45-7 | 2-Imidazolidinethione | files=1 | ChemBlink/Alfa-Aesar
[OK] 120-93-4 | 2-imidazolidone | files=1 | ChemBlink/Sigma-Aldrich
[OK] 353-83-3 | 2-Iodo-1,1,1-trifluoroethane | files=1 | ChemBlink/Alfa-Aesar
[OK] 615-43-0 | 2-Iodoaniline | files=1 | ChemBlink/Alfa-Aesar
[OK] 88-67-5 | 2-Iodobenzoic acid | files=1 | ChemBlink/Alfa-Aesar
[OK] 513-48-4 | 2-Iodobutane | files=1 | ChemBlink/Alfa-Aesar
[OK] 624-76-0 | 2-Iodoethanol | files=1 | ChemBlink/Alfa-Aesar
[OK] 533-58-4 | 2-Iodophenol | files=1 | ChemBlink/Alfa-Aesar
[OK] 75-30-9 | 2-Iodopropane | files=1 | ChemBlink/Alfa-Aesar
[OK] 3437-95-4 | 2-Iodothiophene | files=1 | ChemBlink/Alfa-Aesar
[OK] 615-37-2 | 2-iodotoluene | files=1 | ChemBlink/Alfa-Aesar
[OK] 4812-20-8 | 2-isopropoxyphenol | files=1 | ChemBlink/Alfa-Aesar
[OK] 88-69-7 | 2-Isopropylphenol | files=1 | ChemBlink/Alfa-Aesar
[OK] 149-30-4 | 2-Mercaptobenzothiazole | files=1 | ChemBlink/Alfa-Aesar
[OK] 60-24-2 | 2-Mercaptoethanol | files=1 | ChemBlink/Alfa-Aesar
[OK] 38521-46-9 | 2-Mercaptonicotinic acid | files=1 | ChemBlink/Alfa-Aesar
[OK] 1121-24-0 | 2-Mercaptophenol | files=1 | ChemBlink/Alfa-Aesar
[OK] 79-42-5 | 2-Mercaptopropionic acid | files=1 | ChemBlink/Alfa-Aesar
[OK] 70657-70-4 | 2-Methoxy-1-propanol Acetate | files=1 | ChemBlink/Ambeed
[OK] 97-52-9 | 2-Methoxy-4-nitroaniline | files=1 | ChemBlink/Alfa-Aesar
[OK] 636-93-1 | 2-Methoxy-5-nitrophenol | files=1 | ChemBlink/Alfa-Aesar
[OK] 612-16-8 | 2-Methoxybenzyl alcohol | files=1 | ChemBlink/Alfa-Aesar
[OK] 6850-57-3 | 2-Methoxybenzylamine | files=1 | ChemBlink/Alfa-Aesar
[OK] 6099-03-2 | 2-Methoxycinnamic acid | files=1 | ChemBlink/Alfa-Aesar
[OK] 3121-61-7 | 2-Methoxyethyl acrylate | files=1 | ChemBlink/Alfa-Aesar
[OK] 627-42-9 | 2-Methoxyethyl chloride | files=1 | ChemBlink/Alfa-Aesar
[OK] 109-85-3 | 2-Methoxyethylamine | files=1 | ChemBlink/Alfa-Aesar
[OK] 3149-28-8 | 2-Methoxypyrazine | files=1 | ChemBlink/Alfa-Aesar
[OK] 137-32-6 | 2-Methyl-1-butanol | files=1 | ChemBlink/Alfa-Aesar
[OK] 563-46-2 | 2-Methyl-1-butene | files=1 | ChemBlink/Alfa-Aesar
[OK] 4469-25-4 | 2-Methyl-1,3-dioxepane | files=1 | ChemBlink/Alfa-Aesar
[OK] 513-35-9 | 2-Methyl-2-butene | files=1 | ChemBlink/Alfa-Aesar
[OK] 994-05-8 | 2-Methyl-2-methoxybutane | files=1 | ChemBlink/Sigma-Aldrich
[OK] 98-06-6 | 2-Methyl-2-phenylpropane | files=1 | ChemBlink/Alfa-Aesar
[OK] 513-42-8 | 2-Methyl-2-propen-1-ol | files=1 | ChemBlink/Alfa-Aesar
[OK] 2346-00-1 | 2-Methyl-2-thiazoline | files=1 | ChemBlink/Alfa-Aesar
[OK] 107-41-5 | 2-Methyl-2,4-pentanediol | files=1 | ChemBlink/Alfa-Aesar
[OK] 115-18-4 | 2-Methyl-3-buten-2-ol | files=1 | ChemBlink/Alfa-Aesar
[OK] 115-19-5 | 2-Methyl-3-butyn-2-ol | files=1 | ChemBlink/Alfa-Aesar
[OK] 603-83-8 | 2-Methyl-3-nitroaniline | files=1 | ChemBlink/Alfa-Aesar
[OK] 99-52-5 | 2-Methyl-4-nitroaniline | files=1 | ChemBlink/Alfa-Aesar
[OK] 570-24-1 | 2-Methyl-6-nitroaniline | files=1 | ChemBlink/Alfa-Aesar
[OK] 578-58-5 | 2-Methylanisole | files=1 | ChemBlink/Alfa-Aesar
[OK] 120-75-2 | 2-Methylbenzothiazole | files=1 | ChemBlink/Alfa-Aesar
[OK] 89-92-9 | 2-Methylbenzyl bromide | files=1 | ChemBlink/Alfa-Aesar
[OK] 552-45-4 | 2-Methylbenzylchloride (stabilised) | files=1 | ChemBlink/Alfa-Aesar
[OK] 116-53-0 | 2-Methylbutyric acid | files=1 | ChemBlink/Alfa-Aesar
[OK] 4536-23-6 | 2-Methylcaproic acid | files=1 | ChemBlink/Alfa-Aesar
[OK] 583-59-5 | 2-Methylcyclohexanol | files=1 | ChemBlink/Alfa-Aesar
[OK] 583-60-8 | 2-Methylcyclohexanone | files=1 | ChemBlink/Alfa-Aesar
[OK] 534-22-5 | 2-Methylfuran | files=1 | ChemBlink/Alfa-Aesar
[OK] 4553-62-2 | 2-Methylglutaronitrile | files=1 | ChemBlink/Sigma-Aldrich
[OK] 592-27-8 | 2-Methylheptane | files=1 | ChemBlink/Alfa-Aesar
[OK] 591-76-4 | 2-Methylhexane | files=1 | ChemBlink/Alfa-Aesar
[OK] 91-57-6 | 2-methylnaphthalene | files=1 | ChemBlink/Alfa-Aesar
[OK] 590-36-3 | 2-Methylpentan-2-ol | files=1 | ChemBlink/Alfa-Aesar
[OK] 107-83-5 | 2-Methylpentane | files=1 | ChemBlink/Alfa-Aesar
[OK] 97-61-0 | 2-Methylpentanoic acid | files=1 | ChemBlink/Alfa-Aesar
[OK] 614-69-7 | 2-Methylphenylisothiocyanate | files=1 | ChemBlink/Alfa-Aesar
[OK] 109-05-7 | 2-Methylpiperidine | files=1 | ChemBlink/Alfa-Aesar
[OK] 109-08-0 | 2-Methylpyrazine | files=1 | ChemBlink/Alfa-Aesar
[OK] 96-47-9 | 2-Methyltetrahydrofuran | files=1 | ChemBlink/Alfa-Aesar
[OK] 554-14-3 | 2-Methylthiophene | files=1 | ChemBlink/Alfa-Aesar
[OK] 86393-35-3 | 2-Naphthalenesulfonic acid, 7-((4-chloro-6-(methyl(2-methylphenyl)amino)-1,3,5-triazin-2-yl)amino) | files=1 | CAS-Search (www.ichemistry.cn)
[OK] 135-19-3 | 2-Naphthol | files=1 | ChemBlink/Alfa-Aesar
[OK] 2243-83-6 | 2-Naphthoyl chloride | files=1 | ChemBlink/Alfa-Aesar
[OK] 1523-11-1 | 2-Naphthyl acetate | files=1 | ChemBlink/Alfa-Aesar
[OK] 32316-92-0 | 2-Naphthylboronic acid | files=1 | ChemBlink/Alfa-Aesar
[OK] 5307-14-2 | 2-Nitro-1,4-phenylenediamine | files=1 | ChemBlink/Alfa-Aesar
[OK] 77-49-6 | 2-Nitro-2-methyl-1,3-propanediol | files=1 | ChemBlink/Alfa-Aesar
[OK] 88-74-4 | 2-Nitroaniline | files=1 | ChemBlink/Alfa-Aesar
[OK] 91-23-6 | 2-Nitroanisole | files=1 | ChemBlink/Alfa-Aesar
[OK] 552-89-6 | 2-Nitrobenzaldehyde | files=1 | ChemBlink/Alfa-Aesar
[OK] 16004-43-6 | 2-Nitrobenzaldehyde semicabazone | files=1 | ChemBlink/Alfa-Aesar
[OK] 7669-54-7 | 2-Nitrobenzenesulfenyl chloride | files=1 | ChemBlink/Alfa-Aesar
[OK] 20627-73-0 | 2-nitrobenzenzaldehyd dimethylacetal | files=1 | CAS-Search (static.cymitquimica.com)
[OK] 552-16-9 | 2-Nitrobenzoic acid | files=1 | ChemBlink/Alfa-Aesar
[OK] 3958-60-9 | 2-Nitrobenzyl bromide | files=1 | ChemBlink/Alfa-Aesar
[OK] 612-23-7 | 2-Nitrobenzyl chloride | files=1 | ChemBlink/Alfa-Aesar
[OK] 581-89-5 | 2-Nitronaphthalene | files=1 | ChemBlink/Sigma-Aldrich
[OK] 88-75-5 | 2-Nitrophenol | files=1 | ChemBlink/Alfa-Aesar
[OK] 369-07-3 | 2-Nitrophenyl-B-D-galactopyranoside | files=1 | ChemBlink/Alfa-Aesar
[OK] 79-46-9 | 2-Nitropropane | files=1 | ChemBlink/Alfa-Aesar
[OK] 88-72-2 | 2-Nitrotoluene | files=1 | ChemBlink/Alfa-Aesar
[OK] 628-99-9 | 2-Nonanol | files=1 | ChemBlink/Carl-Roth
[OK] 10027-06-2 | 2-Norbornyl acrylate | files=1 | CAS-Search (static.cymitquimica.com)
[OK] 623145-57-3 | 2-NP-AHD | files=1 | ChemBlink/Sigma-Aldrich
[OK] 19687-73-1 | 2-NP-AOZ | files=1 | ChemBlink/Sigma-Aldrich
[OK] 123-96-6 | 2-Octanol | files=1 | ChemBlink/Alfa-Aesar
[OK] 111-13-7 | 2-Octanone | files=1 | ChemBlink/Alfa-Aesar
[OK] 497-25-6 | 2-Oxazolidinone | files=1 | ChemBlink/Alfa-Aesar
[OK] 328-42-7 | 2-oxobutanedioic acid | files=1 | ChemBlink/Alfa-Aesar
[OK] 328-50-7 | 2-oxoglutaric acid | files=1 | ChemBlink/Alfa-Aesar
[OK] 6032-29-7 | 2-Pentanol | files=1 | ChemBlink/Alfa-Aesar
[OK] 107-87-9 | 2-Pentanone | files=1 | ChemBlink/Alfa-Aesar
[OK] 625-27-4 | 2-Pentene, 2-methyl- | files=1 | ChemBlink/Sigma-Aldrich
[OK] 25899-50-7 | 2-PENTENENITRILE,(Z)- | files=1 | ChemBlink/Matrix
[OK] 627-21-4 | 2-Pentyne | files=1 | ChemBlink/Alfa-Aesar
[OK] 122-99-6 | 2-Phenoxyethanol | files=1 | ChemBlink/Alfa-Aesar
[OK] 135-98-8 | 2-Phenylbutane | files=1 | ChemBlink/Alfa-Aesar
[OK] 1444-64-0 | 2-Phenylcyclohexanol | files=1 | ChemBlink/Ambeed
[OK] 64-04-0 | 2-Phenylethylamine | files=1 | ChemBlink/Alfa-Aesar
[OK] 90-43-7 | 2-Phenylphenol | files=1 | ChemBlink/Alfa-Aesar
[OK] 1570-95-2 | 2-Phenylpropane-1,3-diol | files=1 | ChemBlink/Alfa-Aesar
[OK] 492-37-5 | 2-Phenylpropionic acid | files=1 | ChemBlink/Alfa-Aesar
[OK] 1008-89-5 | 2-Phenylpyridine | files=1 | ChemBlink/Alfa-Aesar
[OK] 109-06-8 | 2-Picoline | files=1 | ChemBlink/Alfa-Aesar
[OK] 37143-54-7 | 2-Propanamine, 1-methoxy- | files=1 | ChemBlink/Sigma-Aldrich
[OK] 10147-37-2 | 2-Propane sulfonyl chloride | files=1 | ChemBlink/Alfa-Aesar
[OK] 75-33-2 | 2-Propanethiol | files=1 | ChemBlink/Alfa-Aesar
[OK] 7778-83-8 | 2-Propenoic acid, 3-phenyl-, propyl ester | files=1 | ChemBlink/Alfa-Aesar
[OK] 2807-30-9 | 2-Propoxyethanol | files=1 | ChemBlink/Sigma-Aldrich
[OK] 627-09-8 | 2-Propyn-1-ol, acetate | files=1 | ChemBlink/Alfa-Aesar
[OK] 1121-60-4 | 2-Pyridinecarbaldehyde | files=1 | ChemBlink/Alfa-Aesar
[OK] 100-70-9 | 2-Pyridinecarbonitrile | files=1 | ChemBlink/Alfa-Aesar
[OK] 616-45-5 | 2-Pyrrolidone | files=1 | ChemBlink/Alfa-Aesar
[OK] 89-72-5 | 2-sec-Butylphenol | files=1 | ChemBlink/Alfa-Aesar
[OK] 81-08-3 | 2-Sulfobenzoic anhydride | files=1 | ChemBlink/Alfa-Aesar
[OK] 88-18-6 | 2-tert-Butylphenol | files=1 | ChemBlink/Alfa-Aesar
[OK] 16874-33-2 | 2-Tetrahydrofurancarboxylic acid | files=1 | ChemBlink/Alfa-Aesar
[OK] 141-84-4 | 2-thio-4-ketothiazolidine | files=1 | ChemBlink/Alfa-Aesar
[OK] 504-17-6 | 2-thiobarbituric acid | files=1 | ChemBlink/Alfa-Aesar
[OK] 98-03-3 | 2-thiophenecarboxaldehyde | files=1 | ChemBlink/Alfa-Aesar
[OK] 141-90-2 | 2-Thiouracil | files=1 | ChemBlink/Alfa-Aesar
[OK] 79265-30-8 | 2-Trimethylsilylthiazole | files=1 | ChemBlink/Alfa-Aesar
[OK] 611-15-4 | 2-Vinyl toluene | files=1 | ChemBlink/Alfa-Aesar
[OK] 100-69-6 | 2-Vinylpyridine | files=1 | ChemBlink/Alfa-Aesar
[OK] 72-54-8 | 2,2-bis-(4-Chlorophenyl)-1,1-dichloroethane | files=1 | ChemBlink/Sigma-Aldrich
[NOTFOUND] 76-20-0 | 2,2-BIS(ETHYLSULFONYL)BUTANE
[OK] 75-99-0 | 2,2-Dichloropropionic acid | files=1 | ChemBlink/Alfa-Aesar
[NOTFOUND] 7076-53-1 | 2,2-Dichlorovinyl 2-ethylsulfinylethyl methyl phosphate
[OK] 126-84-1 | 2,2-Diethoxypropane | files=1 | ChemBlink/Alfa-Aesar
[NOTFOUND] 2614-76-8 | 2,2-Dihydroperoxy propane
[OK] 24650-42-8 | 2,2-Dimethoxy-2-phenylacetophenone | files=1 | ChemBlink/Sigma-Aldrich
[OK] 122-07-6 | 2,2-Dimethoxy-N-methylethylamine | files=1 | ChemBlink/Alfa-Aesar
[OK] 22483-09-6 | 2,2-Dimethoxyethylamine | files=1 | ChemBlink/Alfa-Aesar
[OK] 77-76-9 | 2,2-Dimethoxypropane | files=1 | ChemBlink/Alfa-Aesar
[OK] 2916-31-6 | 2,2-Dimethyl-1,3-dioxolan | files=1 | ChemBlink/Alfa-Aesar
[OK] 126-30-7 | 2,2-Dimethyl-1,3-propanediol | files=1 | ChemBlink/Alfa-Aesar
[OK] 75-83-2 | 2,2-Dimethylbutane | files=1 | ChemBlink/Alfa-Aesar
[OK] 590-73-8 | 2,2-Dimethylhexane | files=1 | ChemBlink/Sigma-Aldrich
[OK] 558-30-5 | 2,2-Dimethyloxirane | files=1 | ChemBlink/Alfa-Aesar
[OK] 590-35-2 | 2,2-Dimethylpentane | files=1 | ChemBlink/Matrix
[OK] 75-98-9 | 2,2-Dimethylpropionic acid | files=1 | ChemBlink/Alfa-Aesar
[OK] 7328-91-8 | 2,2-Dimethylpropylenediamine | files=1 | ChemBlink/Sigma-Aldrich
[OK] 1898-66-4 | 2,2-Diphenyl-1-picrylhydrazyl | files=1 | ChemBlink/Alfa-Aesar
[OK] 60010-51-7 | 2,2,2-Trichloroethyl phosphorodichloridite | files=1 | ChemBlink/Alfa-Aesar
[OK] 75-89-8 | 2,2,2-Trifluoroethanol | files=1 | ChemBlink/Alfa-Aesar
[OK] 352-87-4 | 2,2,2-Trifluoroethyl methacrylate | files=1 | ChemBlink/Alfa-Aesar
[OK] 464-06-2 | 2,2,3-Trimethylbutane | files=1 | ChemBlink/Alfa-Aesar
[OK] 564-02-3 | 2,2,3-Trimethylpentane | files=1 | CAS-Search (www.chemicalbook.com)
[OK] 594-82-1 | 2,2,3,3-Tetramethylbutane | files=1 | ChemBlink/Sigma-Aldrich
[OK] 422-64-0 | 2,2,3,3,3-Pentafluoropropionic acid | files=1 | ChemBlink/Alfa-Aesar
[OK] 375-01-9 | 2,2,3,3,4,4,4-Heptafluoro-1-butanol | files=1 | ChemBlink/Alfa-Aesar
[OK] 25265-77-4 | 2,2,4-Trimethyl-1,3-pentanediol monoisobutyrate | files=1 | ChemBlink/Alfa-Aesar
[OK] 540-84-1 | 2,2,4-Trimethylpentane | files=1 | ChemBlink/Alfa-Aesar
[OK] 2403-88-5 | 2,2,6,6-Tetramethyl-4-piperidinol | files=1 | ChemBlink/Alfa-Aesar
[OK] 826-36-8 | 2,2,6,6-Tetramethyl-4-piperidone | files=1 | ChemBlink/Sigma-Aldrich
[OK] 2564-83-2 | 2,2,6,6-Tetramethylpiperidin-1-oxyl | files=1 | ChemBlink/Alfa-Aesar
[OK] 768-66-1 | 2,2,6,6-Tetramethylpiperidine | files=1 | ChemBlink/Alfa-Aesar
[OK] 366-18-7 | 2,2'-Bipyridyl | files=1 | ChemBlink/Alfa-Aesar
[OK] 119-91-5 | 2,2'-Biquinoline | files=1 | ChemBlink/Alfa-Aesar
[OK] 17339-60-5 | 2,2'-BIS(DIMETHYLAMINO) DIETHYLSULPHIDE DIHYDROCHLORIDE | files=1 | CAS-Search (static.cymitquimica.com)
[OK] 1539-42-0 | 2,2'-Bis(pyridylmethyl)amine | files=1 | ChemBlink/Sigma-Aldrich
[OK] 6390-69-8 | 2,2'-Dihydroxy-3,3',5,5'-tetra-tert-butylbiphenyl | files=1 | CAS-Search (file.ambeed.com)
[OK] 2436-96-6 | 2,2'-Dinitrobiphenyl | files=1 | ChemBlink/Alfa-Aesar
[OK] 2127-03-9 | 2,2'-Dipyridyl disulfide | files=1 | ChemBlink/Alfa-Aesar
[OK] 120-78-5 | 2,2'-Dithiobis[benzothiazole] | files=1 | ChemBlink/Sigma-Aldrich
[OK] 4252-78-2 | 2,2',4'-Trichloroacetophenone | files=1 | ChemBlink/Alfa-Aesar
[OK] 3779-27-9 | 2,2’-bithiophene-5-carboxaldehyde | files=1 | ChemBlink/Matrix
[OK] 929-59-9 | 2,2′-(Ethylenedioxy)bis(ethylamine) | files=1 | ChemBlink/Alfa-Aesar
[OK] 30931-67-0 | 2,2′-Azino-bis(3-ethylbenzothiazoline-6-sulfonic acid) diammonium salt | files=1 | ChemBlink/Alfa-Aesar
[OK] 513-85-9 | 2,3-Butanediol | files=1 | ChemBlink/Alfa-Aesar
[OK] 431-03-8 | 2,3-Butanedione | files=1 | ChemBlink/Alfa-Aesar
[OK] 96-13-9 | 2,3-Dibromo-1-Propanol | files=1 | ChemBlink/Alfa-Aesar
[OK] 513-31-5 | 2,3-Dibromo-1-propene | files=1 | ChemBlink/Alfa-Aesar
[OK] 488-11-9 | 2,3-Dibromo-4-oxo-2-butenoic Acid | files=1 | ChemBlink/Alfa-Aesar
[OK] 598-71-0 | 2,3-dibromobutane | files=1 | Name-Search (www.chemicalbook.com)
[OK] 3140-93-0 | 2,3-Dibromothiophene | files=1 | ChemBlink/Alfa-Aesar
[OK] 616-23-9 | 2,3-Dichloro-1-propanol | files=1 | ChemBlink/Alfa-Aesar
[OK] 78-88-6 | 2,3-Dichloro-1-propene | files=1 | ChemBlink/Alfa-Aesar
[OK] 69045-84-7 | 2,3-dichloro-5-(trifluoromethyl)pyridine | files=1 | ChemBlink/Alfa-Aesar
[OK] 84-58-2 | 2,3-Dichloro-5,6-dicyano-1,4-benzoquinone | files=1 | ChemBlink/Alfa-Aesar
[OK] 608-27-5 | 2,3-Dichloroaniline | files=1 | ChemBlink/Alfa-Aesar
[OK] 6334-18-5 | 2,3-dichlorobenzaldehyde | files=1 | ChemBlink/Alfa-Aesar
[OK] 3209-22-1 | 2,3-Dichloronitrobenzene | files=1 | ChemBlink/Alfa-Aesar
[OK] 576-24-9 | 2,3-Dichlorophenol | files=1 | ChemBlink/Alfa-Aesar
[OK] 2402-77-9 | 2,3-Dichloropyridine | files=1 | ChemBlink/Alfa-Aesar
[OK] 4733-50-0 | 2,3-Dicyanohydroquinone | files=1 | ChemBlink/Sigma-Aldrich
[OK] 110-87-2 | 2,3-Dihydro-4H-pyran | files=1 | ChemBlink/Alfa-Aesar
[OK] 24677-78-9 | 2,3-dihydroxybenzaldehyde | files=1 | ChemBlink/Alfa-Aesar
[OK] 303-38-8 | 2,3-dihydroxybenzoic acid | files=1 | ChemBlink/Alfa-Aesar
[OK] 92-44-4 | 2,3-Dihydroxynaphthalene | files=1 | ChemBlink/Alfa-Aesar
[OK] 6956-96-3 | 2,3-Dimethoxy-1,4-naphthoquinone | files=1 | ChemBlink/Sigma-Aldrich
[OK] 563-79-1 | 2,3-Dimethyl-2-butene | files=1 | ChemBlink/Alfa-Aesar
[OK] 76-09-5 | 2,3-Dimethyl-2,3-butanediol | files=1 | ChemBlink/Alfa-Aesar
[OK] 87-59-2 | 2,3-Dimethylaniline | files=1 | ChemBlink/Alfa-Aesar
[OK] 563-78-0 | 2,3-Dimethylbut-1-ene | files=1 | ChemBlink/Alfa-Aesar
[OK] 79-29-8 | 2,3-Dimethylbutane | files=1 | ChemBlink/Alfa-Aesar
[OK] 766-39-2 | 2,3-Dimethylmaleic anhydride | files=1 | ChemBlink/Alfa-Aesar
[OK] 5910-89-4 | 2,3-Dimethylpyrazine | files=1 | ChemBlink/Alfa-Aesar
[OK] 66-56-8 | 2,3-Dinitrophenol | files=1 | ChemBlink/Sigma-Aldrich
[OK] 602-01-7 | 2,3-Dinitrotoluene | files=1 | ChemBlink/Sigma-Aldrich
[OK] 130014-35-6 | 2,3-Epoxypropyl 2-ethylcyclohexyl ether | files=1 | CAS-Search (static.cymitquimica.com)
[OK] 106-90-1 | 2,3-EPOXYPROPYL ACRYLATE | files=1 | ChemBlink/Ambeed
[OK] 3848-24-6 | 2,3-Hexanedione | files=1 | ChemBlink/Alfa-Aesar
[OK] 600-14-6 | 2,3-Pentanedione | files=1 | ChemBlink/Alfa-Aesar
[OK] 526-75-0 | 2,3-xylenol | files=1 | ChemBlink/Alfa-Aesar
[OK] 560-21-4 | 2,3,3-Trimethylpentane | files=1 | Name-Search (www.chemicalbook.com)
[NOTFOUND] 2431-50-7 | 2,3,4-trichloro-1-butene
[OK] 3862-73-5 | 2,3,4-Trifluoroaniline | files=1 | ChemBlink/Alfa-Aesar
[OK] 565-75-3 | 2,3,4-Trimethylpentane | files=1 | ChemBlink/Alfa-Aesar
[OK] 771-60-8 | 2,3,4,5,6-Pentafluoroaniline | files=1 | ChemBlink/Alfa-Aesar
[OK] 773-82-0 | 2,3,4,5,6-Pentafluorobenzonitrile | files=1 | ChemBlink/Alfa-Aesar
[OK] 2251-50-5 | 2,3,4,5,6-Pentafluorobenzoyl chloride | files=1 | ChemBlink/Alfa-Aesar
[OK] 1765-40-8 | 2,3,4,5,6-Pentafluorobenzylbromide | files=1 | ChemBlink/Alfa-Aesar
[OK] 653-34-9 | 2,3,4,5,6-Pentafluorostyreneo | files=1 | ChemBlink/Alfa-Aesar
[OK] 58-90-2 | 2,3,4,6-Tetrachlorophenol | files=1 | ChemBlink/Sigma-Aldrich
[OK] 56961-75-2 | 2,3,5-Trichlorobenzaldehyde | files=1 | ChemBlink/Alfa-Aesar
[OK] 16063-70-0 | 2,3,5-trichloropyridine | files=1 | ChemBlink/Alfa-Aesar
[OK] 700-13-0 | 2,3,5-trimethylhydroquinone | files=1 | ChemBlink/Alfa-Aesar
[OK] 298-96-4 | 2,3,5-triphenyltetrazolium chloride | files=1 | ChemBlink/Alfa-Aesar
[OK] 117-18-0 | 2,3,5,6-tetrachloronitrobenzene | files=1 | ChemBlink/Alfa-Aesar
[OK] 3102-87-2 | 2,3,5,6-Tetramethyl-1,4-phenylenediamine | files=1 | ChemBlink/Sigma-Aldrich
[OK] 50-31-7 | 2,3,6-trichlorobenzoic acid | files=1 | ChemBlink/Sigma-Aldrich
[OK] 1746-01-6 | 2,3,7,8-Tetrachlorodibenzo-p-Dioxin | files=1 | ChemBlink/Sigma-Aldrich
[OK] 19172-47-5 | 2,4-bis(4-Methoxyphenyl)-2,4-dithioxo1,3,2,4-dithiadiphosphe | files=1 | ChemBlink/Alfa-Aesar
[OK] 1929-73-3 | 2,4-D butoxyethyl ester | files=1 | ChemBlink/Sigma-Aldrich
[OK] 94-80-4 | 2,4-D butyl ester | files=1 | ChemBlink/Sigma-Aldrich
[OK] 25168-26-7 | 2,4-D isooctyl ester | files=1 | ChemBlink/Sigma-Aldrich
[OK] 94-11-1 | 2,4-D isopropyl | files=1 | ChemBlink/Sigma-Aldrich
[OK] 2702-72-9 | 2,4-D sodium (salt) | files=1 | ChemBlink/Matrix
[OK] 2008-39-1 | 2,4-D, Dimethylamine Salt | files=1 | ChemBlink/Sigma-Aldrich
[OK] 3599-58-4 | 2,4-D, ethanolamine salt | files=1 | CAS-Search (www.chemicalbook.com)
[OK] 94-82-6 | 2,4-DB | files=1 | ChemBlink/Alfa-Aesar
[OK] 615-57-6 | 2,4-Dibromoaniline | files=1 | ChemBlink/Alfa-Aesar
[OK] 89-75-8 | 2,4-Dichlorobenzoyl chloride | files=1 | ChemBlink/Alfa-Aesar
[OK] 94-99-5 | 2,4-Dichlorobenzyl chloride | files=1 | ChemBlink/Alfa-Aesar
[OK] 120-83-2 | 2,4-Dichlorophenol | files=1 | ChemBlink/Alfa-Aesar
[OK] 94-75-7 | 2,4-Dichlorophenoxyacetic acid | files=1 | ChemBlink/Alfa-Aesar
[OK] 5742-19-8 | 2,4-Dichlorophenoxyacetic acid, diethanolamine salt | files=1 | CAS-Search (www.cdms.telusagcg.com)
[OK] 2612-57-9 | 2,4-Dichlorophenyl isocyanate | files=1 | ChemBlink/Alfa-Aesar
[OK] 95-73-8 | 2,4-Dichlorotoluene | files=1 | ChemBlink/Alfa-Aesar
[OK] 367-25-9 | 2,4-Difluoroaniline | files=1 | ChemBlink/Alfa-Aesar
[OK] 95-01-2 | 2,4-Dihydroxybenzaldehyde | files=1 | ChemBlink/Alfa-Aesar
[OK] 89-86-1 | 2,4-Dihydroxybenzoic acid | files=1 | ChemBlink/Alfa-Aesar
[OK] 26419-73-8 | 2,4-Dimethyl-1,3-Dithiolane-2-carboxaldehyde O-[(methylamino)carbonyl]oxime | files=1 | CAS-Search (www.abdurrahmanince.net)
[OK] 600-36-2 | 2,4-Dimethyl-3-pentanol | files=1 | ChemBlink/Alfa-Aesar
[OK] 565-80-0 | 2,4-Dimethyl-3-pentanone | files=1 | ChemBlink/Alfa-Aesar
[OK] 95-68-1 | 2,4-Dimethylaniline | files=1 | ChemBlink/Alfa-Aesar
[OK] 589-43-5 | 2,4-Dimethylhexane reference substance | files=1 | ChemBlink/Sigma-Aldrich
[OK] 108-08-7 | 2,4-Dimethylpentane | files=1 | ChemBlink/Alfa-Aesar
[OK] 105-67-9 | 2,4-Dimethylphenol | files=1 | ChemBlink/Alfa-Aesar
[OK] 108-47-4 | 2,4-Dimethylpyridine | files=1 | ChemBlink/Alfa-Aesar
[OK] 97-02-9 | 2,4-Dinitroaniline | files=1 | ChemBlink/Alfa-Aesar
[OK] 119-27-7 | 2,4-Dinitroanisole | files=1 | ChemBlink/Alfa-Aesar
[OK] 610-57-1 | 2,4-Dinitrobenzyl chloride | files=1 | ChemBlink/Alfa-Aesar
[OK] 97-00-7 | 2,4-Dinitrochlorobenzene | files=1 | ChemBlink/Alfa-Aesar
[OK] 51-28-5 | 2,4-Dinitrophenol | files=1 | ChemBlink/Alfa-Aesar
[OK] 121-14-2 | 2,4-Dinitrotoluene | files=1 | ChemBlink/Alfa-Aesar
[OK] 110-44-1 | 2,4-Hexadienoic acid | files=1 | ChemBlink/Alfa-Aesar
[OK] 65855-02-9 | 2,4-Imidazolidinedione, 5-ethoxy-1-(phenylmethyl)- | files=1 | CAS-Search (www.aaronchem.com)
[OK] 107-39-1 | 2,4,4-Trimethyl-1-pentene | files=1 | ChemBlink/Alfa-Aesar
[OK] 1772-43-6 | 2,4,4-Trimethyl-2-oxazoline | files=1 | ChemBlink/Alfa-Aesar
[OK] 636-30-6 | 2,4,5-Trichloroaniline | files=1 | ChemBlink/Alfa-Aesar
[OK] 95-95-4 | 2,4,5-Trichlorophenol | files=1 | ChemBlink/Alfa-Aesar
[OK] 137-17-7 | 2,4,5-Trimethylaniline | files=1 | ChemBlink/Apollo
[OK] 108-75-8 | 2,4,6-Collidine | files=1 | ChemBlink/Alfa-Aesar
[OK] 108-78-1 | 2,4,6-Triamino-1,3,5-triazine | files=1 | ChemBlink/Alfa-Aesar
[OK] 147-82-0 | 2,4,6-Tribromoaniline | files=1 | ChemBlink/Alfa-Aesar
[OK] 118-79-6 | 2,4,6-Tribromophenol | files=1 | ChemBlink/Alfa-Aesar
[OK] 88-06-2 | 2,4,6-Trichlorophenol | files=1 | ChemBlink/Alfa-Aesar
[OK] 1667-01-2 | 2,4,6-Trimethylacetophenone | files=1 | ChemBlink/Alfa-Aesar
[OK] 88-05-1 | 2,4,6-Trimethylaniline | files=1 | ChemBlink/Alfa-Aesar
[OK] 773-64-8 | 2,4,6-Trimethylbenzenesulfonyl chloride | files=1 | ChemBlink/Alfa-Aesar
[OK] 3453-83-6 | 2,4,6-Trimethylbenzenesulphonic acid-dihydrat้ | files=1 | ChemBlink/Sigma-Aldrich
[OK] 3682-35-7 | 2,4,6-Tris(2-pyridyl)-s-triazine | files=1 | ChemBlink/Alfa-Aesar
[OK] 131-73-7 | 2,4,6,2',4',6',-HEXANITRODIPHENYLAMINE | files=1 | ChemBlink/Matrix
[OK] 108-62-3 | 2,4,6,8-TETRAMETHYL-1,3,5,7-TETROXOCANE | files=1 | ChemBlink/Alfa-Aesar
[OK] 789-02-6 | 2,4'-DDT | files=1 | ChemBlink/Alfa-Aesar
[OK] 99-73-0 | 2,4'-Dibromoacetophenone | files=1 | ChemBlink/Alfa-Aesar
[NOTFOUND] 86386-75-6 | 2,4'-Difluoro-2-(1H-1,2,4-triazol-1-yl)acetophenone hydrochloride
[OK] 71629-74-8 | 2,4(Or 2,6)-dinitrophenol | files=1 | CAS-Search (chemnovo.in)
[OK] 88-58-4 | 2,5-Di-tert-butylhydroquinone | files=1 | ChemBlink/Alfa-Aesar
[OK] 95-70-5 | 2,5-Diaminotoluene | files=1 | ChemBlink/Apollo
[OK] 95-82-9 | 2,5-Dichloroaniline | files=1 | ChemBlink/Alfa-Aesar
[OK] 583-78-8 | 2,5-Dichlorophenol | files=1 | ChemBlink/Alfa-Aesar
[OK] 367-30-6 | 2,5-Difluoroaniline | files=1 | ChemBlink/Alfa-Aesar
[OK] 332-77-4 | 2,5-Dihydro-2,5-dimethoxyfuran (mixture of cis- and trans isomers) | files=1 | ChemBlink/Alfa-Aesar
[OK] 1708-29-8 | 2,5-Dihydrofuran | files=1 | ChemBlink/Sigma-Aldrich
[OK] 1194-98-5 | 2,5-Dihydroxybenzaldehyde | files=1 | ChemBlink/Alfa-Aesar
[OK] 490-79-9 | 2,5-dihydroxybenzoic acid | files=1 | ChemBlink/Alfa-Aesar
[OK] 625-88-7 | 2,5-Diiodothiophene | files=1 | ChemBlink/Apollo
[OK] 696-59-3 | 2,5-Dimethoxytetrahydrofuran | files=1 | ChemBlink/Alfa-Aesar
[OK] 592-13-2 | 2,5-Dimethyl-hexane | files=1 | ChemBlink/Matrix
[OK] 95-78-3 | 2,5-Dimethylaniline | files=1 | ChemBlink/Alfa-Aesar
[OK] 95-26-1 | 2,5-Dimethylbenzothiazole | files=1 | ChemBlink/Alfa-Aesar
[OK] 625-86-5 | 2,5-Dimethylfuran | files=1 | ChemBlink/Alfa-Aesar
[OK] 95-87-4 | 2,5-Dimethylphenol | files=1 | ChemBlink/Alfa-Aesar
[OK] 1003-38-9 | 2,5-Dimethyltetrahydrofuran | files=1 | ChemBlink/Alfa-Aesar
[OK] 638-02-8 | 2,5-Dimethylthiophene | files=1 | ChemBlink/Alfa-Aesar
[OK] 329-71-5 | 2,5-Dinitrophenol | files=1 | ChemBlink/Alfa-Aesar
[OK] 110-13-4 | 2,5-Hexanedione | files=1 | ChemBlink/Alfa-Aesar
[OK] 128-37-0 | 2,6-Di-tert-Butyl-p-Cresol | files=1 | ChemBlink/Alfa-Aesar
[OK] 128-39-2 | 2,6-di-tert-Butylphenol | files=1 | ChemBlink/Alfa-Aesar
[OK] 585-48-8 | 2,6-di-tert-Butylpyridine | files=1 | ChemBlink/Alfa-Aesar
[OK] 583-93-7 | 2,6-DIAMINOPIMELIC ACID | files=1 | ChemBlink/Alfa-Aesar
[OK] 141-86-6 | 2,6-Diaminopyridine | files=1 | ChemBlink/Alfa-Aesar
[OK] 608-30-0 | 2,6-Dibromoaniline | files=1 | ChemBlink/Alfa-Aesar
[OK] 608-33-3 | 2,6-Dibromophenol | files=1 | ChemBlink/Alfa-Aesar
[OK] 626-05-1 | 2,6-Dibromopyridine | files=1 | ChemBlink/Alfa-Aesar
[OK] 608-31-1 | 2,6-Dichloroaniline | files=1 | ChemBlink/Alfa-Aesar
[OK] 4659-45-4 | 2,6-Dichlorobenzoyl chloride | files=1 | ChemBlink/Alfa-Aesar
[OK] 38496-18-3 | 2,6-Dichloronicotinic acid | files=1 | ChemBlink/Alfa-Aesar
[OK] 620-45-1 | 2,6-Dichlorophenolindophenol sodium salt | files=1 | ChemBlink/Alfa-Aesar
[OK] 3215-64-3 | 2,6-Dichlorophenylacetonitrile | files=1 | ChemBlink/Alfa-Aesar
[OK] 579-66-8 | 2,6-diethylaniline | files=1 | ChemBlink/Sigma-Aldrich
[OK] 5509-65-9 | 2,6-DIfluoroaniline | files=1 | ChemBlink/Alfa-Aesar
[OK] 1897-52-5 | 2,6-Difluorobenzonitrile | files=1 | ChemBlink/Alfa-Aesar
[OK] 1513-65-1 | 2,6-Difluoropyridine | files=1 | ChemBlink/Alfa-Aesar
[OK] 608-25-3 | 2,6-Dihydroxytoluene | files=1 | ChemBlink/Alfa-Aesar
[OK] 24544-04-5 | 2,6-Diisopropylaniline | files=1 | ChemBlink/Alfa-Aesar
[OK] 2078-54-8 | 2,6-Diisopropylphenol | files=1 | ChemBlink/Alfa-Aesar
[OK] 91-10-1 | 2,6-Dimethoxyphenol | files=1 | ChemBlink/Alfa-Aesar
[OK] 108-83-8 | 2,6-Dimethyl-4-heptanone | files=1 | ChemBlink/Alfa-Aesar
[OK] 87-62-7 | 2,6-Dimethylaniline | files=1 | ChemBlink/Alfa-Aesar
[OK] 2816-57-1 | 2,6-Dimethylcyclohexanone cis + trans | files=1 | ChemBlink/Alfa-Aesar
[OK] 581-42-0 | 2,6-Dimethylnaphthalene | files=1 | ChemBlink/Alfa-Aesar
[OK] 576-26-1 | 2,6-Dimethylphenol | files=1 | ChemBlink/Alfa-Aesar
[OK] 108-50-9 | 2,6-Dimethylpyrazine | files=1 | ChemBlink/Alfa-Aesar
[OK] 606-22-4 | 2,6-Dinitroaniline | files=1 | ChemBlink/Alfa-Aesar
[OK] 573-56-8 | 2,6-Dinitrophenol | files=1 | ChemBlink/Alfa-Aesar
[OK] 108-48-5 | 2,6-Lutidine | files=1 | ChemBlink/Alfa-Aesar
[OK] 499-83-2 | 2,6-pyridinedicarboxylic acid | files=1 | ChemBlink/Alfa-Aesar
[OK] 16433-88-8 | 2,7-Dibromofluorene | files=1 | ChemBlink/Alfa-Aesar
[OK] 582-17-2 | 2,7-Dihydroxynapthalene | files=1 | ChemBlink/Alfa-Aesar
[OK] 582-16-1 | 2,7-Dimethylnaphalene | files=1 | ChemBlink/Oakwood
[NOTFOUND] 85665-98-1 | 2,7-Naphthalenedisulfonic acid, 4-amino-3,6-bis((5-((4-chloro-6-((2-hydroxyethyl)amino)-1,3,5-tria
[OK] 108624-00-6 | 2,7-Naphthalenedisulfonic acid, 4-amino-6-((5-((5-chloro-2,6-difluoro-4-pyrimidinyl)amino)-2-sulfo | files=1 | CAS-Search (www.dick-blick.com)
[OK] 445-27-2 | 2'-Fluoroacetophenone | files=1 | ChemBlink/Alfa-Aesar
[OK] 143807-66-3 | 2'-tert-Butyl-5-methyl-2'-(3,5-xyloyl)-chromane-6-carboxydrazine | files=1 | CAS-Search (file.medchemexpress.com)
[OK] 41107-56-6 | 2',3'-dideoxy-3'-fluoro-uridine | files=1 | ChemBlink/Sigma-Aldrich
[OK] 76-54-0 | 2',7'-Dichloro-fluorescein | files=1 | ChemBlink/Alfa-Aesar
[OK] 4091-99-0 | 2'7'Dichlorofluorescin diacetate | files=1 | ChemBlink/Sigma-Aldrich
[OK] 84145-37-9 | 2(Or 3)-methylbutyl acetate | files=1 | Name-Search (www.autosmartaustralia.com.au)
[OK] 76204-02-9 | 2′-(4-Methylumbelliferyl)-α-D-N-acetylneuraminic acid sodium salt hydrate | files=1 | ChemBlink/Apollo
[OK] 90-24-4 | 2′-Hydroxy-4′,6′-dimethoxyacetophenone | files=1 | ChemBlink/Alfa-Aesar
[OK] 89-84-9 | 2′,4′-Dihydroxyacetophenone | files=1 | ChemBlink/Alfa-Aesar
[OK] 145-14-2 | 20α-Hydroxy-4-pregnen-3-one | files=1 | ChemBlink/Matrix
[OK] 64-85-7 | 21-Hydroxyprogesterone | files=1 | ChemBlink/Sigma-Aldrich
[OK] 14338-32-0 | 2Chloro-1-methyl-pyridinium iodide | files=1 | ChemBlink/Alfa-Aesar
[OK] 16290-26-9 | 3 4 - Dihydroxybenxylamine hyrobromide | files=1 | ChemBlink/Sigma-Aldrich
[OK] 1046-56-6 | 3-(2-Pyridyl)-5,6-diphenyl-1,2,4-triazine | files=1 | ChemBlink/Alfa-Aesar
[OK] 10516-71-9 | 3-(3-Methoxyphenyl)propionic | files=1 | ChemBlink/Alfa-Aesar
[OK] 28188-41-2 | 3-(Bromomethyl)-benzonitrile | files=1 | ChemBlink/Alfa-Aesar
[OK] 621-56-7 | 3-(Diethylamino)-1,2-propanediol | files=1 | ChemBlink/Alfa-Aesar
[OK] 3179-63-3 | 3-(Dimethylamino)-1-propanol | files=1 | ChemBlink/Alfa-Aesar
[OK] 1738-25-6 | 3-(Dimethylamino)propionitrile | files=1 | ChemBlink/Alfa-Aesar
[OK] 6291-84-5 | 3-(methylamino)propylamine | files=1 | ChemBlink/Alfa-Aesar
[OK] 3268-49-3 | 3-(Methylthio)propanal | files=1 | ChemBlink/Alfa-Aesar
[OK] 140-41-0 | 3-(p-CHLOROPHENYL)-1,1-DIMETHYLUREA TRICHLOROACETATE | files=1 | ChemBlink/Accu-Standard
[OK] 1535-73-5 | 3-(Trifluoromethoxy)-aniline | files=1 | ChemBlink/Alfa-Aesar
[OK] 4420-74-0 | 3-(Trimethoxysilyl)-1-propanethiol | files=1 | ChemBlink/Alfa-Aesar
[OK] 2975-46-4 | 3-(Trimethylsilyl)-2-propynal | files=1 | ChemBlink/Alfa-Aesar
[OK] 520-45-6 | 3-Acetyl-6-methyl-2,4-pyrandione | files=1 | ChemBlink/Alfa-Aesar
[OK] 156-87-6 | 3-Amino-1-propanol | files=1 | ChemBlink/Alfa-Aesar
[OK] 61-82-5 | 3-Amino-1,2,4-triazole | files=1 | ChemBlink/Alfa-Aesar
[OK] 59556-17-1 | 3-Amino-2,3-dihydrobenzoic acid hydrochloride | files=1 | ChemBlink/Cayman
[OK] 121-50-6 | 3-Amino-4-chlorobenzotrifluoride | files=1 | ChemBlink/Alfa-Aesar
[OK] 535-52-4 | 3-Amino-4-fluorobenzotrifluoride | files=1 | ChemBlink/Alfa-Aesar
[OK] 886-86-2 | 3-Aminobenzoic acid ethyl ester | files=1 | ChemBlink/Sigma-Aldrich
[OK] 2237-30-1 | 3-Aminobenzonitrile | files=1 | ChemBlink/Alfa-Aesar
[OK] 98-16-8 | 3-Aminobenzotrifluoride | files=1 | ChemBlink/Alfa-Aesar
[OK] 591-27-5 | 3-Aminophenol | files=1 | ChemBlink/Alfa-Aesar
[OK] 919-30-2 | 3-Aminopropyltriethoxysilane | files=1 | ChemBlink/Alfa-Aesar
[OK] 462-08-8 | 3-Aminopyridine | files=1 | ChemBlink/Alfa-Aesar
[OK] 627-18-9 | 3-Bromo-1-propanol | files=1 | ChemBlink/Alfa-Aesar
[OK] 106-95-6 | 3-Bromo-1-propene | files=1 | ChemBlink/Alfa-Aesar
[OK] 591-19-5 | 3-Bromoaniline | files=1 | ChemBlink/Alfa-Aesar
[OK] 6952-59-6 | 3-Bromobenzonitrile | files=1 | ChemBlink/Alfa-Aesar
[OK] 401-78-5 | 3-Bromobenzotrifluoride | files=1 | ChemBlink/Alfa-Aesar
[OK] 1711-09-7 | 3-Bromobenzoyl chloride | files=1 | ChemBlink/Alfa-Aesar
[OK] 823-78-9 | 3-Bromobenzyl bromide | files=1 | ChemBlink/Alfa-Aesar
[OK] 22037-28-1 | 3-Bromofuran | files=1 | ChemBlink/Alfa-Aesar
[OK] 585-79-5 | 3-Bromonitrobenzene | files=1 | ChemBlink/Alfa-Aesar
[OK] 591-20-8 | 3-Bromophenol | files=1 | ChemBlink/Alfa-Aesar
[OK] 36255-44-4 | 3-Bromopropionaldehyde dimethyl acetal | files=1 | ChemBlink/Alfa-Aesar
[OK] 590-92-1 | 3-Bromopropionic acid | files=1 | ChemBlink/Alfa-Aesar
[OK] 2417-90-5 | 3-Bromopropionitrile | files=1 | ChemBlink/Alfa-Aesar
[OK] 626-55-1 | 3-Bromopyridine | files=1 | ChemBlink/Alfa-Aesar
[OK] 872-31-1 | 3-Bromothiophene | files=1 | ChemBlink/Alfa-Aesar
[OK] 591-17-3 | 3-bromotoluene | files=1 | ChemBlink/Alfa-Aesar
[OK] 627-27-0 | 3-Buten-1-ol | files=1 | ChemBlink/Alfa-Aesar
[OK] 598-32-3 | 3-Buten-2-ol | files=1 | ChemBlink/Alfa-Aesar
[OK] 625-38-7 | 3-Butenoic acid | files=1 | ChemBlink/Alfa-Aesar
[OK] 109-75-1 | 3-Butenonitrile | files=1 | ChemBlink/Alfa-Aesar
[OK] 927-74-2 | 3-Butyne-1-ol | files=1 | ChemBlink/Alfa-Aesar
[OK] 2028-63-9 | 3-Butyne-2-ol | files=1 | ChemBlink/Alfa-Aesar
[OK] 563-52-0 | 3-Chloro-1-butene | files=1 | ChemBlink/Alfa-Aesar
[OK] 627-30-5 | 3-Chloro-1-propanol | files=1 | ChemBlink/Alfa-Aesar
[OK] 4091-39-8 | 3-Chloro-2-butanone | files=1 | ChemBlink/Alfa-Aesar
[OK] 1694-29-7 | 3-Chloro-2.4-pentanedione | files=1 | ChemBlink/Acros-Organics
[OK] 28479-22-3 | 3-Chloro-4-methyl-phenyl isocyanate | files=1 | ChemBlink/Alfa-Aesar
[OK] 77227-99-7 | 3-Chloro-4,5,alpha,alpha,alpha-pentafluorotoluene | files=1 | ChemBlink/Apollo
[OK] 79456-26-1 | 3-chloro-5-(trifluoromethyl)-2-Pyridinamine | files=1 | ChemBlink/Alfa-Aesar
[OK] 108-42-9 | 3-Chloroaniline | files=1 | ChemBlink/Alfa-Aesar
[OK] 2845-89-8 | 3-Chloroanisole | files=1 | ChemBlink/Alfa-Aesar
[OK] 587-04-2 | 3-chlorobenzaldehyde | files=1 | ChemBlink/Alfa-Aesar
[OK] 535-80-8 | 3-Chlorobenzoic acid | files=1 | ChemBlink/Alfa-Aesar
[OK] 766-84-7 | 3-Chlorobenzonitrile | files=1 | ChemBlink/Alfa-Aesar
[OK] 766-80-3 | 3-Chlorobenzyl bromide | files=1 | ChemBlink/Alfa-Aesar
[OK] 4152-90-3 | 3-chlorobenzylamine | files=1 | ChemBlink/Alfa-Aesar
[OK] 937-14-4 | 3-Chloroperoxybenzoic acid | files=1 | ChemBlink/Alfa-Aesar
[OK] 108-43-0 | 3-Chlorophenol | files=1 | ChemBlink/Alfa-Aesar
[OK] 2909-38-8 | 3-Chlorophenyl isocyanate | files=1 | ChemBlink/Alfa-Aesar
[OK] 1878-65-5 | 3-Chlorophenylacetic acid | files=1 | ChemBlink/Alfa-Aesar
[OK] 1529-41-5 | 3-Chlorophenylacetonitrile | files=1 | ChemBlink/Alfa-Aesar
[OK] 107-94-8 | 3-Chloropropionic acid | files=1 | ChemBlink/Alfa-Aesar
[OK] 625-36-5 | 3-Chloropropionyl chloride | files=1 | ChemBlink/Alfa-Aesar
[OK] 6276-54-6 | 3-chloropropylamine hydrochloride | files=1 | ChemBlink/Alfa-Aesar
[OK] 626-60-8 | 3-Chloropyridine | files=1 | ChemBlink/Alfa-Aesar
[OK] 108-41-8 | 3-Chlorotoluene | files=1 | ChemBlink/Alfa-Aesar
[OK] 24964-64-5 | 3-Cyanobenzaldehyde | files=1 | ChemBlink/Alfa-Aesar
[OK] 104-97-2 | 3-Cyclopentylpropionyl chloride | files=1 | ChemBlink/Alfa-Aesar
[OK] 91-68-9 | 3-Diethylaminophenol | files=1 | ChemBlink/Alfa-Aesar
[OK] 5407-04-5 | 3-Dimethylamino-1-propyl chloride hydrochloride | files=1 | ChemBlink/Alfa-Aesar
[OK] 61310-53-0 | 3-Ethoxyacrylonitrile, mixture of cis and trans | files=1 | ChemBlink/Alfa-Aesar
[OK] 621-33-0 | 3-Ethoxyaniline | files=1 | ChemBlink/Alfa-Aesar
[OK] 1067-08-9 | 3-Ethyl-3-methylpentane | files=1 | CAS-Search (pdf.benchchem.com)
[OK] 587-02-0 | 3-Ethylaniline | files=1 | ChemBlink/Alfa-Aesar
[OK] 620-14-4 | 3-Ethyltoluene | files=1 | ChemBlink/Alfa-Aesar
[OK] 394-41-2 | 3-Fluoro-4-nitrophenol | files=1 | ChemBlink/Alfa-Aesar
[OK] 372-19-0 | 3-Fluoroaniline | files=1 | ChemBlink/Alfa-Aesar
[OK] 456-49-5 | 3-fluoroanisole | files=1 | ChemBlink/Alfa-Aesar
[OK] 456-48-4 | 3-Fluorobenzaldehyde | files=1 | ChemBlink/Alfa-Aesar
[OK] 1711-07-5 | 3-Fluorobenzoyl chloride | files=1 | ChemBlink/Alfa-Aesar
[OK] 456-41-7 | 3-Fluorobenzyl bromide | files=1 | ChemBlink/Alfa-Aesar
[OK] 456-42-8 | 3-Fluorobenzyl chloride | files=1 | ChemBlink/Alfa-Aesar
[OK] 372-20-3 | 3-Fluorophenol | files=1 | ChemBlink/Alfa-Aesar
[OK] 352-70-5 | 3-Fluorotoluene | files=1 | ChemBlink/Alfa-Aesar
[OK] 619-21-6 | 3-Formylbenzoic acid | files=1 | ChemBlink/Alfa-Aesar
[OK] 87199-16-4 | 3-Formylphenylboronic acid | files=1 | ChemBlink/Alfa-Aesar
[OK] 488-93-7 | 3-Furancarboxylic acid | files=1 | ChemBlink/Alfa-Aesar
[OK] 2530-83-8 | 3-Glycidoxypropyl-trimethoxysilane | files=1 | ChemBlink/Alfa-Aesar
[OK] 589-82-2 | 3-Heptanol | files=1 | ChemBlink/Alfa-Aesar
[OK] 589-38-8 | 3-Hexanone | files=1 | ChemBlink/Alfa-Aesar
[OK] 1693-86-3 | 3-hexylthiophene | files=1 | ChemBlink/Alfa-Aesar
[OK] 928-49-4 | 3-Hexyne | files=1 | ChemBlink/Alfa-Aesar
[OK] 28230-32-2 | 3-Hydroxy-1,2,3-benzotriazin-4(3H)-one | files=1 | ChemBlink/Alfa-Aesar
[OK] 513-86-0 | 3-Hydroxy-2-butanone | files=1 | ChemBlink/Alfa-Aesar
[OK] 537-73-5 | 3-Hydroxy-4-methoxycinnamic acid | files=1 | ChemBlink/Alfa-Aesar
[OK] 121-71-1 | 3-hydroxyacetophenone | files=1 | ChemBlink/Alfa-Aesar
[OK] 100-83-4 | 3-Hydroxybenzaldehyde | files=1 | ChemBlink/Alfa-Aesar
[OK] 588-30-7 | 3-hydroxycinnamic acid | files=1 | ChemBlink/Sigma-Aldrich
[OK] 87-51-4 | 3-Indoleacetic acid | files=1 | ChemBlink/Alfa-Aesar
[OK] 626-01-7 | 3-Iodoaniline | files=1 | ChemBlink/Alfa-Aesar
[OK] 618-51-9 | 3-Iodobenzoic acid | files=1 | ChemBlink/Alfa-Aesar
[OK] 49617-83-6 | 3-Iodobenzyl bromide | files=1 | ChemBlink/Alfa-Aesar
[OK] 625-95-6 | 3-iodotoluene | files=1 | ChemBlink/Alfa-Aesar
[OK] 17636-10-1 | 3-Mercapto-1-propanesulfonic acid, sodium salt | files=1 | ChemBlink/Sigma-Aldrich
[OK] 107-96-0 | 3-Mercaptopropionic acid | files=1 | ChemBlink/Alfa-Aesar
[OK] 5071-96-5 | 3-methoxy benzylamine | files=1 | ChemBlink/Alfa-Aesar
[OK] 16452-01-0 | 3-Methoxy-4-methylaniline | files=1 | ChemBlink/Alfa-Aesar
[OK] 586-38-9 | 3-methoxybenzoic acid | files=1 | ChemBlink/Alfa-Aesar
[OK] 824-98-6 | 3-Methoxybenzyl chloride | files=1 | ChemBlink/Alfa-Aesar
[OK] 6099-04-3 | 3-Methoxycinnamic acid | files=1 | ChemBlink/Alfa-Aesar
[OK] 150-19-6 | 3-Methoxyphenol | files=1 | ChemBlink/Alfa-Aesar
[OK] 110-67-8 | 3-Methoxypropionitrile | files=1 | ChemBlink/Alfa-Aesar
[OK] 17573-92-1 | 3-methoxythiophene | files=1 | ChemBlink/Alfa-Aesar
[OK] 15570-12-4 | 3-Methoxythiophenol | files=1 | ChemBlink/Alfa-Aesar
[OK] 123-51-3 | 3-Methyl-1-butanol | files=1 | ChemBlink/Alfa-Aesar
[OK] 77-75-8 | 3-Methyl-1-pentyn-3-ol | files=1 | ChemBlink/Alfa-Aesar
[OK] 38894-11-0 | 3-Methyl-2-benzothiazolinone hydrazone hydrochloride monohydrate | files=1 | ChemBlink/Alfa-Aesar
[OK] 598-75-4 | 3-Methyl-2-butanol | files=1 | ChemBlink/Alfa-Aesar
[OK] 556-82-1 | 3-Methyl-2-buten-1-ol | files=1 | ChemBlink/Alfa-Aesar
[OK] 565-61-7 | 3-Methyl-2-pentanone | files=1 | ChemBlink/Alfa-Aesar
[OK] 763-32-6 | 3-Methyl-3-buten-1-ol | files=1 | ChemBlink/Alfa-Aesar
[OK] 565-62-8 | 3-Methyl-3-penten-2-one | files=1 | ChemBlink/Alfa-Aesar
[OK] 2581-34-2 | 3-Methyl-4-nitrophenol | files=1 | ChemBlink/Alfa-Aesar
[OK] 488-17-5 | 3-Methylcatechol | files=1 | ChemBlink/Alfa-Aesar
[OK] 591-24-2 | 3-Methylcyclohexanone | files=1 | ChemBlink/Alfa-Aesar
[OK] 589-81-1 | 3-Methylheptane | files=1 | ChemBlink/Alfa-Aesar
[OK] 589-34-4 | 3-Methylhexane | files=1 | ChemBlink/Alfa-Aesar
[OK] 96-14-0 | 3-Methylpentane | files=1 | ChemBlink/Alfa-Aesar
[OK] 105-43-1 | 3-Methylpentanoic acid | files=1 | ChemBlink/Alfa-Aesar
[OK] 621-30-7 | 3-Methylphenylisothiocyanate | files=1 | ChemBlink/Alfa-Aesar
[OK] 616-44-4 | 3-Methylthiophene | files=1 | ChemBlink/Alfa-Aesar
[OK] 123-00-2 | 3-Morpholino-1-propylamine | files=1 | ChemBlink/Alfa-Aesar
[OK] 555-03-3 | 3-Nitroanisole | files=1 | ChemBlink/Alfa-Aesar
[OK] 99-61-6 | 3-nitrobenzaldehyde | files=1 | ChemBlink/Alfa-Aesar
[OK] 127-68-4 | 3-Nitrobenzenesulfonic Acid Sodium Salt | files=1 | ChemBlink/Alfa-Aesar
[OK] 619-24-9 | 3-Nitrobenzonitrile | files=1 | ChemBlink/Alfa-Aesar
[OK] 121-90-4 | 3-Nitrobenzoyl chloride | files=1 | ChemBlink/Alfa-Aesar
[OK] 554-84-7 | 3-Nitrophenol | files=1 | ChemBlink/Alfa-Aesar
[OK] 13331-27-6 | 3-Nitrophenylboronic acid | files=1 | ChemBlink/Alfa-Aesar
[OK] 25182-84-7 | 3-Nitropropanol | files=1 | CAS-Search (static.cymitquimica.com)
[OK] 99-08-1 | 3-Nitrotoluene | files=1 | ChemBlink/Alfa-Aesar
[OK] 106-68-3 | 3-Octanone | files=1 | ChemBlink/Alfa-Aesar
[OK] 584-02-1 | 3-Pentanol | files=1 | ChemBlink/Alfa-Aesar
[OK] 3739-38-6 | 3-phenoxybenzoic acid | files=1 | ChemBlink/Alfa-Aesar
[OK] 300-57-2 | 3-Phenyl-1-propene | files=1 | ChemBlink/Alfa-Aesar
[OK] 645-59-0 | 3-Phenylpropionitrile | files=1 | ChemBlink/Oakwood
[OK] 645-45-4 | 3-Phenylpropionyl chloride | files=1 | ChemBlink/Alfa-Aesar
[OK] 108-99-6 | 3-Picoline | files=1 | ChemBlink/Alfa-Aesar
[OK] 100-54-9 | 3-Pyridinecarbonitrile | files=1 | ChemBlink/Alfa-Aesar
[OK] 121-00-6 | 3-tert-Butyl-4-hydroxyanisole | files=1 | ChemBlink/Sigma-Aldrich
[OK] 88-13-1 | 3-thaiophenecarboxylic acid | files=1 | ChemBlink/Alfa-Aesar
[OK] 368-77-4 | 3-Trifluoromethylbenzonitrile | files=1 | ChemBlink/Alfa-Aesar
[OK] 13822-56-5 | 3-Trimethoxysilylpropylamine | files=1 | ChemBlink/Alfa-Aesar
[OK] 78-71-7 | 3,3-bis(chloromethyl)oxetane | files=1 | ChemBlink/Sigma-Aldrich
[OK] 563-57-5 | 3,3-Dichloropropene | files=1 | ChemBlink/Syn-Quest
[OK] 2032-34-0 | 3,3-Diethoxypropionitrile | files=1 | ChemBlink/Alfa-Aesar
[OK] 558-37-2 | 3,3-Dimethyl-1-butene | files=1 | ChemBlink/Alfa-Aesar
[OK] 7065-46-5 | 3,3-Dimethylbutyryl chloride | files=1 | ChemBlink/Alfa-Aesar
[OK] 4839-46-7 | 3,3-Dimethylglutaric acid | files=1 | ChemBlink/Alfa-Aesar
[OK] 562-49-2 | 3,3-dimethylpentane | files=1 | ChemBlink/Alfa-Aesar
[OK] 868272-85-9 | 3,3'-Diaminobenzidine tetrahydrochloridehydrate | files=1 | ChemBlink/Alfa-Aesar
[OK] 91-94-1 | 3,3'-Dichlorobenzidine | files=1 | ChemBlink/Sigma-Aldrich
[OK] 612-83-9 | 3,3'-Dichlorobenzidine dihydrochloride | files=1 | ChemBlink/Sigma-Aldrich
[OK] 64969-34-2 | 3,3'-Dichlorobenzidine sulfate | files=1 | Name-Search (aksci.com)
[OK] 74332-73-3 | 3,3'-Dichlorobenzidine sulphate | files=1 | Name-Search (www.atsdr.cdc.gov)
[OK] 54827-17-7 | 3,3′,5,5′-Tetramethylbenzidine | files=1 | ChemBlink/Alfa-Aesar
[OK] 760-23-6 | 3,4-Dichloro-1-butene | files=1 | CAS-Search (www.angenechemical.com)
[OK] 99-54-7 | 3,4-Dichloro-1-nitrobenzene | files=1 | ChemBlink/Alfa-Aesar
[OK] 95-76-1 | 3,4-Dichloroaniline | files=1 | ChemBlink/Alfa-Aesar
[OK] 6287-38-3 | 3,4-dichlorobenzaldehyde | files=1 | ChemBlink/Alfa-Aesar
[OK] 328-84-7 | 3,4-Dichlorobenzotrifluoride | files=1 | ChemBlink/Alfa-Aesar
[OK] 102-47-6 | 3,4-Dichlorobenzyl chloride | files=1 | ChemBlink/Alfa-Aesar
[OK] 3218-49-3 | 3,4-Dichlorobenzyl cyanide | files=1 | ChemBlink/Alfa-Aesar
[OK] 95-77-2 | 3,4-Dichlorophenol | files=1 | ChemBlink/Alfa-Aesar
[OK] 102-36-3 | 3,4-Dichlorophenyl isocyanate | files=1 | ChemBlink/Alfa-Aesar
[OK] 95-75-0 | 3,4-Dichlorotoluene | files=1 | ChemBlink/Alfa-Aesar
[OK] 369-34-6 | 3,4-difluoronitrobenzene | files=1 | ChemBlink/Alfa-Aesar
[OK] 2713-33-9 | 3,4-Difluorophenol | files=1 | ChemBlink/Alfa-Aesar
[OK] 139-85-5 | 3,4-dihydroxybenzaldehyde | files=1 | ChemBlink/Alfa-Aesar
[OK] 99-50-3 | 3,4-Dihydroxybenzoic acid | files=1 | ChemBlink/Alfa-Aesar
[OK] 6315-89-5 | 3,4-Dimethoxyaniline | files=1 | ChemBlink/Alfa-Aesar
[OK] 93-07-2 | 3,4-dimethoxybenzoic acid | files=1 | ChemBlink/Alfa-Aesar
[OK] 2316-26-9 | 3,4-Dimethoxycinnamic acid | files=1 | ChemBlink/Alfa-Aesar
[OK] 95-64-7 | 3,4-Dimethylaniline | files=1 | ChemBlink/Alfa-Aesar
[OK] 583-48-2 | 3,4-Dimethylhexane | files=1 | ChemBlink/Alfa-Aesar
[OK] 95-65-8 | 3,4-Dimethylphenol | files=1 | ChemBlink/Alfa-Aesar
[OK] 583-58-4 | 3,4-Dimethylpyridine | files=1 | ChemBlink/Alfa-Aesar
[OK] 577-71-9 | 3,4-Dinitrophenol | files=1 | ChemBlink/Sigma-Aldrich
[OK] 126213-50-1 | 3,4-ethylene dioxythiophene | files=1 | ChemBlink/Alfa-Aesar
[OK] 4437-51-8 | 3,4-Hexanedione | files=1 | ChemBlink/Alfa-Aesar
[OK] 14268-66-7 | 3,4-Methylenedioxyaniline | files=1 | ChemBlink/Alfa-Aesar
[OK] 101-20-2 | 3,4,4'-Trichlorocarbanilide | files=1 | ChemBlink/Sigma-Aldrich
[OK] 24313-88-0 | 3,4,5-Trimethoxyaniline | files=1 | ChemBlink/Alfa-Aesar
[OK] 1885-35-4 | 3,4,5-Trimethoxybenzonitrile | files=1 | ChemBlink/Alfa-Aesar
[OK] 4521-61-3 | 3,4,5-Trimethoxybenzoyl chloride | files=1 | ChemBlink/Alfa-Aesar
[OK] 90-50-6 | 3,4,5-Trimethoxycinnamic acid (trans), 97% | files=1 | ChemBlink/Alfa-Aesar
[OK] 2426-02-0 | 3,4,5,6-tetrahydrophthalic anhydride | files=1 | ChemBlink/Alfa-Aesar
[OK] 328-74-5 | 3,5-bis(Trifluoromethyl)aniline | files=1 | ChemBlink/Alfa-Aesar
[OK] 401-95-6 | 3,5-Bis(trifluoromethyl)benzaldehyde | files=1 | ChemBlink/Alfa-Aesar
[OK] 207226-32-2 | 3,5-Di-tert-butyl-4-hydroxybenzaldehyde hemihydrate | files=1 | ChemBlink/Sigma-Aldrich
[OK] 54970-72-8 | 3,5-Dichloro-2-hydroxybenzene sulfonic acid Sodium salt | files=1 | ChemBlink/Alfa-Aesar
[OK] 23378-88-3 | 3,5-Dichloro-2-hydroxybenzenesulfonyl chloride | files=1 | ChemBlink/Sigma-Aldrich
[OK] 101513-70-6 | 3,5-Dichloro-2,4-difluorobenzoyl fluoride | files=1 | CAS-Search (aksci.com)
[OK] 626-43-7 | 3,5-Dichloroaniline | files=1 | ChemBlink/Alfa-Aesar
[OK] 2905-62-6 | 3,5-Dichlorobenzoyl chloride | files=1 | ChemBlink/Alfa-Aesar
[OK] 99-10-5 | 3,5-dihydroxybenzoic acid | files=1 | ChemBlink/Alfa-Aesar
[OK] 2215-21-6 | 3,5-Diisopropyl-2-hydroxybenzoic acid | files=1 | ChemBlink/Apollo
[OK] 500-99-2 | 3,5-Dimethoxyphenol | files=1 | ChemBlink/Alfa-Aesar
[OK] 6613-44-1 | 3,5-Dimethylbenzoyl chloride | files=1 | ChemBlink/Alfa-Aesar
[OK] 27129-86-8 | 3,5-Dimethylbenzyl bromide | files=1 | ChemBlink/Alfa-Aesar
[OK] 300-87-8 | 3,5-Dimethylisoxazole | files=1 | ChemBlink/Alfa-Aesar
[OK] 108-68-9 | 3,5-Dimethylphenol | files=1 | ChemBlink/Alfa-Aesar
[OK] 591-22-0 | 3,5-Dimethylpyridine | files=1 | ChemBlink/Alfa-Aesar
[OK] 99-34-3 | 3,5-dinitrobenzoic acid | files=1 | ChemBlink/Alfa-Aesar
[OK] 99-33-2 | 3,5-Dinitrobenzoyl chloride | files=1 | ChemBlink/Alfa-Aesar
[OK] 618-85-9 | 3,5-Dinitrotoluene | files=1 | CAS-Search (chemreg.net)
[NOTFOUND] 10007-85-9 | 3,6-Dichloro-2-methoxy-benzoic acid, potassium salt
[OK] 99-02-5 | 3'-Chloroacetophenone | files=1 | ChemBlink/Alfa-Aesar
[OK] 621-42-1 | 3'-Hydroxyacetanilide | files=1 | ChemBlink/Alfa-Aesar
[OK] 121-89-1 | 3′-Nitroacetophenone | files=1 | ChemBlink/Alfa-Aesar
[OK] 140-66-9 | 4 - TERT -OCTYLPHENOL | files=1 | ChemBlink/Sigma-Aldrich
[OK] 3647-69-6 | 4-(2-Chloroethyl)morpholine hydrochloride | files=1 | ChemBlink/Alfa-Aesar
[OK] 7365-45-9 | 4-(2-hydroxyethyl)-1-piperazineethanesulfonic acid | files=1 | ChemBlink/Alfa-Aesar
[OK] 66176-39-4 | 4-(Bromomethyl)benzenesulfonyl chloride | files=1 | ChemBlink/Alfa-Aesar
[OK] 17754-90-4 | 4-(Diethylamino)salicylaldehyde | files=1 | ChemBlink/Alfa-Aesar
[OK] 315-18-4 | 4-(DIMETHYLAMINE)-3,5-XYLYL-N-METHYLCARBAMATE | files=1 | ChemBlink/Sigma-Aldrich
[OK] 100-10-7 | 4-(Dimethylamino)benzaldehyde | files=1 | ChemBlink/Alfa-Aesar
[OK] 1122-58-3 | 4-(Dimethylamino)pyridine | files=1 | ChemBlink/Alfa-Aesar
[OK] 138-85-2 | 4-(Hydroxymercuri)benzoic acid sodium salt | files=1 | ChemBlink/Sigma-Aldrich
[OK] 380430-49-9 | 4-(N-Boc-amino)phenylboronic acid | files=1 | ChemBlink/Alfa-Aesar
[OK] 2493-84-7 | 4-(Octyloxy)benzoic acid | files=1 | ChemBlink/Alfa-Aesar
[OK] 74-39-5 | 4-(p-NITROPHENYLAZO) RESORCINOL | files=1 | ChemBlink/Alfa-Aesar
[OK] 461-82-5 | 4-(Trifluoromethoxy)-aniline | files=1 | ChemBlink/Alfa-Aesar
[OK] 329-15-7 | 4-(Trifluoromethyl)benzoyl chloride | files=1 | ChemBlink/Alfa-Aesar
[OK] 145069-56-3 | 4-[(2,4-Dimethoxyphenyl)(Fmoc-amino)methyl]phenoxyacetic acid | files=1 | CAS-Search (www.mainchem.com)
[OK] 126828-35-1 | 4-[(R,S)-a-1-(9H-Fluren-9-yl)-methoxy formamido]2,4-dimethoxybenzylphenoxyacetic acid | files=1 | ChemBlink/Alfa-Aesar
[OK] 121-60-8 | 4-Acetamidobenzenesulfonyl chloride | files=1 | ChemBlink/Alfa-Aesar
[OK] 140-67-0 | 4-Allylanisole | files=1 | ChemBlink/Alfa-Aesar
[OK] 130-13-2 | 4-Amino-1-naphthalenesulfonic acid sodium salt hydrate | files=1 | ChemBlink/Matrix
[OK] 36768-62-4 | 4-Amino-2,2,6,6-tetramethylpiperidine | files=1 | ChemBlink/Alfa-Aesar
[OK] 399-95-1 | 4-Amino-3-fluorophenol | files=1 | ChemBlink/Alfa-Aesar
[OK] 2835-99-6 | 4-Amino-3-methylphenol | files=1 | ChemBlink/Alfa-Aesar
[OK] 24279-39-8 | 4-Amino-3,5-dichlorobenzotrifluoride | files=1 | ChemBlink/Alfa-Aesar
[OK] 536-47-0 | 4-Amino-N, N-dimethylaniline sulfate | files=1 | ChemBlink/Alfa-Aesar
[OK] 83-07-8 | 4-Aminoantipyrine | files=1 | ChemBlink/Alfa-Aesar
[OK] 60-09-3 | 4-Aminoazobenzene | files=1 | ChemBlink/Sigma-Aldrich
[OK] 873-74-5 | 4-Aminobenzonitrile | files=1 | ChemBlink/Alfa-Aesar
[OK] 455-14-1 | 4-Aminobenzotrifluoride | files=1 | ChemBlink/Alfa-Aesar
[OK] 6346-09-4 | 4-Aminobutyraldehyde diethyl acetal | files=1 | ChemBlink/Alfa-Aesar
[OK] 92-67-1 | 4-Aminodiphenyl | files=1 | ChemBlink/Alfa-Aesar
[OK] 4319-49-7 | 4-Aminomorpholine | files=1 | ChemBlink/Alfa-Aesar
[OK] 123-30-8 | 4-Aminophenol | files=1 | ChemBlink/Alfa-Aesar
[OK] 98-50-0 | 4-Aminophenylarsonic acid | files=1 | ChemBlink/Alfa-Aesar
[OK] 6283-24-5 | 4-aminophenylmercuric acetate | files=1 | ChemBlink/Sigma-Aldrich
[OK] 504-24-5 | 4-Aminopyridine | files=1 | ChemBlink/Alfa-Aesar
[OK] 63-05-8 | 4-Androstene-3,17-dione | files=1 | ChemBlink/Sigma-Aldrich
[OK] 5728-52-9 | 4-Biphenylacetic acid | files=1 | ChemBlink/Alfa-Aesar
[OK] 5162-44-7 | 4-Bromo-1-butene | files=1 | ChemBlink/Alfa-Aesar
[OK] 583-71-1 | 4-Bromo-1,2-dimethylbenzene | files=1 | ChemBlink/Alfa-Aesar
[OK] 81-86-7 | 4-bromo-1,8-naphthalic anhydride | files=1 | ChemBlink/Sigma-Aldrich
[OK] 586-77-6 | 4-Bromo-N,N-dimethylaniline | files=1 | ChemBlink/Alfa-Aesar
[OK] 106-40-1 | 4-Bromoaniline | files=1 | ChemBlink/Alfa-Aesar
[OK] 104-92-7 | 4-bromoanisole | files=1 | ChemBlink/Alfa-Aesar
[OK] 1122-91-4 | 4-Bromobenzaldehyde | files=1 | ChemBlink/Alfa-Aesar
[OK] 98-58-8 | 4-Bromobenzenesulfonyl chloride | files=1 | ChemBlink/Alfa-Aesar
[OK] 623-00-7 | 4-Bromobenzonitrile | files=1 | ChemBlink/Alfa-Aesar
[OK] 402-43-7 | 4-Bromobenzotrifluoride | files=1 | ChemBlink/Alfa-Aesar
[OK] 586-75-4 | 4-Bromobenzoyl chloride | files=1 | ChemBlink/Alfa-Aesar
[OK] 589-15-1 | 4-Bromobenzyl bromide | files=1 | ChemBlink/Alfa-Aesar
[OK] 2623-87-2 | 4-Bromobutyric acid | files=1 | ChemBlink/Alfa-Aesar
[OK] 5332-06-9 | 4-Bromobutyronitrile | files=1 | ChemBlink/Alfa-Aesar
[OK] 586-78-7 | 4-Bromonitrobenzene | files=1 | ChemBlink/Alfa-Aesar
[OK] 1985-12-2 | 4-Bromophenyl isothiocyanate | files=1 | ChemBlink/Alfa-Aesar
[OK] 106-53-6 | 4-Bromothiophenol | files=1 | ChemBlink/Alfa-Aesar
[OK] 104-13-2 | 4-Butylaniline | files=1 | ChemBlink/Alfa-Aesar
[OK] 17814-85-6 | 4-Carboxybutyltriphenylphosphonium bromide | files=1 | ChemBlink/Alfa-Aesar
[OK] 928-51-8 | 4-Chloro-1-butanol | files=1 | ChemBlink/Alfa-Aesar
[OK] 16766-30-6 | 4-chloro-2-methoxyphenol | files=1 | ChemBlink/Alfa-Aesar
[OK] 95-69-2 | 4-chloro-2-methylaniline | files=1 | ChemBlink/Alfa-Aesar
[OK] 89-63-4 | 4-Chloro-2-nitroaniline | files=1 | ChemBlink/Alfa-Aesar
[OK] 59-50-7 | 4-Chloro-3-methylphenol | files=1 | ChemBlink/Alfa-Aesar
[OK] 635-22-3 | 4-Chloro-3-nitroaniline | files=1 | ChemBlink/Alfa-Aesar
[OK] 121-17-5 | 4-Chloro-3-nitrobenzotrifluoride | files=1 | ChemBlink/Alfa-Aesar
[OK] 610-78-6 | 4-Chloro-3-nitrophenol | files=1 | ChemBlink/Alfa-Aesar
[OK] 89-60-1 | 4-Chloro-3-nitrotoluene | files=1 | ChemBlink/Alfa-Aesar
[OK] 88-04-0 | 4-Chloro-3,5-xylenol | files=1 | ChemBlink/Alfa-Aesar
[OK] 5734-64-5 | 4-Chloro-6-methoxy-2-pyrimidinamine | files=1 | ChemBlink/Alfa-Aesar
[OK] 1570-64-5 | 4-chloro-o-cresol | files=1 | ChemBlink/Alfa-Aesar
[OK] 106-47-8 | 4-Chloroaniline | files=1 | ChemBlink/Alfa-Aesar
[OK] 104-88-1 | 4-Chlorobenzaldehyde | files=1 | ChemBlink/Alfa-Aesar
[OK] 98-60-2 | 4-Chlorobenzenesulphonyl chloride | files=1 | ChemBlink/Alfa-Aesar
[OK] 5216-25-1 | 4-Chlorobenzotrichloride | files=1 | ChemBlink/Alfa-Aesar
[OK] 98-56-6 | 4-Chlorobenzotrifluoride | files=1 | ChemBlink/Alfa-Aesar
[OK] 122-01-0 | 4-Chlorobenzoyl chloride | files=1 | ChemBlink/Alfa-Aesar
[OK] 104-83-6 | 4-Chlorobenzyl chloride | files=1 | ChemBlink/Alfa-Aesar
[OK] 140-53-4 | 4-Chlorobenzyl cyanide | files=1 | ChemBlink/Alfa-Aesar
[OK] 104-86-9 | 4-Chlorobenzylamine | files=1 | ChemBlink/Alfa-Aesar
[OK] 628-20-6 | 4-Chlorobutyronitrile | files=1 | ChemBlink/Alfa-Aesar
[OK] 4635-59-0 | 4-Chlorobutyryl chloride | files=1 | ChemBlink/Alfa-Aesar
[OK] 59-85-8 | 4-Chloromercuribenzoic acid | files=1 | ChemBlink/Alfa-Aesar
[OK] 106-48-9 | 4-Chlorophenol | files=1 | ChemBlink/Alfa-Aesar
[OK] 122-88-3 | 4-Chlorophenoxyacetic acid | files=1 | ChemBlink/Alfa-Aesar
[OK] 104-12-1 | 4-Chlorophenyl isocyanate | files=1 | ChemBlink/Alfa-Aesar
[OK] 80-33-1 | 4-Chlorophenyl p-chlorobenzenesulfonate | files=1 | ChemBlink/Sigma-Aldrich
[OK] 7379-35-3 | 4-Chloropyridinium chloride | files=1 | ChemBlink/Alfa-Aesar
[OK] 1073-67-2 | 4-chlorostyrene | files=1 | ChemBlink/Alfa-Aesar
[OK] 106-54-7 | 4-Chlorothiophenol | files=1 | ChemBlink/Alfa-Aesar
[OK] 106-43-4 | 4-Chlorotoluene | files=1 | ChemBlink/Alfa-Aesar
[OK] 3861-47-0 | 4-Cyano-2,6-diiodophenyl octanoate | files=1 | ChemBlink/Sigma-Aldrich
[OK] 619-65-8 | 4-Cyanobenzoic acid | files=1 | ChemBlink/Alfa-Aesar
[OK] 58-15-1 | 4-Dimethylamino-antipyrine | files=1 | ChemBlink/Alfa-Aesar
[OK] 121-65-3 | 4-dodecylbenzen sulfonic acid | files=1 | ChemBlink/Sigma-Aldrich
[OK] 82105-88-2 | 4-Ethoxybenzyltriphenylphosphonium bromide | files=1 | ChemBlink/Alfa-Aesar
[OK] 536-75-4 | 4-Ethylpyridine | files=1 | ChemBlink/Alfa-Aesar
[OK] 622-96-8 | 4-Ethyltoluene | files=1 | ChemBlink/Alfa-Aesar
[OK] 352-67-0 | 4-Fluoro(trifluoromethoxy)benzene | files=1 | ChemBlink/Alfa-Aesar
[OK] 371-40-4 | 4-Fluoroaniline | files=1 | ChemBlink/Alfa-Aesar
[OK] 459-60-9 | 4-fluoroanisole | files=1 | ChemBlink/Alfa-Aesar
[OK] 459-57-4 | 4-Fluorobenzaldehyde | files=1 | ChemBlink/Alfa-Aesar
[OK] 1194-02-1 | 4-Fluorobenzonitrile | files=1 | ChemBlink/Alfa-Aesar
[OK] 403-43-0 | 4-Fluorobenzoyl chloride | files=1 | ChemBlink/Alfa-Aesar
[OK] 352-11-4 | 4-Fluorobenzyl chloride | files=1 | ChemBlink/Alfa-Aesar
[OK] 140-75-0 | 4-Fluorobenzylamine | files=1 | ChemBlink/Alfa-Aesar
[OK] 371-41-5 | 4-Fluorophenol | files=1 | ChemBlink/Alfa-Aesar
[OK] 1544-68-9 | 4-Fluorophenyl isothiocyanate | files=1 | ChemBlink/Alfa-Aesar
[OK] 1765-93-1 | 4-Fluorophenylboronic acid | files=1 | ChemBlink/Alfa-Aesar
[OK] 405-99-2 | 4-Fluorostyrene | files=1 | ChemBlink/Alfa-Aesar
[OK] 371-42-6 | 4-Fluorothiophenol | files=1 | ChemBlink/Alfa-Aesar
[OK] 352-32-9 | 4-Fluorotoluene | files=1 | ChemBlink/Alfa-Aesar
[OK] 87199-17-5 | 4-Formylphenylboronic acid | files=1 | ChemBlink/Alfa-Aesar
[OK] 137-09-7 | 4-Hydroxy-1,3-phenylenediammonium dichloride | files=1 | ChemBlink/Alfa-Aesar
[OK] 123-42-2 | 4-Hydroxy-4-methyl-2-pentanone | files=1 | ChemBlink/Alfa-Aesar
[OK] 22818-40-2 | 4-Hydroxy-D-phenylglycine | files=1 | ChemBlink/Alfa-Aesar
[OK] 123-08-0 | 4-Hydroxybenzaldehyde | files=1 | ChemBlink/Alfa-Aesar
[OK] 14191-95-8 | 4-Hydroxyphenylacetonitrile | files=1 | ChemBlink/Alfa-Aesar
[OK] 71597-85-8 | 4-Hydroxyphenylboronic acid | files=1 | ChemBlink/Alfa-Aesar
[OK] 626-64-2 | 4-Hydroxypyridine | files=1 | ChemBlink/Alfa-Aesar
[OK] 491-36-1 | 4-hydroxyquinazoline | files=1 | ChemBlink/Alfa-Aesar
[OK] 540-37-4 | 4-Iodoaniline | files=1 | ChemBlink/Alfa-Aesar
[OK] 696-62-8 | 4-iodoanisole | files=1 | ChemBlink/Alfa-Aesar
[OK] 98-61-3 | 4-Iodobenzenesulphonyl chloride | files=1 | ChemBlink/Alfa-Aesar
[OK] 619-58-9 | 4-Iodobenzoic acid | files=1 | ChemBlink/Alfa-Aesar
[OK] 540-38-5 | 4-Iodophenol | files=1 | ChemBlink/Alfa-Aesar
[OK] 5122-99-6 | 4-Iodophenylboronic | files=1 | ChemBlink/Alfa-Aesar
[OK] 624-31-7 | 4-Iodotoluene | files=1 | ChemBlink/Alfa-Aesar
[OK] 99-89-8 | 4-Isopropylphenol | files=1 | ChemBlink/Alfa-Aesar
[OK] 96-96-8 | 4-Methoxy-2-nitroaniline | files=1 | ChemBlink/Alfa-Aesar
[OK] 107-70-0 | 4-Methoxy-4-methyl-2-pentanone | files=1 | ChemBlink/Alfa-Aesar
[OK] 615-05-4 | 4-methoxy-m-phenylendiamine | files=1 | ChemBlink/Sigma-Aldrich
[OK] 5248-39-5 | 4-Methoxy-N,6-dimethyl-1,3,5-triazin-2-amine | files=1 | ChemBlink/Sigma-Aldrich
[OK] 98-68-0 | 4-Methoxybenzenesulfonyl chloride | files=1 | ChemBlink/Alfa-Aesar
[OK] 874-90-8 | 4-Methoxybenzonitrile | files=1 | ChemBlink/Alfa-Aesar
[OK] 611-94-9 | 4-Methoxybenzophenone | files=1 | ChemBlink/Alfa-Aesar
[OK] 100-07-2 | 4-Methoxybenzoyl chloride | files=1 | ChemBlink/Alfa-Aesar
[OK] 824-94-2 | 4-Methoxybenzyl chloride | files=1 | ChemBlink/Alfa-Aesar
[OK] 2284-20-0 | 4-Methoxyphenyl isothiocyanate | files=1 | ChemBlink/Alfa-Aesar
[OK] 691-37-2 | 4-Methyl-1-pentene | files=1 | ChemBlink/Alfa-Aesar
[OK] 496-72-0 | 4-Methyl-1,2-phenylenediamine | files=1 | ChemBlink/Alfa-Aesar
[OK] 95-80-7 | 4-Methyl-1,3-phenylenediamine | files=1 | ChemBlink/Alfa-Aesar
[OK] 89-62-3 | 4-Methyl-2-nitroaniline | files=1 | ChemBlink/Alfa-Aesar
[OK] 4502-00-5 | 4-Methyl-2-oxopentanoic acid sodium salt | files=1 | ChemBlink/Sigma-Aldrich
[OK] 90-33-5 | 4-methyl-umbelliferone | files=1 | ChemBlink/Alfa-Aesar
[OK] 104-93-8 | 4-Methylanisole | files=1 | ChemBlink/Alfa-Aesar
[OK] 874-60-2 | 4-Methylbenzoyl chloride | files=1 | ChemBlink/Alfa-Aesar
[OK] 104-82-5 | 4-Methylbenzyl chloride | files=1 | ChemBlink/Alfa-Aesar
[OK] 104-84-7 | 4-Methylbenzylamine | files=1 | ChemBlink/Alfa-Aesar
[OK] 452-86-8 | 4-Methylcatechol | files=1 | ChemBlink/Alfa-Aesar
[OK] 589-92-4 | 4-Methylcyclohexanone | files=1 | ChemBlink/Alfa-Aesar
[OK] 589-53-7 | 4-Methylheptane | files=1 | ChemBlink/Sigma-Aldrich
[OK] 109-02-4 | 4-Methylmorpholine | files=1 | ChemBlink/Alfa-Aesar
[OK] 7529-22-8 | 4-Methylmorpholine N-oxide solution 50 wt. % in H2O | files=1 | ChemBlink/Alfa-Aesar
[OK] 646-07-1 | 4-Methylpentanoic acid | files=1 | ChemBlink/Alfa-Aesar
[OK] 699-02-5 | 4-Methylphenethyl alcohol | files=1 | ChemBlink/Alfa-Aesar
[OK] 2947-61-7 | 4-Methylphenylacetonitrile | files=1 | ChemBlink/Alfa-Aesar
[OK] 622-59-3 | 4-Methylphenylisothiocyanate | files=1 | ChemBlink/Alfa-Aesar
[OK] 626-58-4 | 4-Methylpiperidine | files=1 | ChemBlink/Alfa-Aesar
[OK] 7554-65-6 | 4-Methylpyrazole 99% | files=1 | ChemBlink/Alfa-Aesar
[OK] 3438-46-8 | 4-Methylpyrimidine | files=1 | ChemBlink/Alfa-Aesar
[OK] 622-97-9 | 4-Methylstyrene | files=1 | ChemBlink/Alfa-Aesar
[OK] 106-45-6 | 4-Methylthiophenol | files=1 | ChemBlink/Alfa-Aesar
[OK] 100-01-6 | 4-Nitroaniline | files=1 | ChemBlink/Alfa-Aesar
[OK] 100-17-4 | 4-Nitroanisole | files=1 | ChemBlink/Alfa-Aesar
[OK] 555-16-8 | 4-Nitrobenzaldehyde | files=1 | ChemBlink/Alfa-Aesar
[OK] 456-27-9 | 4-Nitrobenzenediazonium tetrafluoroborate | files=1 | ChemBlink/Alfa-Aesar
[OK] 98-74-8 | 4-Nitrobenzenesulfonyl chloride | files=1 | ChemBlink/Alfa-Aesar
[OK] 62-23-7 | 4-Nitrobenzoic acid | files=1 | ChemBlink/Alfa-Aesar
[OK] 619-72-7 | 4-Nitrobenzonitrile | files=1 | ChemBlink/Alfa-Aesar
[OK] 122-04-3 | 4-Nitrobenzoyl chloride | files=1 | ChemBlink/Alfa-Aesar
[OK] 100-14-1 | 4-Nitrobenzyl chloride | files=1 | ChemBlink/Alfa-Aesar
[OK] 4457-32-3 | 4-Nitrobenzyl chloroformate | files=1 | ChemBlink/Alfa-Aesar
[OK] 92-93-3 | 4-Nitrodiphenyl | files=1 | ChemBlink/Oakwood
[OK] 3034-38-6 | 4-Nitroimidazole | files=1 | ChemBlink/Alfa-Aesar
[OK] 100-02-7 | 4-Nitrophenol | files=1 | ChemBlink/Alfa-Aesar
[OK] 830-03-5 | 4-Nitrophenyl acetate | files=1 | ChemBlink/Alfa-Aesar
[OK] 2635-84-9 | 4-Nitrophenyl butyrate | files=1 | ChemBlink/Sigma-Aldrich
[OK] 7693-46-1 | 4-Nitrophenyl chloroformate | files=1 | ChemBlink/Alfa-Aesar
[OK] 100-16-3 | 4-Nitrophenyl hydrazine | files=1 | ChemBlink/Alfa-Aesar
[OK] 2131-61-5 | 4-Nitrophenyl isothiocyanate | files=1 | ChemBlink/Alfa-Aesar
[OK] 1956-11-2 | 4-Nitrophenyl laurate | files=1 | ChemBlink/Alfa-Aesar
[OK] 3459-18-5 | 4-Nitrophenyl N-acetyl-β-D-glucosaminide | files=1 | ChemBlink/Alfa-Aesar
[OK] 4264-83-9 | 4-nitrophenyl phosphate disodium salt | files=1 | ChemBlink/Alfa-Aesar
[OK] 333338-18-4 | 4-Nitrophenyl phosphate disodium salt hexahydrate | files=1 | ChemBlink/Sigma-Aldrich
[OK] 777-52-6 | 4-Nitrophenyl phosphorodichloridate | files=1 | ChemBlink/Alfa-Aesar
[OK] 3150-24-1 | 4-Nitrophenyl β-D-galactopyranoside | files=1 | ChemBlink/Alfa-Aesar
[OK] 3767-28-0 | 4-nitrophenyl-alpha-D-glucopyranoside (PNPG) | files=1 | ChemBlink/Alfa-Aesar
[OK] 1124-33-0 | 4-Nitropyridine-1-oxide | files=1 | ChemBlink/Alfa-Aesar
[OK] 138-89-6 | 4-Nitroso-N,N-dimethylaniline | files=1 | ChemBlink/Alfa-Aesar
[OK] 99-99-0 | 4-Nitrotoluene | files=1 | ChemBlink/Alfa-Aesar
[OK] 84852-15-3 | 4-nonylphenol (branched) | files=1 | ChemBlink/Sigma-Aldrich
[OK] 6149-03-7 | 4-octylbenzenesulfonic acid sodium salt | files=1 | ChemBlink/Sigma-Aldrich
[OK] 1942-45-6 | 4-Octyne | files=1 | ChemBlink/Alfa-Aesar
[OK] 2051-95-8 | 4-Oxo-4-phenylbutyric acid | files=1 | ChemBlink/Alfa-Aesar
[OK] 821-09-0 | 4-Penten-1-ol | files=1 | ChemBlink/Alfa-Aesar
[OK] 625-31-0 | 4-Pentene-2-ol | files=1 | ChemBlink/Alfa-Aesar
[OK] 61203-83-6 | 4-Pentylcyclohexanone | files=1 | ChemBlink/Alfa-Aesar
[OK] 5390-04-5 | 4-Pentyn-1-ol | files=1 | ChemBlink/Alfa-Aesar
[OK] 6089-09-4 | 4-Pentynoic acid | files=1 | ChemBlink/Alfa-Aesar
[OK] 768-56-9 | 4-Phenyl-1-butene | files=1 | ChemBlink/Alfa-Aesar
[OK] 122-57-6 | 4-Phenyl-3-buten-2-one | files=1 | ChemBlink/Alfa-Aesar
[OK] 1131-61-9 | 4-Phenylpyridine N-oxide | files=1 | ChemBlink/Sigma-Aldrich
[OK] 5351-69-9 | 4-Phenylthiosemicarbazide | files=1 | ChemBlink/Alfa-Aesar
[OK] 108-89-4 | 4-Picoline | files=1 | ChemBlink/Alfa-Aesar
[OK] 40064-34-4 | 4-Piperidone monohydrate hydrochloride | files=1 | ChemBlink/Alfa-Aesar
[OK] 5736-85-6 | 4-Propoxybenzaldehyde | files=1 | ChemBlink/Alfa-Aesar
[OK] 40649-36-3 | 4-Propylcyclohexanone | files=1 | ChemBlink/Alfa-Aesar
[OK] 100-48-1 | 4-Pyridinecarbonitrile | files=1 | ChemBlink/Alfa-Aesar
[OK] 872-85-5 | 4-Pyridinecarboxaldehyde | files=1 | ChemBlink/Alfa-Aesar
[OK] 138-41-0 | 4-Sulfamoylbenzoic acid | files=1 | ChemBlink/Alfa-Aesar
[OK] 769-92-6 | 4-tert-Butylaniline | files=1 | ChemBlink/Alfa-Aesar
[OK] 939-97-9 | 4-tert-Butylbenzaldehyde | files=1 | ChemBlink/Alfa-Aesar
[OK] 1710-98-1 | 4-tert-Butylbenzoyl chloride | files=1 | ChemBlink/Alfa-Aesar
[OK] 98-54-4 | 4-tert-Butylphenol | files=1 | ChemBlink/Alfa-Aesar
[OK] 98-29-3 | 4-tert-Butylpyrocatechol | files=1 | ChemBlink/Alfa-Aesar
[OK] 6192-52-5 | 4-Toluenesulfonic acid monohydrate | files=1 | ChemBlink/Alfa-Aesar
[OK] 98-59-9 | 4-Toluenesulfonyl chloride | files=1 | ChemBlink/Alfa-Aesar
[OK] 99-94-5 | 4-Toluic acid | files=1 | ChemBlink/Alfa-Aesar
[OK] 455-18-5 | 4-Trifluoromethylbenzonitrile | files=1 | ChemBlink/Alfa-Aesar
[OK] 100-43-6 | 4-Vinylpyridine | files=1 | ChemBlink/Alfa-Aesar
[NOTFOUND] 85153-92-0 | 4,11-Triphenodioxazinedisulfonic acid, 6,13-dichloro-3,10-bis((3-((4-((2,5-disulfophenyl)amino)-6-
[OK] 5436-21-5 | 4,4-Dimethoxy-2-butanone | files=1 | ChemBlink/Alfa-Aesar
[NOTFOUND] 74753-18-7 | 4,4'-Bi-o-toluidine sulphate
[OK] 101-77-9 | 4,4'-Diaminodiphenylmethane | files=1 | ChemBlink/Alfa-Aesar
[OK] 6807-17-6 | 4,4'-diisobutylethylidenediphenol | files=1 | ChemBlink/Sigma-Aldrich
[OK] 838-88-0 | 4,4'-Methylene-bis(2-methylaniline) | files=1 | ChemBlink/Sigma-Aldrich
[OK] 101-14-4 | 4,4'-Methylenebis-(2-Chlorobenzenamine) | files=1 | ChemBlink/Sigma-Aldrich
[OK] 19900-65-3 | 4,4'-Methylenebis(2-ethylbenzenamine) | files=1 | ChemBlink/Ambeed
[OK] 6864-37-5 | 4,4'-Methylenebis(2-methylcyclohexylamine) | files=1 | ChemBlink/Sigma-Aldrich
[OK] 101-61-1 | 4,4'-Methylenebis(N,N-Dimethylaniline) | files=1 | ChemBlink/Alfa-Aesar
[OK] 101-80-4 | 4,4'-oxybisbenzenamine | files=1 | ChemBlink/Alfa-Aesar
[OK] 80-08-0 | 4,4'-Sulfonylbisbenzenamine | files=1 | ChemBlink/Alfa-Aesar
[OK] 139-65-1 | 4,4'-thiobisbenzenamine | files=1 | ChemBlink/Sigma-Aldrich
[OK] 1107-00-2 | 4,4′-(Hexafluoroisopropylidene)diphthalic anhydride | files=1 | ChemBlink/Alfa-Aesar
[OK] 2638-94-0 | 4,4′-Azobis(4-cyanovaleric acid) | files=1 | ChemBlink/Alfa-Aesar
[OK] 553-26-4 | 4,4′-Bipyridyl | files=1 | ChemBlink/Alfa-Aesar
[OK] 72-55-9 | 4,4′-DDE | files=1 | ChemBlink/Sigma-Aldrich
[OK] 92-86-4 | 4,4′-Dibromobiphenyl | files=1 | ChemBlink/Alfa-Aesar
[OK] 1134-35-6 | 4,4′-Dimethyl-2,2′-dipyridyl | files=1 | ChemBlink/Alfa-Aesar
[OK] 1207-12-1 | 4,6-Dimethyldibenzothiophene | files=1 | ChemBlink/Alfa-Aesar
[OK] 1558-17-4 | 4,6-Dimethylpyrimidine | files=1 | ChemBlink/Alfa-Aesar
[OK] 2980-64-5 | 4,6-DINITRO-o-CRESOL AMMONIUM SALT | files=1 | CAS-Search (www.chemicalbook.com)
[NOTFOUND] 80657-64-3 | 4,7-Methano-3aH-indene-3a-carboxylic acid, octahydro-, ethyl ester, (3aalpha,4alpha,7alpha,7aalpha
[OK] 99-90-1 | 4'-Bromoacetophenone | files=1 | ChemBlink/Alfa-Aesar
[OK] 10342-83-3 | 4'-bromopropiophenone | files=1 | ChemBlink/Alfa-Aesar
[OK] 99-91-2 | 4'-Chloroacetophenone | files=1 | ChemBlink/Alfa-Aesar
[OK] 1443-80-7 | 4'-Cyanoacetophenone | files=1 | ChemBlink/Alfa-Aesar
[OK] 62-44-2 | 4'-Ethoxyacetanilide | files=1 | ChemBlink/Alfa-Aesar
[OK] 498-02-2 | 4'-hydroxy-3'-methoxyacetophenone | files=1 | ChemBlink/Alfa-Aesar
[OK] 100-06-1 | 4'-Methoxyacetophenone | files=1 | ChemBlink/Alfa-Aesar
[OK] 122-00-9 | 4'-Methylacetophenone | files=1 | ChemBlink/Alfa-Aesar
[NOTFOUND] 613-35-4 | 4',4'''-BIACETANILIDE
[OK] 6285-05-8 | 4'chloropropiophenone | files=1 | ChemBlink/Alfa-Aesar
[OK] 456-03-1 | 4'fluoropropiophenone | files=1 | ChemBlink/Alfa-Aesar
[OK] 121-97-1 | 4'methoxypropiophenone | files=1 | ChemBlink/Alfa-Aesar
[OK] 711-33-1 | 4'trifluoromethylpropiophenone | files=1 | ChemBlink/Alfa-Aesar
[OK] 28718-90-3 | 4′,6-Diamidino-2-phenylindole dihydrochloride | files=1 | ChemBlink/Sigma-Aldrich
[OK] 18600-59-4 | 4H-3,1-Benzoxazin-4-one, 2,2'-(1,4-phenylene)bis- | files=1 | ChemBlink/Matrix
[OK] 566-65-4 | 5 alpha-pregnen-3,20-dione (allo) | files=1 | ChemBlink/Sigma-Aldrich
[OK] 33671-46-4 | 5-(2-CHLOROPHENYL)-7-ETHYL-1-METHYL-1,3-DIHYDRO-2H-THIENO(2,3-e)(1,4)DIAZEPIN-2-ONE | files=1 | CAS-Search (cdn.caymanchem.com)
[OK] 67-47-0 | 5-(Hydroxymethyl)-2-furaldehyde | files=1 | ChemBlink/Alfa-Aesar
[OK] 521-18-6 | 5-alpha Androstan-17-beta-ol-3-one | files=1 | ChemBlink/Sigma-Aldrich
[OK] 1031-47-6 | 5-AMINO-1-BIS(DIMETHYLAMIDE)PHOSPHORYL-3-PHENYL-1,2,4-TRIAZOLE | files=1 | CAS-Search (nj.gov)
[OK] 320-51-4 | 5-Amino-2-chlorobenzotrifluoride | files=1 | ChemBlink/Alfa-Aesar
[OK] 2357-47-3 | 5-Amino-2-fluorobenzotrifluoride | files=1 | ChemBlink/Alfa-Aesar
[NOTFOUND] 86-97-5 | 5-AMINO-2-NAPHTHALENESULFONIC ACID SODIUM SALT
[OK] 521-31-3 | 5-amino-2,3-dihydro-1,4-phthalazinedione | files=1 | ChemBlink/Alfa-Aesar
[OK] 931-86-2 | 5-Azacytosine | files=1 | ChemBlink/Alfa-Aesar
[OK] 34598-49-7 | 5-bromo-1-indanone | files=1 | ChemBlink/Alfa-Aesar
[OK] 51437-00-4 | 5-Bromo-2-fluorotoluene | files=1 | ChemBlink/Alfa-Aesar
[OK] 38026-46-9 | 5-carbethoxy-2-thiouracil | files=1 | ChemBlink/Alfa-Aesar
[OK] 42348-86-7 | 5-chloro-1-indanone | files=1 | ChemBlink/Alfa-Aesar
[OK] 1635-61-6 | 5-Chloro-2-nitroaniline | files=1 | ChemBlink/Alfa-Aesar
[OK] 5891-21-4 | 5-Chloro-2-pentanone | files=1 | ChemBlink/Alfa-Aesar
[OK] 1119-46-6 | 5-Chloro-n-valeric acid | files=1 | ChemBlink/Alfa-Aesar
[OK] 6280-87-1 | 5-Chloro-n-valeronitrile | files=1 | ChemBlink/Alfa-Aesar
[OK] 17630-75-0 | 5-Chloroindolin-2-one | files=1 | ChemBlink/Alfa-Aesar
[OK] 50-06-6 | 5-Ethyl-5-phenylbarbituric acid | files=1 | ChemBlink/Sigma-Aldrich
[OK] 700-84-5 | 5-fluoro-1-indanone | files=1 | ChemBlink/Alfa-Aesar
[OK] 367-29-3 | 5-Fluoro-2-methylaniline | files=1 | ChemBlink/Alfa-Aesar
[OK] 446-36-6 | 5-Fluoro-2-nitrophenol | files=1 | ChemBlink/Alfa-Aesar
[OK] 821-41-0 | 5-Hexen-1-ol | files=1 | ChemBlink/Alfa-Aesar
[OK] 53293-00-8 | 5-Hexynoic acid | files=1 | ChemBlink/Alfa-Aesar
[OK] 618-83-7 | 5-hydroxyisophthalic acid | files=1 | ChemBlink/Alfa-Aesar
[OK] 1470-94-6 | 5-Indanol | files=1 | ChemBlink/Alfa-Aesar
[OK] 63368-54-7 | 5-iodoacetamidofluorescein | files=1 | ChemBlink/Sigma-Aldrich
[OK] 696-07-1 | 5-iodouracil | files=1 | ChemBlink/Alfa-Aesar
[OK] 5111-70-6 | 5-methoxy-1-indanone | files=1 | ChemBlink/Alfa-Aesar
[OK] 133167-77-8 | 5-methoxy-2-methyl benzenesulfonic acid, monosodium salt | files=1 | CAS-Search (www.chemicalbook.com)
[OK] 4593-38-8 | 5-methyl-1-indanone | files=1 | ChemBlink/Alfa-Aesar
[OK] 620-02-0 | 5-Methyl-2-furancarbaldehyde | files=1 | ChemBlink/Alfa-Aesar
[OK] 700-38-9 | 5-Methyl-2-nitrophenol | files=1 | ChemBlink/Alfa-Aesar
[OK] 5521-55-1 | 5-Methyl-2-pyrazinecarboxylic acid | files=1 | ChemBlink/Alfa-Aesar
[OK] 541-85-5 | 5-Methyl-3-heptanone | files=1 | ChemBlink/Carl-Roth
[OK] 120-71-8 | 5-Methyl-o-Anisidine | files=1 | ChemBlink/Sigma-Aldrich
[OK] 59-87-0 | 5-Nitro-2-furaldehyde Semicarbazone | files=1 | ChemBlink/Alfa-Aesar
[OK] 99-55-8 | 5-Nitro-ortho-toluidine | files=1 | ChemBlink/Alfa-Aesar
[OK] 698-63-5 | 5-Nitrofurfural | files=1 | ChemBlink/Alfa-Aesar
[OK] 67233-85-6 | 5-Nitroguaiacol Sodium Salt | files=1 | ChemBlink/Matrix
[OK] 6146-52-7 | 5-nitroindole | files=1 | ChemBlink/Alfa-Aesar
[OK] 129-64-6 | 5-Norbornene-endo-2,3-dicarboxylic anhydride | files=1 | ChemBlink/Alfa-Aesar
[OK] 2270-20-4 | 5-Phenylvaleric acid | files=1 | ChemBlink/Alfa-Aesar
[OK] 145-13-1 | 5-Preggnen-3beta-ol-20-one | files=1 | ChemBlink/Sigma-Aldrich
[OK] 5965-83-3 | 5-Sulfosalicylic acid dihydrate | files=1 | ChemBlink/Alfa-Aesar
[OK] 917-23-7 | 5,10,15,20-Tetraphenyl-21H,23H-porphine | files=1 | ChemBlink/Alfa-Aesar
[OK] 24448-94-0 | 5,5-Dimethylbarbituric acid | files=1 | Name-Search (www.biosynth.com)
[OK] 122-15-6 | 5,5-DIMETHYLDIHYDRORESORCINOL DIMETHYLCARBAMATE | files=1 | CAS-Search (pdf.benchchem.com)
[OK] 97-23-4 | 5,5'-Dichloro-2,2'-dihydroxydiphenylmethane | files=1 | ChemBlink/Alfa-Aesar
[OK] 69-78-3 | 5,5'-Dithiobis(2-Nitrobenzoic acid) | files=1 | ChemBlink/Alfa-Aesar
[OK] 39575-65-0 | 5,6-Dihydro-2-isopropenyl-4,4,6-trimethyl-4H-1,3-oxazine | files=1 | ChemBlink/Alfa-Aesar
[OK] 521-74-4 | 5,7-Dibromo-8-hydroxyquinoline | files=1 | ChemBlink/Alfa-Aesar
[OK] 28393-01-3 | 5,7-hexadecadiynoic acid | files=1 | ChemBlink/Sigma-Aldrich
[OK] 2353-33-5 | 5'-aza-2'-deoxycytidine | files=1 | ChemBlink/Alfa-Aesar
[OK] 72088-94-9 | 5(6)-Carboxyfluorescein | files=1 | ChemBlink/Alfa-Aesar
[OK] 150408-83-6 | 5(6)-carboxytetramethylrhodamine N-succinimidyl ester | files=1 | ChemBlink/Sigma-Aldrich
[OK] 481-21-0 | 5α-Cholestane | files=1 | ChemBlink/Sigma-Aldrich
[OK] 2447-57-6 | 6-(4-AMINOBENZENESULFONAMIDO)-4,5-DIMETHOXYPYRIMIDINE | files=1 | ChemBlink/Alfa-Aesar
[OK] 22013-33-8 | 6-Amino-1,4-benzodioxane | files=1 | ChemBlink/Alfa-Aesar
[OK] 60-32-2 | 6-Aminohexanoic acid | files=1 | ChemBlink/Alfa-Aesar
[OK] 461-89-2 | 6-Azauracil | files=1 | ChemBlink/Alfa-Aesar
[OK] 1214-39-7 | 6-Benzylaminopurine | files=1 | ChemBlink/Alfa-Aesar
[OK] 4224-70-8 | 6-Bromocaproic acid | files=1 | ChemBlink/Alfa-Aesar
[OK] 22809-37-6 | 6-Bromocaproyl chloride | files=1 | ChemBlink/Alfa-Aesar
[OK] 87-42-3 | 6-chloropurine | files=1 | ChemBlink/Alfa-Aesar
[OK] 115066-14-3 | 6-Cyano-7-nitroquinoxaline-2,3-dione | files=1 | ChemBlink/Alfa-Aesar
[OK] 30964-00-2 | 6-Heptynoic acid | files=1 | ChemBlink/Alfa-Aesar
[OK] 85136-74-9 | 6-Hydroxy-1-(3-isopropoxypropyl)-4-methyl-2-oxo-5-[4-(phenylazo)phenylazo]-1,2-dihydro-3-pyridinecar | files=1 | CAS-Search (pdf.benchchem.com)
[OK] 2380-86-1 | 6-Hydroxyindole | files=1 | ChemBlink/Alfa-Aesar
[OK] 110-93-0 | 6-Methyl-5-hepten-2-one | files=1 | ChemBlink/Alfa-Aesar
[OK] 74338-72-0 | 6-Octen-3-one, 2,4,4,7-tetramethyl- | files=1 | CAS-Search (files.plytix.com)
[OK] 17587-22-3 | 6,6,7,7,8,8,8-Heptafluoro-2,2-dimethyl3,5-octanedione | files=1 | ChemBlink/Alfa-Aesar
[OK] 793-24-8 | 6PPD | files=1 | ChemBlink/Accu-Standard
[OK] 106562-32-7 | 7-Amino-4-methyl-3-coumarinylacetic acid | files=1 | ChemBlink/Matrix
[OK] 23560-59-0 | 7-Chlorobicyclo[3.2.0]hepta-2,6-dien-6-yl dimethyl phosphate | files=1 | ChemBlink/Sigma-Aldrich
[OK] 28836-03-5 | 8-Anilinonaphthalene-1-sulfonic acid ammonium salt | files=1 | ChemBlink/Alfa-Aesar
[OK] 134-58-7 | 8-Azaguanine | files=1 | ChemBlink/Alfa-Aesar
[OK] 148-24-3 | 8-Hydroxyquinoline | files=1 | ChemBlink/Alfa-Aesar
[OK] 84-88-8 | 8-hydroxyquinoline-5-sulfonic acid | files=1 | ChemBlink/Sigma-Aldrich
[OK] 80-47-7 | 8-p-Menthyl hydroperoxide | files=1 | CAS-Search (pdf.benchchem.com)
[OK] 467-69-6 | 9-Hydroxy-9-fluorenecarboxylic acid | files=1 | ChemBlink/Alfa-Aesar
[OK] 602-60-8 | 9-Nitroanthracene | files=1 | ChemBlink/Alfa-Aesar
[OK] 198964-46-4 | 9,9-dioctyl-2,7-dibromofluorene | files=1 | ChemBlink/Matrix
[OK] 71751-41-2 | Abamectin | files=1 | ChemBlink/Alfa-Aesar
[OK] 21293-29-8 | abscisic acid, (+/-) | files=1 | ChemBlink/Sigma-Aldrich
[OK] 9000-01-5 | Acacia | files=1 | ChemBlink/Alfa-Aesar
[OK] 56180-94-0 | Acarbose | files=1 | ChemBlink/Alfa-Aesar
[OK] 83-32-9 | Acenaphthene | files=1 | ChemBlink/Alfa-Aesar
[OK] 208-96-8 | Acenaphthylene | files=1 | ChemBlink/Alfa-Aesar
[OK] 75-07-0 | Acetaldehyde | files=1 | ChemBlink/Alfa-Aesar
[OK] 60-35-5 | Acetamide | files=1 | ChemBlink/Alfa-Aesar
[NOTFOUND] 122371-93-1 | Acetamide, N-(2-((4-chloro-3-cyano-5-formyl-2-thienyl)azo)-5-(diethylamino)phenyl)-2-methoxy-
[OK] 124-42-5 | Acetamidine hydrochloride | files=1 | ChemBlink/Alfa-Aesar
[OK] 103-90-2 | acetaminophen | files=1 | ChemBlink/Alfa-Aesar
[OK] 160430-64-8 | Acetamiprid | files=1 | CAS-Search (file.medchemexpress.com)
[OK] 103-84-4 | Acetanilide | files=1 | ChemBlink/Alfa-Aesar
[OK] 59-66-5 | Acetazolamide | files=1 | ChemBlink/Alfa-Aesar
[OK] 125229-74-5 | Acetic acid ethenyl ester, homopolymer, hydrolyzed, cyclic acetal with 4-(2-(4-formylphenyl)etheny | files=1 | CAS-Search (www.ichemistry.cn)
[OK] 21757-82-4 | Acetic acid, 1-(3,4-dichloro phenyl)-2,2,2-trichloroethyl ester | files=1 | ChemBlink/Sigma-Aldrich
[NOTFOUND] 77402-05-2 | Acetic acid, hydroxy((1-oxo-2-propenyl)amino)-, methyl ester
[OK] 51404-69-4 | Acetic acid, lead salt, basic | files=1 | ChemBlink/Alfa-Aesar
[OK] 108-24-7 | Acetic anhydride | files=1 | ChemBlink/Alfa-Aesar
[OK] 102-01-2 | Acetoacetanilide | files=1 | ChemBlink/Alfa-Aesar
[OK] 34256-82-1 | Acetochlor | files=1 | ChemBlink/Sigma-Aldrich
[OK] 546-88-3 | Acetohydroxamic acid | files=1 | ChemBlink/Alfa-Aesar
[OK] 941-98-0 | acetonaphthone, 1- | files=1 | ChemBlink/Alfa-Aesar
[OK] 93-08-3 | acetonaphthone, 2- | files=1 | ChemBlink/Alfa-Aesar
[OK] 75-86-5 | Acetone cyanohydrin | files=1 | ChemBlink/Sigma-Aldrich
[OK] 666-52-4 | Acetone-d6 | files=1 | ChemBlink/Alfa-Aesar
[OK] 75-05-8 | Acetonitrile | files=1 | ChemBlink/Alfa-Aesar
[OK] 2206-26-0 | Acetonitrile-d3 | files=1 | ChemBlink/Alfa-Aesar
[OK] 2478-38-8 | acetosyringone | files=1 | ChemBlink/Alfa-Aesar
[OK] 123-54-6 | Acetyl acetone | files=1 | ChemBlink/Alfa-Aesar
[OK] 506-96-7 | Acetyl bromide | files=1 | ChemBlink/Alfa-Aesar
[OK] 75-36-5 | Acetyl chloride | files=1 | ChemBlink/Alfa-Aesar
[OK] 674-82-8 | Acetyl ketene | files=1 | ChemBlink/Sigma-Aldrich
[OK] 14874-82-9 | Acetylacetonatodicarbonylrhodium(I) | files=1 | ChemBlink/Alfa-Aesar
[OK] 60-31-1 | Acetylcholine chloride | files=1 | ChemBlink/Alfa-Aesar
[OK] 74-86-2 | Acetylene gas | files=1 | ChemBlink/Airgas
[OK] 471-25-0 | Acetylenecarboxylic acid | files=1 | ChemBlink/Alfa-Aesar
[OK] 1439-36-7 | acetylmethylene triphenylphosphorane | files=1 | ChemBlink/Alfa-Aesar
[OK] 1866-15-5 | Acetylthiocholine iodide | files=1 | ChemBlink/Alfa-Aesar
[OK] 129815-48-1 | acetylthioglycolic acid pentaflurophenyl ester, S | files=1 | ChemBlink/Sigma-Aldrich
[OK] 6397-02-0 | Acid Blue 129 | files=1 | ChemBlink/Sigma-Aldrich
[OK] 6408-78-2 | Acid blue 25 | files=1 | ChemBlink/Sigma-Aldrich
[OK] 9001-77-8 | Acid Phosphatase | files=1 | ChemBlink/Sigma-Aldrich
[OK] 4196-99-0 | Acid red 66 | files=1 | ChemBlink/Alfa-Aesar
[NOTFOUND] 64742-20-7 | acid-treated heavy paraffinic distillate
[NOTFOUND] 64742-19-4 | acid-treated light naphthenic distillate
[OK] 50594-66-6 | Acifluorfen | files=1 | ChemBlink/Sigma-Aldrich
[OK] 74070-46-5 | aclonifen | files=1 | ChemBlink/Sigma-Aldrich
[OK] 302-27-2 | Aconitine | files=1 | ChemBlink/Alfa-Aesar
[OK] 260-94-6 | Acridine | files=1 | ChemBlink/Alfa-Aesar
[OK] 65-61-2 | acridine orange | files=1 | ChemBlink/LOBA
[OK] 8063-24-9 | Acriflavine hydrochloride | files=1 | ChemBlink/Alfa-Aesar
[OK] 101007-06-1 | Acrinathrin | files=1 | ChemBlink/Sigma-Aldrich
[OK] 107-02-8 | Acrolein | files=1 | ChemBlink/Alfa-Aesar
[OK] 79-06-1 | Acrylamide | files=1 | ChemBlink/Alfa-Aesar
[OK] 79-10-7 | Acrylic acid | files=1 | ChemBlink/Alfa-Aesar
[OK] 107-13-1 | Acrylonitrile | files=1 | ChemBlink/Alfa-Aesar
[OK] 814-68-6 | Acryloyl chloride | files=1 | ChemBlink/Alfa-Aesar
[OK] 66-81-9 | Actidione | files=1 | ChemBlink/Alfa-Aesar
[OK] 50-76-0 | Actinomycin D | files=1 | ChemBlink/Alfa-Aesar
[OK] 7440-44-0 | Activated carbon | files=1 | ChemBlink/Alfa-Aesar
[OK] 9012-37-7 | Acylase | files=1 | ChemBlink/Sigma-Aldrich
[OK] 73-24-5 | Adenine | files=1 | ChemBlink/Alfa-Aesar
[OK] 321-30-2 | Adenine sulphate | files=1 | ChemBlink/Alfa-Aesar
[OK] 58-61-7 | Adenosine | files=1 | ChemBlink/Alfa-Aesar
[OK] 4578-31-8 | Adenosine 5'-Monophosphate, Disodium salt | files=1 | ChemBlink/Alfa-Aesar
[OK] 987-65-5 | Adenosine 5'-Triphosphate, disodium salt | files=1 | ChemBlink/LOBA
[OK] 58-64-0 | Adenosine-5'-diphosphate | files=1 | ChemBlink/Sigma-Aldrich
[OK] 124-04-9 | Adipic acid | files=1 | ChemBlink/Alfa-Aesar
[OK] 111-50-2 | Adipoyl dichloride | files=1 | ChemBlink/Alfa-Aesar
[OK] 6805-41-0 | Aescin | files=1 | ChemBlink/Alfa-Aesar
[OK] 60177-39-1 | AG 501-X8 resin | files=1 | ChemBlink/Alfa-Aesar
[OK] 9002-18-0 | Agar coarse powder | files=1 | ChemBlink/Alfa-Aesar
[OK] 9012-36-6 | Agarose | files=1 | ChemBlink/Alfa-Aesar
[OK] 2482-00-0 | Agmatine sulfate salt | files=1 | ChemBlink/Alfa-Aesar
[OK] 61043-41-2 | ALA-ALA-PHE p-nitroanilide | files=1 | CAS-Search (www.chemicalbook.com)
[OK] 83130-01-2 | Alanycarb | files=1 | ChemBlink/Sigma-Aldrich
[OK] 9006-59-1 | Albumin, from eggs | files=1 | ChemBlink/Alfa-Aesar
[OK] 33864-99-2 | Alcian Blue 8 GS(8GX) | files=1 | ChemBlink/Alfa-Aesar
[OK] 75881-23-1 | Alcianblue 8GX solution | files=1 | ChemBlink/Sigma-Aldrich
[OK] 68439-46-3 | Alcohol ethoxylate | files=1 | CAS-Search (msds.evonik.com)
[OK] 357-56-2 | ALCOID | files=1 | CAS-Search (www.ichemistry.cn)
[OK] 116-06-3 | Aldicarb | files=1 | ChemBlink/Sigma-Aldrich
[OK] 1646-88-4 | Aldicarb-sulfone | files=1 | ChemBlink/Accu-Standard
[OK] 309-00-2 | Aldrin | files=1 | ChemBlink/Sigma-Aldrich
[OK] 2645-22-9 | Aldrithiol - 04 | files=1 | ChemBlink/Alfa-Aesar
[NOTFOUND] 558-11-2 | Alexa Fluor® 488 Rat Anti-Human CXCR5
[OK] 40591-57-9 | Alginate Lyase | files=1 | CAS-Search (www.biosynth.com)
[OK] 9005-35-0 | Alginic acid calcium salt from brown algae | files=1 | ChemBlink/Sigma-Aldrich
[OK] 72-48-0 | Alizarin | files=1 | ChemBlink/Alfa-Aesar
[OK] 130-22-3 | Alizarin Reds | files=1 | ChemBlink/Alfa-Aesar
[OK] 584-42-9 | Alizarin Yellow GG | files=1 | ChemBlink/Sigma-Aldrich
[OK] 2243-76-7 | Alizarin Yellow R | files=1 | ChemBlink/Sigma-Aldrich
[OK] 1718-34-9 | Alizarin Yellow R Sodium Salt | files=1 | ChemBlink/Alfa-Aesar
[OK] 3952-78-1 | Alizarin-3-methylimino-diacetic acid | files=1 | ChemBlink/Alfa-Aesar
[NOTFOUND] 68475-57-0 | Alkanes, C1-2
[NOTFOUND] 68475-58-1 | Alkanes, C2-3
[OK] 68475-59-2 | Alkanes, C3-4 | files=1 | CAS-Search (www.spiritsealers.com)
[NOTFOUND] 68475-60-5 | Alkanes, C4-5
[OK] 68477-83-8 | alkylation feed | files=1 | CAS-Search (s3-ap-southeast-2.amazonaws.com)
[OK] 63449-41-2 | Alkylbenzyldimethylammonium chloride | files=1 | ChemBlink/Alfa-Aesar
[OK] 79-81-2 | All-trans retinyl palmitate | files=1 | ChemBlink/Alfa-Aesar
[OK] 97-59-6 | Allantoin | files=1 | ChemBlink/Alfa-Aesar
[OK] 463-49-0 | Allene | files=1 | ChemBlink/Sigma-Aldrich
[OK] 584-79-2 | Allethrin | files=1 | ChemBlink/Sigma-Aldrich
[OK] 93-71-0 | Allidochlor | files=1 | ChemBlink/Sigma-Aldrich
[OK] 315-30-0 | Allopurinol | files=1 | ChemBlink/Alfa-Aesar
[OK] 591-87-7 | Allyl acetate | files=1 | ChemBlink/Alfa-Aesar
[OK] 107-18-6 | Allyl alcohol | files=1 | ChemBlink/Alfa-Aesar
[OK] 13361-32-5 | Allyl cyanoacetate | files=1 | ChemBlink/Sigma-Aldrich
[OK] 106-92-3 | Allyl glycidyl ether | files=1 | ChemBlink/Alfa-Aesar
[OK] 556-56-9 | Allyl iodide | files=1 | ChemBlink/Alfa-Aesar
[OK] 57-06-7 | Allyl isothiocyanate | files=1 | ChemBlink/Alfa-Aesar
[OK] 96-05-9 | Allyl methacrylate | files=1 | ChemBlink/Alfa-Aesar
[OK] 2179-59-1 | Allyl propyl disulfide | files=1 | CAS-Search (www.chemicalbook.com)
[OK] 107-11-9 | Allylamine | files=1 | ChemBlink/Alfa-Aesar
[OK] 12012-95-2 | Allylpalladium(II) chloride dimer (58% Pd) | files=1 | ChemBlink/Alfa-Aesar
[OK] 870-23-5 | Allylthiol | files=1 | ChemBlink/Alfa-Aesar
[OK] 762-72-1 | Allyltrimethylsilane | files=1 | ChemBlink/Alfa-Aesar
[OK] 1560-54-9 | Allyltriphenylphosphonium bromide | files=1 | ChemBlink/Alfa-Aesar
[OK] 8007-69-0 | Almond oil, sweet | files=1 | ChemBlink/Sigma-Aldrich
[OK] 114369-43-6 | alpha-(2-(4-chlorophenyl)ethyl)-alpha-phenyl-1H-1,2,4-triazole-1-propanenitrile | files=1 | ChemBlink/Sigma-Aldrich
[OK] 23109-05-9 | alpha-Amanitine | files=1 | ChemBlink/Sigma-Aldrich
[OK] 9000-90-2 | alpha-Amylase | files=1 | ChemBlink/TCI
[OK] 2883-98-9 | alpha-asarone | files=1 | ChemBlink/Alfa-Aesar
[OK] 319-84-6 | alpha-BHC | files=1 | ChemBlink/Sigma-Aldrich
[OK] 15879-93-3 | alpha-Chloralose | files=1 | ChemBlink/Alfa-Aesar
[OK] 2912-62-1 | alpha-Chlorophenylacetyl chloride | files=1 | ChemBlink/Matrix
[OK] 28166-41-8 | alpha-cyano-4-hydroxycinnamic acid | files=1 | ChemBlink/Alfa-Aesar
[OK] 67375-30-8 | alpha-Cypermethrin | files=1 | ChemBlink/Sigma-Aldrich
[OK] 56401-20-8 | alpha-D-Glucose 1-phosphate disodium salt hydrate | files=1 | ChemBlink/Alfa-Aesar
[OK] 959-98-8 | alpha-Endosulfan | files=1 | ChemBlink/Sigma-Aldrich
[OK] 51828-97-8 | alpha-Keto-gamma-(methylthio)butyric acid sodium salt | files=1 | ChemBlink/Sigma-Aldrich
[OK] 305-72-6 | alpha-ketoglutaric acid disodium salt | files=1 | ChemBlink/Alfa-Aesar
[OK] 1821-02-9 | alpha-ketovaleric acid | files=1 | ChemBlink/Sigma-Aldrich
[OK] 1132-26-9 | alpha-Methyl-DL-Phenylalanine | files=1 | ChemBlink/Alfa-Aesar
[OK] 98-84-0 | alpha-Methylbenzylamine | files=1 | Name-Search (synquestprodstorage.blob.core.windows.net)
[OK] 98-83-9 | alpha-Methylstyrene | files=1 | ChemBlink/Alfa-Aesar
[OK] 604-59-1 | alpha-Naphthoflavone | files=1 | ChemBlink/Alfa-Aesar
[OK] 145-50-6 | alpha-Naphtholbenzein | files=1 | ChemBlink/Alfa-Aesar
[OK] 134-32-7 | alpha-Naphthylamine | files=1 | ChemBlink/Alfa-Aesar
[OK] 80-56-8 | alpha-Pinene | files=1 | ChemBlink/Sigma-Aldrich
[OK] 98-87-3 | alpha, alpha-Dichlorotoluene | files=1 | ChemBlink/Alfa-Aesar
[OK] 434-45-7 | alpha,alpha,alpha-Trifluoroacetophenone | files=1 | ChemBlink/Alfa-Aesar
[OK] 7429-90-5 | Aluminium | files=1 | ChemBlink/Alfa-Aesar
[OK] 7047-84-9 | ALUMINIUM    MONOSTEARATE | files=1 | ChemBlink/Sigma-Aldrich
[OK] 142-03-0 | aluminium acetate | files=1 | ChemBlink/Alfa-Aesar
[OK] 13963-57-0 | Aluminium acetylacetonate | files=1 | ChemBlink/Alfa-Aesar
[OK] 7784-26-1 | Aluminium ammonium sulfate | files=1 | ChemBlink/Alfa-Aesar
[OK] 7727-15-3 | Aluminium bromide anhydrous | files=1 | ChemBlink/Alfa-Aesar
[OK] 12003-13-3 | Aluminium chloride - titanium trichloride complex | files=1 | ChemBlink/Alfa-Aesar
[OK] 555-75-9 | Aluminium ethoxide | files=1 | ChemBlink/Strem
[OK] 21645-51-2 | Aluminium hydroxide | files=1 | ChemBlink/Alfa-Aesar
[OK] 7784-23-8 | Aluminium iodide | files=1 | ChemBlink/Alfa-Aesar
[OK] 555-31-7 | Aluminium isopropoxide | files=1 | ChemBlink/Alfa-Aesar
[OK] 3085-30-1 | Aluminium n-butoxide | files=1 | ChemBlink/Alfa-Aesar
[OK] 13473-90-0 | Aluminium nitrate | files=1 | CAS-Search (pim-resources.coleparmer.com)
[OK] 24304-00-5 | Aluminium nitride | files=1 | ChemBlink/Alfa-Aesar
[OK] 1344-28-1 | Aluminium oxide | files=1 | ChemBlink/Alfa-Aesar
[OK] 7784-30-7 | Aluminium phosphate | files=1 | ChemBlink/Alfa-Aesar
[OK] 2269-22-9 | Aluminium sec-butoxide | files=1 | ChemBlink/Alfa-Aesar
[OK] 16828-11-8 | Aluminium Sulfate Hexadecahydrate | files=1 | ChemBlink/Alfa-Aesar
[OK] 7784-31-8 | Aluminium sulfate octadecahydrate | files=1 | ChemBlink/Sigma-Aldrich
[OK] 7784-18-1 | Aluminium trifluoride | files=1 | ChemBlink/Alfa-Aesar
[OK] 569-58-4 | Aluminon | files=1 | ChemBlink/Alfa-Aesar
[OK] 7446-70-0 | Aluminum chloride | files=1 | ChemBlink/Alfa-Aesar
[OK] 7784-13-6 | Aluminum chloride hexahydrate | files=1 | ChemBlink/Alfa-Aesar
[OK] 10124-27-3 | Aluminum chloride hydrate | files=1 | CAS-Search (www.chemicalbook.com)
[OK] 7784-27-2 | Aluminum nitrate nonahydrate | files=1 | ChemBlink/Alfa-Aesar
[OK] 7784-24-9 | Aluminum potassium sulfate dodecahydrate | files=1 | ChemBlink/Alfa-Aesar
[OK] 1335-30-4 | Aluminum silicate | files=1 | ChemBlink/Sigma-Aldrich
[OK] 10043-01-3 | Aluminum sulfate | files=1 | ChemBlink/Alfa-Aesar
[OK] 17927-65-0 | Aluminum sulfate hydrate | files=1 | ChemBlink/Alfa-Aesar
[OK] 12635-27-7 | Aluminum-nickel alloy | files=1 | ChemBlink/Alfa-Aesar
[OK] 915-67-3 | Amaranth | files=1 | ChemBlink/Sigma-Aldrich
[OK] 37360-75-1 | Amberlite resin CG-120 | files=1 | CAS-Search (pim-resources.coleparmer.com)
[OK] 9002-24-8 | Amberlite resin,  IRA-400 | files=1 | ChemBlink/Alfa-Aesar
[OK] 9002-29-3 | Amberlite resin,  IRC-50 | files=1 | ChemBlink/Alfa-Aesar
[OK] 104219-63-8 | AMBERLITE XAD-16 | files=1 | ChemBlink/Alfa-Aesar
[OK] 37380-43-1 | Amberlite XAD-7 | files=1 | ChemBlink/Alfa-Aesar
[OK] 9003-69-4 | Amberlite XAD16 | files=1 | ChemBlink/Sigma-Aldrich
[OK] 37380-42-0 | Amberlite XAD4 | files=1 | ChemBlink/Alfa-Aesar
[OK] 63181-94-2 | Amberlite® IRA-410 chloride form | files=1 | ChemBlink/Sigma-Aldrich
[OK] 100915-96-6 | AMBERLITE® MB-150 | files=1 | CAS-Search (www.merckmillipore.com)
[NOTFOUND] 9060-05-3 | Amberlite® XAD2
[OK] 39389-20-3 | Amberlyst 15 | files=1 | ChemBlink/Alfa-Aesar
[OK] 125004-35-5 | Amberlyst® 16 wet | files=1 | CAS-Search (www.cdhfinechemical.com)
[OK] 834-12-8 | Ametryne | files=1 | ChemBlink/Sigma-Aldrich
[OK] 919-76-6 | Amidithion | files=1 | Name-Search (www.neochema.com)
[OK] 1064-48-8 | Amidoschwarz 10B | files=1 | ChemBlink/Alfa-Aesar
[OK] 2016-88-8 | Amiloride hydrochloride hydrate | files=1 | ChemBlink/Alfa-Aesar
[OK] 68131-73-7 | Amines, polyethylenepoly- | files=1 | Name-Search (www.carlroth.com)
[OK] 645-36-3 | aminoacetaldehyde diethyl acetal | files=1 | ChemBlink/Alfa-Aesar
[OK] 99-05-8 | aminobenzoic acid, 3- | files=1 | ChemBlink/Alfa-Aesar
[OK] 150-13-0 | Aminobenzoic acid, 4- | files=1 | ChemBlink/Alfa-Aesar
[OK] 5344-90-1 | aminobenzyl alcohol, 2- | files=1 | ChemBlink/Alfa-Aesar
[OK] 13325-10-5 | aminobutanol, 4-, -1- | files=1 | ChemBlink/Alfa-Aesar
[OK] 56-12-2 | aminobutyric acid, g- | files=1 | ChemBlink/Alfa-Aesar
[OK] 2032-59-9 | Aminocarb | files=1 | ChemBlink/Sigma-Aldrich
[OK] 2840-28-0 | aminochlorobenzoic acid, 3-, -4- | files=1 | ChemBlink/Alfa-Aesar
[OK] 38487-86-4 | aminochlorobenzonitrile, 2-, -4- | files=1 | ChemBlink/Alfa-Aesar
[OK] 5600-21-5 | aminochloromethylpyrimidine, 2-, -4-, -6- | files=1 | ChemBlink/Alfa-Aesar
[OK] 10310-21-1 | aminochloropurine, 2-, -6- | files=1 | ChemBlink/Alfa-Aesar
[OK] 206658-81-3 | aminochloropyrimidinol hydrate, 2-, -6-, -4- | files=1 | ChemBlink/Acros-Organics
[OK] 91-00-9 | aminodiphenylmethane, alpha- | files=1 | ChemBlink/Alfa-Aesar
[OK] 5978-75-6 | aminofluorene hydrochloride, 9- | files=1 | ChemBlink/Alfa-Aesar
[OK] 1937-19-5 | Aminoguanidine hydrochloride | files=1 | ChemBlink/Sigma-Aldrich
[OK] 2582-30-1 | aminoguanidine hydrogencarbonate | files=1 | ChemBlink/Alfa-Aesar
[OK] 61-78-9 | aminohippuric acid, 4- | files=1 | ChemBlink/Alfa-Aesar
[OK] 126456-43-7 | aminoindanol, (1S,2R)-(-)-cis-1-, -2- | files=1 | ChemBlink/Alfa-Aesar
[OK] 99-31-0 | Aminoisophthalic acid | files=1 | ChemBlink/Alfa-Aesar
[OK] 5451-09-2 | Aminolevulinic Acid | files=1 | ChemBlink/Alfa-Aesar
[OK] 52130-17-3 | aminomethylbenzoic acid, 3-, -2- | files=1 | ChemBlink/Alfa-Aesar
[OK] 2458-12-0 | aminomethylbenzoic acid, 3-, -4- | files=1 | ChemBlink/Alfa-Aesar
[OK] 1198-27-2 | aminonaphthol hydrochloride, 1-,2- | files=1 | ChemBlink/Alfa-Aesar
[OK] 5345-47-1 | aminonicotinic acid, 2- | files=1 | ChemBlink/Alfa-Aesar
[OK] 99-57-0 | aminonitroaniline, 2-, -4- | files=1 | ChemBlink/Alfa-Aesar
[OK] 551-16-6 | aminopenicillanic acid, (+)-6- | files=1 | ChemBlink/Alfa-Aesar
[OK] 1197-55-3 | aminophenylacetic acid, 4- | files=1 | ChemBlink/Alfa-Aesar
[OK] 616-30-8 | aminopropanediol, (±)-3-, -1.2- | files=1 | ChemBlink/Alfa-Aesar
[OK] 109-12-6 | aminopyrimidine, 2- | files=1 | ChemBlink/Alfa-Aesar
[OK] 65-49-6 | aminosalicylic acid, 4- | files=1 | ChemBlink/Alfa-Aesar
[OK] 1120-99-6 | aminotriazine, 3-, -1,2,4- | files=1 | ChemBlink/Sigma-Aldrich
[OK] 33089-61-1 | Amitraz | files=1 | ChemBlink/Sigma-Aldrich
[OK] 12028-48-7 | Ammonium (meta) Tungstate Hydrate | files=1 | ChemBlink/Carl-Roth
[OK] 11120-25-5 | Ammonium (para)tungstate | files=1 | ChemBlink/Alfa-Aesar
[OK] 631-61-8 | Ammonium acetate | files=1 | ChemBlink/Alfa-Aesar
[OK] 1863-63-4 | Ammonium benzoate | files=1 | ChemBlink/Alfa-Aesar
[OK] 12228-87-4 | Ammonium biborate | files=1 | ChemBlink/Sigma-Aldrich
[OK] 1341-49-7 | Ammonium bifluoride | files=1 | ChemBlink/Alfa-Aesar
[OK] 12124-97-9 | Ammonium bromide | files=1 | ChemBlink/Alfa-Aesar
[OK] 1111-78-0 | Ammonium carbamate | files=1 | ChemBlink/Alfa-Aesar
[OK] 506-87-6 | Ammonium carbonate | files=1 | ChemBlink/Alfa-Aesar
[OK] 12125-02-9 | Ammonium chloride | files=1 | ChemBlink/Alfa-Aesar
[OK] 7788-98-9 | Ammonium chromate | files=1 | ChemBlink/Alfa-Aesar
[OK] 7789-09-5 | Ammonium dichromate | files=1 | ChemBlink/Alfa-Aesar
[OK] 7722-76-1 | Ammonium dihydrogen phosphate | files=1 | ChemBlink/Alfa-Aesar
[OK] 12125-01-8 | Ammonium fluoride | files=1 | ChemBlink/Alfa-Aesar
[OK] 540-69-2 | Ammonium formate | files=1 | ChemBlink/Alfa-Aesar
[OK] 16919-58-7 | Ammonium hexachloroplatinate(IV) | files=1 | ChemBlink/Alfa-Aesar
[OK] 16941-11-0 | Ammonium hexafluorophosphate | files=1 | ChemBlink/Alfa-Aesar
[OK] 1066-33-7 | Ammonium hydrogen carbonate | files=1 | ChemBlink/Alfa-Aesar
[OK] 3012-65-5 | Ammonium hydrogen citrate | files=1 | ChemBlink/Alfa-Aesar
[OK] 7783-28-0 | Ammonium hydrogen phosphate | files=1 | ChemBlink/Alfa-Aesar
[OK] 7803-63-6 | Ammonium hydrogen sulfate | files=1 | ChemBlink/Alfa-Aesar
[OK] 12027-06-4 | Ammonium iodide | files=1 | ChemBlink/Alfa-Aesar
[OK] 7783-83-7 | Ammonium iron (III) sulfate | files=1 | ChemBlink/Alfa-Aesar
[OK] 7783-85-9 | Ammonium iron(II) sulfate hexahydrate | files=1 | ChemBlink/Alfa-Aesar
[OK] 1185-57-5 | Ammonium iron(III) citrate | files=1 | ChemBlink/Alfa-Aesar
[OK] 10138-04-2 | Ammonium iron(III) sulfate solution | files=1 | ChemBlink/Ambeed
[OK] 3164-29-2 | Ammonium L-(+)-tartrate | files=1 | ChemBlink/Alfa-Aesar
[OK] 2235-54-3 | Ammonium lauryl sulfate solution | files=1 | ChemBlink/Matrix
[OK] 12333-11-8 | Ammonium metatungstate hydrate | files=1 | CAS-Search (www.chemicalbook.com)
[OK] 7803-55-6 | Ammonium metavanadate | files=1 | ChemBlink/Alfa-Aesar
[OK] 13106-76-8 | Ammonium molybdate | files=1 | ChemBlink/Alfa-Aesar
[OK] 12054-85-2 | Ammonium molybdate tetrahydrate | files=1 | ChemBlink/Alfa-Aesar
[OK] 7785-20-8 | Ammonium nickel(II) sulfate hexahydrate | files=1 | ChemBlink/Alfa-Aesar
[OK] 6484-52-2 | Ammonium nitrate | files=1 | ChemBlink/Alfa-Aesar
[OK] 1113-38-8 | Ammonium oxalate | files=1 | ChemBlink/Oakwood
[OK] 6009-70-7 | Ammonium oxalate monohydrate | files=1 | ChemBlink/Alfa-Aesar
[OK] 7727-54-0 | Ammonium persulfate | files=1 | ChemBlink/Alfa-Aesar
[OK] 12259-92-6 | Ammonium polysulfide | files=1 | CAS-Search (www.chemicalbull.com)
[OK] 9080-17-5 | Ammonium polysulfides | files=1 | CAS-Search (nj.gov)
[OK] 16919-19-0 | Ammonium silicofluoride | files=1 | ChemBlink/Alfa-Aesar
[OK] 7773-06-0 | Ammonium sulfamate | files=1 | ChemBlink/Alfa-Aesar
[OK] 7783-20-2 | Ammonium sulfate | files=1 | ChemBlink/Alfa-Aesar
[OK] 43086-58-4 | Ammonium sulfate (15N2,99%) | files=1 | ChemBlink/Sigma-Aldrich
[OK] 12135-76-1 | Ammonium sulfide | files=1 | ChemBlink/Alfa-Aesar
[OK] 13573-16-5 | Ammonium tetra thiocyanate diamino chromate | files=1 | ChemBlink/Alfa-Aesar
[OK] 13820-41-2 | Ammonium tetrachloroplatinate | files=1 | ChemBlink/Alfa-Aesar
[OK] 15060-55-6 | Ammonium tetrathiomolybdate | files=1 | ChemBlink/Sigma-Aldrich
[OK] 1762-95-4 | Ammonium thiocyanate | files=1 | ChemBlink/Alfa-Aesar
[OK] 7783-18-8 | Ammonium thiosulfate | files=1 | ChemBlink/Alfa-Aesar
[OK] 11140-77-5 | Ammonium tungstate | files=1 | ChemBlink/Alfa-Aesar
[OK] 26787-78-0 | Amoxicillin | files=1 | ChemBlink/Sigma-Aldrich
[OK] 69-53-4 | Ampicillin | files=1 | ChemBlink/Alfa-Aesar
[OK] 69-52-3 | Ampicillin,Sodium salt | files=1 | ChemBlink/Alfa-Aesar
[OK] 71-41-0 | Amyl alcohol | files=1 | ChemBlink/Alfa-Aesar
[OK] 9032-08-0 | Amyloglucosidase | files=1 | CAS-Search (www.chemicalbook.com)
[OK] 9037-22-3 | Amylopectin from potato starch | files=1 | ChemBlink/Sigma-Aldrich
[OK] 9005-82-7 | Amylose from potato | files=1 | ChemBlink/Sigma-Aldrich
[OK] 5508-58-7 | Andrographolide | files=1 | ChemBlink/Sigma-Aldrich
[OK] 53-41-8 | androsterone | files=1 | ChemBlink/Sigma-Aldrich
[OK] 101-05-3 | Anilazine | files=1 | ChemBlink/Sigma-Aldrich
[OK] 62-53-3 | Aniline | files=1 | ChemBlink/Alfa-Aesar
[OK] 142-04-1 | Aniline hydrochloride | files=1 | ChemBlink/Alfa-Aesar
[OK] 542-16-5 | aniline sulphate | files=1 | ChemBlink/Alfa-Aesar
[OK] 64249-01-0 | Anilofos | files=1 | ChemBlink/Sigma-Aldrich
[OK] 591-31-1 | Anisaldehyde | files=1 | ChemBlink/Alfa-Aesar
[OK] 123-11-5 | anisaldehyde,p- | files=1 | ChemBlink/Alfa-Aesar
[OK] 29191-52-4 | Anisidine | files=1 | Name-Search (www.oxfordlabfinechem.com)
[OK] 100-66-3 | Anisole | files=1 | ChemBlink/Alfa-Aesar
[OK] 120-12-7 | Anthracene | files=1 | ChemBlink/Alfa-Aesar
[OK] 91995-14-1 | Anthracene oil, acid ext. | files=1 | Name-Search (www.chemicalbook.com)
[OK] 91995-15-2 | Anthracene oil, anthracene paste, anthracene fraction | files=1 | Name-Search (www.chemicalbook.com)
[NOTFOUND] 91995-16-3 | Anthracene oil, anthracene paste, carbazole fraction
[OK] 91995-17-4 | Anthracene oil, anthracene paste, distn. lights | files=1 | CAS-Search (prd-sc102-cdn.rtx.com)
[OK] 1468-95-7 | Anthracene-9-methanol | files=1 | ChemBlink/Alfa-Aesar
[OK] 723-62-6 | Anthracenecarboxylic acid | files=1 | ChemBlink/Alfa-Aesar
[OK] 88-68-6 | Anthranilamide | files=1 | ChemBlink/Alfa-Aesar
[OK] 84-65-1 | Anthraquinone | files=1 | ChemBlink/Alfa-Aesar
[OK] 117-78-2 | Anthraquinone-2-carboxylic acid | files=1 | ChemBlink/Alfa-Aesar
[OK] 90-44-8 | Anthrone | files=1 | ChemBlink/Alfa-Aesar
[OK] 7440-36-0 | Antimony | files=1 | ChemBlink/Alfa-Aesar
[OK] 7647-18-9 | Antimony pentachloride | files=1 | ChemBlink/Alfa-Aesar
[OK] 10025-91-9 | Antimony trichloride | files=1 | ChemBlink/Alfa-Aesar
[OK] 7783-56-4 | Antimony trifluoride | files=1 | ChemBlink/Alfa-Aesar
[OK] 1345-04-6 | Antimony trisulfide | files=1 | ChemBlink/Alfa-Aesar
[OK] 1309-64-4 | Antimony(III) oxide | files=1 | ChemBlink/Alfa-Aesar
[OK] 7783-70-2 | Antimony(V) fluoride | files=1 | ChemBlink/Alfa-Aesar
[OK] 1397-94-0 | Antimycin A | files=1 | ChemBlink/Alfa-Aesar
[OK] 86-88-4 | ANTU | files=1 | ChemBlink/Alfa-Aesar
[OK] 520-36-5 | Apigenin | files=1 | ChemBlink/Alfa-Aesar
[OK] 9013-31-4 | Apoferritin | files=1 | CAS-Search (www.mpbio.com)
[OK] 57837-19-1 | Apron | files=1 | ChemBlink/Sigma-Aldrich
[OK] 5328-37-0 | Arabinose | files=1 | ChemBlink/Sigma-Aldrich
[OK] 140-57-8 | Aramite | files=1 | CAS-Search (cdn.chemservice.com)
[OK] 7440-37-1 | Argon | files=1 | ChemBlink/Alfa-Aesar
[OK] 11141-16-5 | Aroclor 1232 solution | files=1 | CAS-Search (angenechemical.com)
[OK] 67891-79-6 | Aromatic Distillate, Heavy | files=1 | CAS-Search (www.epa.gov)
[NOTFOUND] 90640-98-5 | Aromatic hydrocarbons, C<=10, steam-cracking, hydrotreated
[NOTFOUND] 101794-75-6 | Aromatic hydrocarbons, C20-28, polycyclic, mixed coal-tar pitch-polyethylene pyrolysis-derived
[NOTFOUND] 101794-74-5 | Aromatic hydrocarbons, C20-28, polycyclic, mixed coal-tar pitch-polyethylene-polypropylene pyrolys
[NOTFOUND] 101794-76-7 | Aromatic hydrocarbons, C20-28, polycyclic, mixed coal-tar pitch-polystyrene pyrolysis-derived
[NOTFOUND] 68131-49-7 | Aromatic hydrocarbons, C6-10, acid-treated, neutralized
[NOTFOUND] 90989-41-6 | Aromatic hydrocarbons, C6-10, C8-rich
[NOTFOUND] 90989-42-7 | Aromatic hydrocarbons, C7-8, dealkylation products, distillation residues
[OK] 90989-38-1 | Aromatic hydrocarbons, C8 | files=1 | CAS-Search (www.hongrunplastics.com)
[NOTFOUND] 90989-39-2 | Aromatic hydrocarbons, C8-10
[OK] 91995-20-9 | Aromatic hydrocarbons, C8-9, hydrocarbon resin polymn. by-product | files=1 | Name-Search (www.chemicalbook.com)
[NOTFOUND] 91995-18-5 | Aromatic hydrocarbons, C8, catalytic reforming-derived
[OK] 64741-68-0 | Aromatic Solvent 104 | files=1 | CAS-Search (www.freepoint.com)
[OK] 1668-00-4 | Arsenazo III | files=1 | ChemBlink/Alfa-Aesar
[OK] 7440-38-2 | Arsenic | files=1 | ChemBlink/Alfa-Aesar
[OK] 7778-39-4 | Arsenic acid | files=1 | CAS-Search (file1.lookchem.com)
[OK] 7778-44-1 | ARSENIC ACID, CALCIUM SALT (2:3) | files=1 | ChemBlink/Alfa-Aesar
[OK] 7778-43-0 | ARSENIC ACID, DISODIUM SALT | files=1 | CAS-Search (cdn.chemservice.com)
[OK] 7784-34-1 | Arsenic chloride | files=1 | ChemBlink/Alfa-Aesar
[OK] 1303-32-8 | Arsenic disulfide | files=1 | CAS-Search (www.epa.gov)
[OK] 1303-28-2 | Arsenic pentoxide | files=1 | ChemBlink/Alfa-Aesar
[OK] 1327-53-3 | Arsenic trioxide | files=1 | ChemBlink/Alfa-Aesar
[OK] 1303-33-9 | Arsenic trisulfide | files=1 | ChemBlink/Alfa-Aesar
[NOTFOUND] 696-24-2 | Arsine, dibromophenyl
[NOTFOUND] 4262-43-5 | Arsine, tert-butyl- (7CI,8CI)
[OK] 132207-32-0 | Asbestos | files=1 | CAS-Search (www.cirs-ck.com)
[OK] 77536-66-4 | Asbestos, actinolite | files=1 | CAS-Search (www.cde.com)
[OK] 77536-67-5 | Asbestos, anthophyllite | files=1 | Name-Search (www.2spi.com)
[OK] 77536-68-6 | Asbestos, tremolite | files=1 | CAS-Search (file1.lookchem.com)
[OK] 1332-21-4 | Ascarite (II) (R) | files=1 | CAS-Search (www.ottokemi.com)
[OK] 129499-78-1 | ascorbic acid 2-glucoside | files=1 | ChemBlink/Alfa-Aesar
[OK] 22839-47-0 | aspartame | files=1 | ChemBlink/Alfa-Aesar
[OK] 136210-32-7 | Aspartic acid, N,N'-(methylenebis(2-methyl-4,1-cyclohexanediyl))bis-, tetraethyl ester | files=1 | CAS-Search (assets.ctfassets.net)
[OK] 8052-42-4 | Asphalt Fumes (Petroleum) | files=1 | CAS-Search (atdmco.com)
[OK] 50-78-2 | Aspirin | files=1 | ChemBlink/Alfa-Aesar
[OK] 76578-12-6 | Assure | files=1 | ChemBlink/Ambeed
[OK] 472-61-7 | Astaxanthin | files=1 | ChemBlink/Sigma-Aldrich
[OK] 3337-71-1 | Asulam | files=1 | ChemBlink/Sigma-Aldrich
[OK] 2302-17-2 | Asulam sodium salt | files=1 | CAS-Search (www.chemicalbook.com)
[OK] 64741-45-3 | atmospheric tower residue | files=1 | CAS-Search (www.idemitsu.com)
[OK] 95233-18-4 | Atovaquone | files=1 | ChemBlink/Sigma-Aldrich
[OK] 1912-24-9 | Atrazine | files=1 | ChemBlink/Sigma-Aldrich
[OK] 51-55-8 | Atropine | files=1 | ChemBlink/Alfa-Aesar
[OK] 5908-99-6 | Atropine sulfate monohydrate | files=1 | ChemBlink/Alfa-Aesar
[OK] 492-80-8 | Auramine | files=1 | ChemBlink/Sigma-Aldrich
[OK] 2465-27-2 | Auramine hydrochloride | files=1 | ChemBlink/Alfa-Aesar
[OK] 1405-69-2 | Avidin from egg white | files=1 | ChemBlink/Alfa-Aesar
[OK] 8024-32-6 | Avocado oil | files=1 | ChemBlink/Sigma-Aldrich
[OK] 37332-99-3 | Avoparcin | files=1 | Name-Search (pdf.benchchem.com)
[OK] 148893-10-1 | azabenzotriazolyl-N,N,N',N'-tetramethyluronium hexafluorophosphate. O-,7-,-1- | files=1 | ChemBlink/Alfa-Aesar
[OK] 60207-31-0 | Azaconazol | files=1 | ChemBlink/Sigma-Aldrich
[OK] 35575-96-3 | Azamethiphos | files=1 | ChemBlink/Alfa-Aesar
[OK] 123-99-9 | azelaic acid | files=1 | ChemBlink/Alfa-Aesar
[OK] 503-29-7 | Azetidine | files=1 | ChemBlink/Alfa-Aesar
[OK] 78-57-9 | AZIDITHION | files=1 | Name-Search (tanqingsk-data.oss-cn-hangzhou.aliyuncs.com)
[OK] 120162-55-2 | azimsulfuron | files=1 | ChemBlink/Sigma-Aldrich
[OK] 2642-71-9 | Azinphos-ethyl | files=1 | ChemBlink/Sigma-Aldrich
[OK] 86-50-0 | Azinphos-methyl | files=1 | ChemBlink/Sigma-Aldrich
[OK] 103-33-3 | Azobenzene | files=1 | ChemBlink/Alfa-Aesar
[OK] 78-67-1 | Azobisisobutyronitrile | files=1 | ChemBlink/Alfa-Aesar
[OK] 102110-74-7 | Azocasein | files=1 | CAS-Search (www.merckmillipore.com)
[OK] 41083-11-8 | Azocyclotin | files=1 | ChemBlink/Sigma-Aldrich
[OK] 123-77-3 | Azodicarboxamide | files=1 | ChemBlink/Alfa-Aesar
[OK] 206752-32-1 | Azomethine-H-monosodium salt hydrate | files=1 | ChemBlink/Alfa-Aesar
[OK] 495-48-7 | Azoxybenzene | files=1 | ChemBlink/Sigma-Aldrich
[OK] 131860-33-8 | Azoxystrobin | files=1 | ChemBlink/Sigma-Aldrich
[OK] 275-51-4 | Azulene | files=1 | ChemBlink/Alfa-Aesar
[OK] 531-53-3 | Azure A | files=1 | ChemBlink/Alfa-Aesar
[OK] 531-55-5 | Azure B | files=1 | ChemBlink/Alfa-Aesar
[OK] 37247-10-2 | Azure II | files=1 | ChemBlink/Alfa-Aesar
[OK] 53092-85-6 | Azure II eosinate | files=1 | ChemBlink/Sigma-Aldrich
[OK] 68038-70-0 | Bacillus subtilis | files=1 | CAS-Search (fs1.agrian.com)
[OK] 1405-87-4 | Bacitracin | files=1 | ChemBlink/Alfa-Aesar
[OK] 101-27-9 | Barban | files=1 | ChemBlink/Sigma-Aldrich
[OK] 67-52-7 | Barbituric acid | files=1 | ChemBlink/Alfa-Aesar
[OK] 7440-39-3 | Barium | files=1 | ChemBlink/Alfa-Aesar
[OK] 5015-38-3 | Barium 2-cyanoethyl phosphate dihydrate | files=1 | ChemBlink/Matrix
[OK] 543-80-6 | Barium acetate | files=1 | ChemBlink/Alfa-Aesar
[OK] 18810-58-7 | Barium azide | files=1 | Name-Search (www.chemicalbull.com)
[OK] 513-77-9 | Barium carbonate | files=1 | ChemBlink/Alfa-Aesar
[OK] 10361-37-2 | Barium chloride | files=1 | ChemBlink/Alfa-Aesar
[OK] 10326-27-9 | Barium chloride dihydrate | files=1 | ChemBlink/Alfa-Aesar
[OK] 1304-29-6 | Barium dioxide | files=1 | ChemBlink/Alfa-Aesar
[OK] 7787-32-8 | Barium fluoride | files=1 | ChemBlink/Alfa-Aesar
[OK] 17194-00-2 | Barium hydroxide anhydrous | files=1 | ChemBlink/Alfa-Aesar
[OK] 12230-71-6 | Barium hydroxide octahydrate | files=1 | ChemBlink/Alfa-Aesar
[OK] 13718-50-8 | Barium iodide hydrate | files=1 | ChemBlink/Strem
[OK] 10022-31-8 | Barium nitrate | files=1 | ChemBlink/Alfa-Aesar
[OK] 1304-28-5 | Barium oxide | files=1 | ChemBlink/Alfa-Aesar
[OK] 13465-95-7 | Barium perchlorate | files=1 | ChemBlink/Alfa-Aesar
[OK] 7727-43-7 | Barium sulfate | files=1 | ChemBlink/Alfa-Aesar
[OK] 21109-95-5 | Barium sulfide | files=1 | ChemBlink/Alfa-Aesar
[OK] 12047-27-7 | Bariumtitanate (IV) | files=1 | ChemBlink/Alfa-Aesar
[OK] 5892-10-4 | Basic Bismuth Carbonate | files=1 | ChemBlink/Alfa-Aesar
[OK] 632-99-5 | Basic fuchsin | files=1 | ChemBlink/Alfa-Aesar
[OK] 55179-31-2 | Baycor | files=1 | ChemBlink/Sigma-Aldrich
[OK] 6578-06-9 | BCIP® p-toluidine salt | files=1 | ChemBlink/Sigma-Aldrich
[OK] 68990-09-0 | Beef Extract,Powder | files=1 | ChemBlink/Sigma-Aldrich
[OK] 8012-89-3 | beeswax | files=1 | ChemBlink/Sigma-Aldrich
[OK] 71626-11-4 | Benalaxyl | files=1 | ChemBlink/Sigma-Aldrich
[OK] 3813-05-6 | benazolin | files=1 | ChemBlink/Sigma-Aldrich
[OK] 25059-80-7 | Benazolin-ethyl | files=1 | ChemBlink/Sigma-Aldrich
[OK] 82560-54-1 | Benfuracarb | files=1 | ChemBlink/Sigma-Aldrich
[OK] 68505-69-1 | Benfuresate | files=1 | ChemBlink/Sigma-Aldrich
[OK] 17804-35-2 | Benomyl | files=1 | ChemBlink/Sigma-Aldrich
[OK] 495-73-8 | Benquinox | files=1 | Name-Search (static.cymitquimica.com)
[NOTFOUND] 99283-01-9 | Bensulfuron
[OK] 83055-99-6 | Bensulfuron - methyl | files=1 | ChemBlink/Sigma-Aldrich
[OK] 17606-31-4 | Bensultap | files=1 | ChemBlink/Sigma-Aldrich
[OK] 25057-89-0 | Bentazone | files=1 | ChemBlink/Sigma-Aldrich
[OK] 1302-78-9 | bentonite powder | files=1 | ChemBlink/Alfa-Aesar
[OK] 100-52-7 | Benzaldehyde | files=1 | ChemBlink/Alfa-Aesar
[OK] 1125-88-8 | Benzaldehyde dimethyl acetal | files=1 | ChemBlink/Alfa-Aesar
[OK] 55-21-0 | benzamide | files=1 | ChemBlink/Alfa-Aesar
[OK] 206752-36-5 | Benzamidine hydrochloride hydrate | files=1 | ChemBlink/Alfa-Aesar
[OK] 93-98-1 | Benzanilide | files=1 | ChemBlink/Alfa-Aesar
[OK] 71-43-2 | Benzene | files=1 | ChemBlink/Alfa-Aesar
[OK] 1076-43-3 | Benzene-d6 | files=1 | ChemBlink/Alfa-Aesar
[OK] 54914-85-1 | Benzene, 1,1'-(1,2-ethanediylbis(oxy))bis(3-methyl- | files=1 | ChemBlink/Sigma-Aldrich
[OK] 623-25-6 | Benzene, 1,4-bis(chloromethyl)- | files=1 | ChemBlink/Alfa-Aesar
[NOTFOUND] 76253-60-6 | Benzene, dichloro((dichlorophenyl)methyl)methyl-
[OK] 25340-17-4 | Benzene, diethyl- | files=1 | ChemBlink/Alfa-Aesar
[NOTFOUND] 75490-39-0 | Benzenebutanenitrile, alpha,alpha,gamma-trimethyl-
[NOTFOUND] 125109-85-5 | Benzenepropanal, beta-methyl-3-(1-methylethyl)-
[NOTFOUND] 97384-48-0 | Benzenepropanenitrile, alpha-ethenyl-alpha-methyl-
[OK] 90498-90-1 | Benzenepropanoic acid, 3-(1,1-dimethylethyl)-4-hydroxy-5-methyl-, 2,4,8,10-tetraoxaspiro(5.5)undec | files=1 | ChemBlink/Ambeed
[NOTFOUND] 6386-39-6 | Benzenepropanoic acid, 3-(1,1-dimethylethyl)-4-hydroxy-5-methyl-, methyl ester
[NOTFOUND] 73754-27-5 | Benzenepropanoic acid, 3,5-bis(1,1-dimethylethyl)-4-hydroxy-, 1-(2-(3-(3,5-bis(1,1-dimethylethyl)-
[OK] 98-11-3 | Benzenesulfonic acid | files=1 | ChemBlink/Alfa-Aesar
[NOTFOUND] 92484-48-5 | Benzenesulfonic acid, 3-(2H-benzotriazol-2-yl)-4-hydroxy-5-(1-methylpropyl)-, monosodium salt
[OK] 98-09-9 | Benzenesulfonyl chloride | files=1 | ChemBlink/Alfa-Aesar
[NOTFOUND] 531-86-2 | benzidine sulfate
[OK] 134-81-6 | Benzil | files=1 | ChemBlink/Alfa-Aesar
[OK] 76-93-7 | Benzilic acid | files=1 | ChemBlink/Alfa-Aesar
[OK] 50-32-8 | Benzo(a)pyrene | files=1 | ChemBlink/Alfa-Aesar
[OK] 243-17-4 | Benzo(b)fluorene | files=1 | ChemBlink/Oakwood
[OK] 205-99-2 | Benzo[b]fluoranthene | files=1 | ChemBlink/Sigma-Aldrich
[OK] 271-89-6 | Benzo[b]furan | files=1 | ChemBlink/Alfa-Aesar
[OK] 192-97-2 | Benzo[e]pyrene | files=1 | ChemBlink/Sigma-Aldrich
[OK] 205-82-3 | Benzo[j]fluoranthene | files=1 | ChemBlink/Accu-Standard
[OK] 207-08-9 | Benzo[k]fluoranthene | files=1 | ChemBlink/Sigma-Aldrich
[OK] 91-76-9 | Benzoguanamine | files=1 | ChemBlink/Alfa-Aesar
[OK] 65-85-0 | Benzoic acid | files=1 | ChemBlink/Alfa-Aesar
[OK] 54574-82-2 | Benzoic acid, 2-(4-(dibutylamino)-2-hydroxybenzoyl)- | files=1 | ChemBlink/Sigma-Aldrich
[OK] 17261-28-8 | Benzoic acid, 2-(diphenylphosphino)- | files=1 | ChemBlink/Alfa-Aesar
[NOTFOUND] 53404-28-7 | Benzoic acid, 3,6-dichloro-2-methoxy-, compd with 2-aminoethanol (1:1)
[NOTFOUND] 70950-45-7 | Benzoic acid, 4-chloro-3-((2-(4-ethoxy-2,5-dioxo-3-(phenylmethyl)-1-imidazolidinyl)-3-(4-metho
[NOTFOUND] 54682-86-9 | benzol
[OK] 100-47-0 | Benzonitrile | files=1 | ChemBlink/Alfa-Aesar
[NOTFOUND] 2961-62-8 | Benzonitrile, 4-hydroxy-3,5-diiodo-, sodium salt
[OK] 119-61-9 | Benzophenone | files=1 | ChemBlink/Alfa-Aesar
[OK] 5350-57-2 | benzophenone hydrazone | files=1 | ChemBlink/Alfa-Aesar
[OK] 135158-54-2 | Benzothiadiazole-7-carbothioic acid, S-methyl ester | files=1 | ChemBlink/Sigma-Aldrich
[OK] 56278-50-3 | benzothiazoleacetonitrile, 2- | files=1 | ChemBlink/Alfa-Aesar
[OK] 95-14-7 | benzotriazole, 1H- | files=1 | ChemBlink/Alfa-Aesar
[OK] 94790-37-1 | benzotriazolyl-N,N,N',N'-tetramethyluronium hexafluorophosphate. O-, -1- | files=1 | ChemBlink/Alfa-Aesar
[OK] 125700-67-6 | benzotriazolyl-N,N,N',N'-tetramethyluronium tetrafluoroborate. O-, -1- | files=1 | ChemBlink/Alfa-Aesar
[OK] 98-07-7 | Benzotrichloride | files=1 | ChemBlink/Alfa-Aesar
[OK] 98-08-8 | Benzotrifluoride | files=1 | ChemBlink/Alfa-Aesar
[OK] 29104-30-1 | Benzoximate | files=1 | ChemBlink/Sigma-Aldrich
[OK] 618-32-6 | Benzoyl bromide | files=1 | ChemBlink/Sigma-Aldrich
[OK] 98-88-4 | Benzoyl chloride | files=1 | ChemBlink/Alfa-Aesar
[OK] 613-90-1 | Benzoyl cyanide | files=1 | ChemBlink/Alfa-Aesar
[OK] 94-36-0 | Benzoyl peroxide | files=1 | ChemBlink/Alfa-Aesar
[OK] 86-96-4 | benzoyleneurea | files=1 | ChemBlink/Alfa-Aesar
[OK] 22212-55-1 | benzoylprop-ethyl | files=1 | ChemBlink/Sigma-Aldrich
[OK] 1929-88-0 | Benzthiazuron | files=1 | ChemBlink/Sigma-Aldrich
[OK] 140-11-4 | benzyl acetate | files=1 | ChemBlink/Alfa-Aesar
[OK] 100-51-6 | Benzyl alcohol | files=1 | ChemBlink/Alfa-Aesar
[OK] 120-51-4 | Benzyl benzoate | files=1 | ChemBlink/Alfa-Aesar
[OK] 100-39-0 | Benzyl bromide | files=1 | ChemBlink/Alfa-Aesar
[OK] 5437-45-6 | Benzyl bromoacetate | files=1 | ChemBlink/Alfa-Aesar
[OK] 85-68-7 | Benzyl butyl phthalate | files=1 | ChemBlink/Alfa-Aesar
[OK] 621-84-1 | benzyl carbamate | files=1 | ChemBlink/Alfa-Aesar
[OK] 501-53-1 | Benzyl chloroformate | files=1 | ChemBlink/Alfa-Aesar
[NOTFOUND] 89616-40-0 | benzyl glycidyl ether
[OK] 6921-34-2 | benzyl magnesium chloride solution | files=1 | ChemBlink/Alfa-Aesar
[OK] 3012-37-1 | Benzyl thiocyanate | files=1 | ChemBlink/Alfa-Aesar
[OK] 100-46-9 | Benzylamine | files=1 | ChemBlink/Alfa-Aesar
[OK] 3287-99-8 | Benzylamine hydrochloride | files=1 | ChemBlink/Alfa-Aesar
[OK] 69221-14-3 | benzylcinchonidinium chloride, N- | files=1 | ChemBlink/Sigma-Aldrich
[OK] 2687-43-6 | benzylhydroxylamine hydrochloride, O- | files=1 | ChemBlink/Alfa-Aesar
[OK] 13909-34-7 | benzylidenebenzenesulfonamide, N- | files=1 | ChemBlink/Sigma-Aldrich
[OK] 19810-31-2 | Benzyloxyacetyl chloride | files=1 | ChemBlink/Alfa-Aesar
[OK] 1484-26-0 | benzyloxyaniline, 3- | files=1 | ChemBlink/Alfa-Aesar
[OK] 5896-17-3 | benzyloxybenzaldehyde, 2- | files=1 | ChemBlink/Alfa-Aesar
[OK] 4397-53-9 | benzyloxybenzaldehyde, 4- | files=1 | ChemBlink/Alfa-Aesar
[OK] 13139-17-8 | benzyloxycarbonyloxysuccinimide, N- | files=1 | ChemBlink/Alfa-Aesar
[OK] 67174-25-8 | benzylquininium chloride, N | files=1 | ChemBlink/Alfa-Aesar
[OK] 1939-99-7 | Benzylsulfonyl chloride | files=1 | ChemBlink/Alfa-Aesar
[OK] 56-37-1 | benzyltriethylammonium chloride | files=1 | ChemBlink/Alfa-Aesar
[OK] 56-93-9 | Benzyltrimethylammonium chloride | files=1 | ChemBlink/Alfa-Aesar
[OK] 770-09-2 | Benzyltrimethylsilane | files=1 | ChemBlink/Alfa-Aesar
[OK] 1100-88-5 | Benzyltriphenylphosphonium chloride | files=1 | ChemBlink/Alfa-Aesar
[OK] 141433-60-5 | Berberine chloride hydrate | files=1 | ChemBlink/Alfa-Aesar
[OK] 1304-56-9 | Beryllium oxide | files=1 | ChemBlink/Alfa-Aesar
[NOTFOUND] 9001-45-0 | Beta Glucuronidase
[OK] 22951-96-8 | beta-(2-Thienyl)-L-Alanine | files=1 | ChemBlink/Alfa-Aesar
[OK] 107-95-9 | beta-alanine | files=1 | ChemBlink/Alfa-Aesar
[OK] 9000-91-3 | beta-amylase | files=1 | ChemBlink/Sigma-Aldrich
[OK] 7235-40-7 | Beta-Carotene | files=1 | ChemBlink/Alfa-Aesar
[OK] 33213-65-9 | beta-Endosulfan | files=1 | ChemBlink/Sigma-Aldrich
[NOTFOUND] 517-04-4 | beta-Estradiol
[OK] 9001-22-3 | beta-Glucosidase | files=1 | ChemBlink/TCI
[OK] 819-83-0 | beta-glycerophosphate sodium salt pentahydrate | files=1 | ChemBlink/Alfa-Aesar
[OK] 1113-60-6 | beta-hydroxypyruvic acid | files=1 | ChemBlink/Sigma-Aldrich
[OK] 5965-66-2 | Beta-Lactose | files=1 | ChemBlink/Alfa-Aesar
[OK] 873-66-5 | beta-Methylstyrene, trans- | files=1 | ChemBlink/Sigma-Aldrich
[OK] 6051-87-2 | beta-Naphthoflavone | files=1 | ChemBlink/Alfa-Aesar
[OK] 91-59-8 | beta-Naphthylamine | files=1 | ChemBlink/Sigma-Aldrich
[OK] 53-84-9 | beta-nicotinamide adenine dinucleotide | files=1 | ChemBlink/Alfa-Aesar
[OK] 606-68-8 | beta-Nicotinamide adenine dinucleotide, disodium salt, reduced form | files=1 | ChemBlink/Alfa-Aesar
[OK] 156-06-9 | beta-Phenylpyruvic acid | files=1 | ChemBlink/Alfa-Aesar
[OK] 83-46-5 | beta-sitosterol | files=1 | ChemBlink/Sigma-Aldrich
[OK] 319-85-7 | beta, BHC | files=1 | ChemBlink/Sigma-Aldrich
[OK] 107-43-7 | Betaine anhydrous | files=1 | ChemBlink/Alfa-Aesar
[OK] 590-46-5 | Betaine Hydrochloride | files=1 | ChemBlink/Alfa-Aesar
[OK] 741-58-2 | Betasan | files=1 | ChemBlink/Accu-Standard
[NOTFOUND] 81295-12-7 | Bgl I
[OK] 103-29-7 | Bibenzyl | files=1 | ChemBlink/Alfa-Aesar
[OK] 150-25-4 | Bicine | files=1 | ChemBlink/Alfa-Aesar
[OK] 42576-02-3 | Bifenox | files=1 | ChemBlink/Sigma-Aldrich
[OK] 82657-04-3 | Bifenthrin | files=1 | ChemBlink/Accu-Standard
[OK] 8008-63-7 | Bile bovine | files=1 | ChemBlink/Acros-Organics
[OK] 39648-67-4 | binaphthalene diyl hydrogen phosphate, (R)-(-)-1,1'-, 2,2'- | files=1 | ChemBlink/Alfa-Aesar
[OK] 602-09-5 | binaphthol, 1,1-, -2- | files=1 | ChemBlink/Alfa-Aesar
[NOTFOUND] 28434-01-7 | Bioresmethrin
[OK] 58-85-5 | Biotin | files=1 | ChemBlink/Alfa-Aesar
[OK] 72040-63-2 | Biotinamidohexanoic acid N-hydroxysuccinimide ester | files=1 | ChemBlink/Sigma-Aldrich
[NOTFOUND] 68038-71-1 | Biotrol 4K
[NOTFOUND] 20354-26-1 | BIOXONE
[OK] 92-52-4 | Biphenyl | files=1 | ChemBlink/Alfa-Aesar
[OK] 14002-51-8 | Biphenyl-4-carbonyl chloride | files=1 | ChemBlink/Alfa-Aesar
[OK] 1203-68-5 | biphenylcarboxaldehyde, 2- | files=1 | ChemBlink/Sigma-Aldrich
[OK] 122-62-3 | Bis (2-ethyl hexyl) sebacate for synthesis | files=1 | ChemBlink/Alfa-Aesar
[OK] 4439-20-7 | bis-(2-hydroxyethyl)-ethylenediamine, N,N'- | files=1 | ChemBlink/Sigma-Aldrich
[OK] 18297-63-7 | bis-(trimethylsilyl)-lithiumamide | files=1 | ChemBlink/Alfa-Aesar
[NOTFOUND] 591-10-6 | BIS-DIMETHYL ARSINYL SULFIDE
[OK] 6976-37-0 | Bis-Tris | files=1 | ChemBlink/Alfa-Aesar
[OK] 848821-61-4 | bis, bis(trifluoromethyl)phenylpyrrolidinemethanol trimethylsilyl ether, (S)-3,5-, -2- | files=1 | ChemBlink/Sigma-Aldrich
[OK] 111-44-4 | bis(2-Chloroethyl) ether | files=1 | ChemBlink/Alfa-Aesar
[OK] 821-48-7 | bis(2-Chloroethyl)amine hydrochloride | files=1 | ChemBlink/Alfa-Aesar
[NOTFOUND] 505-60-2 | BIS(2-CHLOROETHYL)SULFIDE
[OK] 298-07-7 | bis(2-Ethylhexyl) hydrogen phosphate | files=1 | ChemBlink/Alfa-Aesar
[OK] 2051-07-2 | Bis(4-methoxybenzylidene)acetone | files=1 | ChemBlink/Alfa-Aesar
[OK] 14592-56-4 | bis(Acetonitrile)palladium(II) chloride | files=1 | ChemBlink/Alfa-Aesar
[OK] 14689-45-3 | bis(Acetylacetonato)cadmium(II) | files=1 | ChemBlink/Alfa-Aesar
[OK] 12092-47-6 | bis(cyclooctadiene)dirhodium(I) dichloride, 1,5- | files=1 | ChemBlink/Alfa-Aesar
[OK] 97-74-5 | bis(Dimethylthiocarbamoyl) sulfide | files=1 | ChemBlink/Alfa-Aesar
[OK] 502-55-6 | bis(ethylxanthogen) | files=1 | ChemBlink/Sigma-Aldrich
[OK] 336-59-4 | bis(Heptafluorobutyric) anhydride | files=1 | ChemBlink/Alfa-Aesar
[OK] 143-23-7 | Bis(hexamethylene)triamine | files=1 | ChemBlink/Alfa-Aesar
[NOTFOUND] 6818-37-7 | bis(Hydroxyethyl)-aminopropyl-N-hydroxyethyl- octadecylamine dihydrofluoride solution  in 1,2-propan
[OK] 108-18-9 | bis(Isopropyl)amine | files=1 | ChemBlink/Alfa-Aesar
[OK] 118949-61-4 | bis(isopropyloxazolineyl)-pyridine, (S,S)-2,6-, 4-, -2-, -2- | files=1 | ChemBlink/Sigma-Aldrich
[OK] 1618-26-4 | bis(Methylthio)methane | files=1 | ChemBlink/Alfa-Aesar
[OK] 73183-34-3 | Bis(pinacolato)diboron | files=1 | ChemBlink/Alfa-Aesar
[OK] 32315-10-9 | bis(Trichloromethyl) carbonate | files=1 | ChemBlink/Alfa-Aesar
[OK] 349-58-6 | bis(trifluoromethyl)phenol, 3,5- | files=1 | ChemBlink/Alfa-Aesar
[OK] 14630-40-1 | bis(Trimethylsilyl)acetylene | files=1 | ChemBlink/Alfa-Aesar
[OK] 13965-03-2 | bis(Triphenylphosphine)palladium(II) chloride (15.2 % Pd) | files=1 | ChemBlink/Alfa-Aesar
[NOTFOUND] 326475-45-0 | Bis[tris(3-(heptadecafluorooctyl)phenyl)phosphine]palladium(II) dichloride
[NOTFOUND] 126-15-8 | BISBUTENYLENETETRHYDROFURFURAL
[OK] 10114-58-6 | bismarck brown | files=1 | ChemBlink/Alfa-Aesar
[OK] 7787-60-2 | BISMUTH   CHLORIDE | files=1 | ChemBlink/Alfa-Aesar
[OK] 1304-85-4 | bismuth nitrate, basic | files=1 | ChemBlink/Alfa-Aesar
[OK] 7787-59-9 | bismuth oxychloride | files=1 | ChemBlink/Alfa-Aesar
[OK] 14882-18-9 | bismuth oxysalicylate | files=1 | ChemBlink/Alfa-Aesar
[OK] 10361-46-3 | Bismuth subnitrate | files=1 | ChemBlink/Alfa-Aesar
[OK] 1304-82-1 | Bismuth telluride | files=1 | ChemBlink/Alfa-Aesar
[OK] 10035-06-0 | Bismuth(III) nitrate pentahydrate | files=1 | ChemBlink/Alfa-Aesar
[OK] 1304-76-3 | bismuth(III) oxide | files=1 | ChemBlink/Alfa-Aesar
[OK] 1345-07-9 | bismuth(III) sulfide | files=1 | ChemBlink/Alfa-Aesar
[OK] 80-05-7 | Bisphenol A | files=1 | ChemBlink/Alfa-Aesar
[OK] 41637-38-1 | Bisphenol A ethoxylate dimethacrylate | files=1 | ChemBlink/Sigma-Aldrich
[OK] 1565-94-2 | Bisphenol A glycerolate dimethacrylate | files=1 | ChemBlink/Sigma-Aldrich
[OK] 125401-92-5 | Bispyribac-sodium | files=1 | ChemBlink/Sigma-Aldrich
[OK] 21725-46-2 | Bladex | files=1 | ChemBlink/Sigma-Aldrich
[NOTFOUND] 2079-00-7 | Blasticidin-S
[NOTFOUND] 87915-38-6 | Blue Dextran
[OK] 138662-63-2 | Boc-beta-phenyl-Phe-OH | files=1 | ChemBlink/Alfa-Aesar
[OK] 76985-10-9 | Boc-D-2-Nal-OH | files=1 | ChemBlink/Alfa-Aesar
[OK] 15761-39-4 | Boc-L-proline | files=1 | ChemBlink/Alfa-Aesar
[OK] 4248-19-5 | Boc-NH2 | files=1 | ChemBlink/Alfa-Aesar
[OK] 114873-02-8 | Boc-Phe(2-Cl)-OH | files=1 | ChemBlink/Sigma-Aldrich
[OK] 114873-05-1 | Boc-Phe(2-Me)-OH | files=1 | ChemBlink/Alfa-Aesar
[OK] 57260-71-6 | Boc-piperazine, N- | files=1 | ChemBlink/Alfa-Aesar
[OK] 23680-31-1 | Boc-Ser(Bzl)-OH | files=1 | ChemBlink/Alfa-Aesar
[OK] 68439-86-1 | Bone ash | files=1 | ChemBlink/Carl-Roth
[OK] 56602-33-6 | BOP | files=1 | ChemBlink/Alfa-Aesar
[OK] 13292-87-0 | Borane dimethyl sulfide complex | files=1 | ChemBlink/Alfa-Aesar
[OK] 110-51-0 | Borane pyridine complex | files=1 | ChemBlink/Alfa-Aesar
[OK] 14044-65-6 | borane tetrahydrofuran complex | files=1 | ChemBlink/Alfa-Aesar
[OK] 74-94-2 | Borane-dimethylamine-complex | files=1 | ChemBlink/Alfa-Aesar
[OK] 4856-95-5 | Borane-morpholine complex | files=1 | ChemBlink/Alfa-Aesar
[OK] 7337-45-3 | Borane-tert-butylamine complex | files=1 | ChemBlink/Alfa-Aesar
[OK] 75-22-9 | Borane-trimethylamine complex | files=1 | ChemBlink/Alfa-Aesar
[OK] 1330-43-4 | Borates, tetrasodium salts, anhydrous | files=1 | ChemBlink/Alfa-Aesar
[OK] 11130-12-4 | Borates, tetrasodium salts, pentahydrate | files=1 | ChemBlink/Oakwood
[NOTFOUND] 8011-63-0 | Bordeaux mixture
[OK] 10043-35-3 | Boric acid | files=1 | ChemBlink/Alfa-Aesar
[OK] 1303-86-2 | Boric anhydride | files=1 | ChemBlink/Alfa-Aesar
[OK] 10043-11-5 | Boron nitride | files=1 | ChemBlink/Alfa-Aesar
[OK] 10294-33-4 | Boron tribromide | files=1 | ChemBlink/Alfa-Aesar
[OK] 10294-34-5 | Boron trichloride | files=1 | ChemBlink/Alfa-Aesar
[OK] 7637-07-2 | Boron trifluoride | files=1 | ChemBlink/Alfa-Aesar
[NOTFOUND] 373-57-9 | Boron Trifluoride - methanol complex
[OK] 109-63-7 | Boron trifluoride ethyl etherate | files=1 | ChemBlink/Alfa-Aesar
[NOTFOUND] 462-05-5 | Boron trifluoride phenol complex (1:2)
[OK] 353-42-4 | Boron trifluoride-methyl ether complex | files=1 | ChemBlink/Sigma-Aldrich
[OK] 13517-10-7 | Boron triiodide | files=1 | ChemBlink/Alfa-Aesar
[NOTFOUND] 350-70-9 | Boron tris(trifluoroacetate)
[OK] 99-30-9 | Botran | files=1 | ChemBlink/Alfa-Aesar
[OK] 9048-46-8 | Bovine Serum Albumin | files=1 | ChemBlink/Alfa-Aesar
[OK] 20350-15-6 | Brefeldin A from Penicillium brefeldianum | files=1 | ChemBlink/Alfa-Aesar
[OK] 9004-95-9 | Brij™ 58 | files=1 | ChemBlink/Sigma-Aldrich
[OK] 6104-58-1 | Brilliant Blue G | files=1 | ChemBlink/Alfa-Aesar
[OK] 6104-59-2 | Brilliant Blue R | files=1 | ChemBlink/Alfa-Aesar
[OK] 81029-05-2 | Brilliant Cresyl blue | files=1 | ChemBlink/Sigma-Aldrich
[OK] 56073-10-0 | Brodifacoum | files=1 | ChemBlink/Sigma-Aldrich
[OK] 314-40-9 | Bromacil | files=1 | ChemBlink/Sigma-Aldrich
[OK] 28772-56-7 | Bromadiolone | files=1 | ChemBlink/Sigma-Aldrich
[OK] 9001-00-7 | Bromelain | files=1 | ChemBlink/Carl-Roth
[OK] 7726-95-6 | Bromine | files=1 | ChemBlink/Alfa-Aesar
[OK] 598-31-2 | BROMO-2-PROPANONE | files=1 | ChemBlink/TCI
[OK] 2032-35-1 | bromoacetaldehyde diethyacetal | files=1 | ChemBlink/Alfa-Aesar
[OK] 103-88-8 | bromoacetanilide | files=1 | ChemBlink/Alfa-Aesar
[OK] 79-08-3 | Bromoacetic acid | files=1 | ChemBlink/Alfa-Aesar
[OK] 598-21-0 | Bromoacetyl bromide | files=1 | ChemBlink/Alfa-Aesar
[OK] 22118-09-8 | Bromoacetyl chloride | files=1 | ChemBlink/Sigma-Aldrich
[OK] 3132-99-8 | bromobenzaldehyde, 3- | files=1 | ChemBlink/Alfa-Aesar
[OK] 586-76-5 | bromobenzoic acid, 4- | files=1 | ChemBlink/Alfa-Aesar
[NOTFOUND] 99688-47-8 | Bromobenzylbromotoluene
[OK] 5798-79-8 | BROMOBENZYLNITRILE | files=1 | ChemBlink/Oakwood
[OK] 5394-18-3 | bromobutylphthalimide, N-4- | files=1 | ChemBlink/Alfa-Aesar
[OK] 353-59-3 | Bromochlorodifluoromethane | files=1 | ChemBlink/Syn-Quest
[OK] 76-60-8 | Bromocresol green | files=1 | ChemBlink/Alfa-Aesar
[OK] 115-40-2 | Bromocresol purple | files=1 | ChemBlink/Alfa-Aesar
[OK] 1715-40-8 | Bromocyclene | files=1 | ChemBlink/Sigma-Aldrich
[OK] 108-85-0 | bromocyclohexane | files=1 | ChemBlink/Alfa-Aesar
[OK] 137-43-9 | Bromocyclopentane | files=1 | ChemBlink/Alfa-Aesar
[OK] 4333-56-6 | Bromocyclopropane | files=1 | ChemBlink/Alfa-Aesar
[OK] 584-48-5 | bromodinitrobenzene, 1-,2,4- | files=1 | ChemBlink/Alfa-Aesar
[OK] 776-74-9 | Bromodiphenylmethane | files=1 | ChemBlink/Alfa-Aesar
[OK] 17372-87-1 | BROMOEOSINE | files=1 | ChemBlink/Alfa-Aesar
[OK] 2576-47-8 | bromoethylamine hydrobromide, 2- | files=1 | ChemBlink/Alfa-Aesar
[OK] 574-98-1 | bromoethylphthalimide, N-2- | files=1 | ChemBlink/Alfa-Aesar
[OK] 75-25-2 | Bromoform | files=1 | ChemBlink/Alfa-Aesar
[OK] 590-97-6 | bromomethyl acetate | files=1 | ChemBlink/Alfa-Aesar
[OK] 2550-36-9 | Bromomethylcyclohexane | files=1 | ChemBlink/Alfa-Aesar
[OK] 7051-34-5 | Bromomethylcyclopropane | files=1 | ChemBlink/Alfa-Aesar
[OK] 939-26-4 | bromomethylnaphthalene, 2- | files=1 | ChemBlink/Alfa-Aesar
[OK] 344-04-7 | Bromopentafluorobenzene | files=1 | ChemBlink/Alfa-Aesar
[OK] 573-17-1 | Bromophenanthrene, 9- | files=1 | ChemBlink/Alfa-Aesar
[OK] 115-39-9 | Bromophenol Blue | files=1 | ChemBlink/Alfa-Aesar
[OK] 106-41-2 | bromophenol, 4- | files=1 | ChemBlink/Alfa-Aesar
[OK] 637-59-2 | bromophenylpropane, 1-, 3- | files=1 | ChemBlink/Alfa-Aesar
[OK] 4392-24-9 | bromophenylpropene, 3-,1-,1- | files=1 | ChemBlink/Alfa-Aesar
[OK] 2104-96-3 | Bromophos | files=1 | ChemBlink/Sigma-Aldrich
[OK] 4824-78-6 | Bromophos-ethyl | files=1 | ChemBlink/Sigma-Aldrich
[OK] 15486-96-1 | bromopropionyl chloride, 3- | files=1 | ChemBlink/Alfa-Aesar
[OK] 5003-71-4 | bromopropylamine hydrobromide, 3- | files=1 | ChemBlink/Alfa-Aesar
[OK] 18181-80-1 | Bromopropylate | files=1 | ChemBlink/Sigma-Aldrich
[OK] 5460-29-7 | bromopropylphthalimide, N-3- | files=1 | ChemBlink/Alfa-Aesar
[OK] 76-59-5 | Bromothymol blue | files=1 | ChemBlink/Alfa-Aesar
[OK] 75-62-7 | Bromotrichloromethane | files=1 | ChemBlink/Alfa-Aesar
[OK] 2857-97-8 | Bromotrimethylsilane | files=1 | ChemBlink/Alfa-Aesar
[OK] 1689-84-5 | Bromoxynil | files=1 | ChemBlink/Alfa-Aesar
[NOTFOUND] 56634-95-8 | Bromoxynil heptanoate
[OK] 1689-99-2 | Bromoxynil octanoate | files=1 | ChemBlink/Sigma-Aldrich
[OK] 357-57-3 | Brucine | files=1 | ChemBlink/Alfa-Aesar
[OK] 4845-99-2 | Brucine Sulfate | files=1 | ChemBlink/LOBA
[OK] 60583-39-3 | Brucine sulfate heptahydrate | files=1 | ChemBlink/Sigma-Aldrich
[OK] 652154-10-4 | Brucine sulfate hydrate | files=1 | ChemBlink/Alfa-Aesar
[OK] 69327-76-0 | Buprofezin | files=1 | ChemBlink/Sigma-Aldrich
[OK] 106-99-0 | Butadiene | files=1 | ChemBlink/Alfa-Aesar
[OK] 134605-64-4 | Butafenacil | files=1 | ChemBlink/Sigma-Aldrich
[OK] 106-97-8 | Butane | files=1 | ChemBlink/Alfa-Aesar
[OK] 110-61-2 | Butanedinitrile | files=1 | ChemBlink/Alfa-Aesar
[OK] 42890-76-6 | butanetriol standard | files=1 | ChemBlink/Alfa-Aesar
[OK] 10097-02-6 | Butanoic acid, 2,2-bis(hydroxymethyl)- | files=1 | ChemBlink/Sigma-Aldrich
[NOTFOUND] 67567-23-1 | Butanoic acid, 3,3-bis((1,1-dimethylpropyl)dioxy)-, ethyl ester
[NOTFOUND] 25167-67-3 | Butene
[OK] 34681-10-2 | Butocarboxim | files=1 | ChemBlink/Sigma-Aldrich
[OK] 33629-47-9 | Butralin | files=1 | ChemBlink/Sigma-Aldrich
[OK] 123-86-4 | Butyl acetate | files=1 | ChemBlink/Alfa-Aesar
[OK] 141-32-2 | Butyl acrylate | files=1 | ChemBlink/Alfa-Aesar
[OK] 71-36-3 | Butyl alcohol | files=1 | ChemBlink/Alfa-Aesar
[OK] 109-21-7 | Butyl butyrate | files=1 | ChemBlink/Alfa-Aesar
[NOTFOUND] 592-34-7 | Butyl chloroformate
[NOTFOUND] 110-06-5 | butyl disulfide, di-tert-
[NOTFOUND] 142-96-1 | Butyl ether
[NOTFOUND] 592-84-7 | Butyl formate
[NOTFOUND] 109-79-5 | Butyl mercaptan
[OK] 97-88-1 | Butyl methacrylate (stabilised with 100 ppm hydroquinone) | files=1 | ChemBlink/Alfa-Aesar
[OK] 628-28-4 | Butyl methyl ether | files=1 | ChemBlink/Alfa-Aesar
[OK] 2008-41-5 | Butylate | files=1 | ChemBlink/Sigma-Aldrich
[OK] 25013-16-5 | Butylated hydroxyanisole | files=1 | ChemBlink/Alfa-Aesar
[OK] 109-72-8 | Butyllithium | files=1 | ChemBlink/Alfa-Aesar
[OK] 1436-34-6 | butyloxirane | files=1 | ChemBlink/Alfa-Aesar
[OK] 1118-46-3 | butyltin trichloride | files=1 | ChemBlink/Alfa-Aesar
[OK] 13371-17-0 | Butyltriphenylphosphonium chloride | files=1 | ChemBlink/Alfa-Aesar
[OK] 110-65-6 | Butynediol | files=1 | ChemBlink/Alfa-Aesar
[OK] 123-72-8 | Butyraldehyde | files=1 | ChemBlink/Alfa-Aesar
[OK] 110-69-0 | Butyraldehyde oxime | files=1 | ChemBlink/Alfa-Aesar
[OK] 454-29-5 | Butyric acid, 2-amino-4-mercapto-, DL- (9CI) | files=1 | ChemBlink/Sigma-Aldrich
[OK] 106-31-0 | Butyric anhydride | files=1 | ChemBlink/Alfa-Aesar
[OK] 141-75-3 | Butyryl chloride | files=1 | ChemBlink/Alfa-Aesar
[NOTFOUND] 8065-36-9 | BUX-TEN
[OK] 2475-45-8 | C.I. disperse blue 1 | files=1 | ChemBlink/Sigma-Aldrich
[OK] 75-60-5 | Cacodylic acid | files=1 | ChemBlink/Alfa-Aesar
[OK] 6131-99-3 | Cacodylic acid sodium salt trihydrate | files=1 | ChemBlink/Alfa-Aesar
[OK] 462-94-2 | Cadaverine | files=1 | ChemBlink/Alfa-Aesar
[OK] 7440-43-9 | Cadmium | files=1 | ChemBlink/Alfa-Aesar
[OK] 5743-04-4 | Cadmium acetate dihydrate | files=1 | ChemBlink/Alfa-Aesar
[OK] 513-78-0 | Cadmium carbonate | files=1 | ChemBlink/Alfa-Aesar
[OK] 10108-64-2 | Cadmium chloride | files=1 | ChemBlink/Alfa-Aesar
[OK] 654054-66-7 | cadmium chloride hydrate | files=1 | ChemBlink/Sigma-Aldrich
[OK] 4464-23-7 | Cadmium formate | files=1 | CAS-Search (www.chemicalbook.com)
[OK] 7790-80-9 | Cadmium iodide | files=1 | ChemBlink/Alfa-Aesar
[OK] 10022-68-1 | Cadmium nitrate tetrahydrate | files=1 | ChemBlink/Alfa-Aesar
[OK] 1306-19-0 | Cadmium oxide | files=1 | ChemBlink/Alfa-Aesar
[OK] 10124-36-4 | Cadmium sulfate | files=1 | ChemBlink/Alfa-Aesar
[OK] 7790-84-3 | Cadmium sulfate, 8/3-hydrate | files=1 | ChemBlink/Alfa-Aesar
[OK] 58-08-2 | Caffeine | files=1 | ChemBlink/Alfa-Aesar
[OK] 148504-34-1 | Calcein-AM | files=1 | ChemBlink/Sigma-Aldrich
[OK] 7440-70-2 | Calcium | files=1 | ChemBlink/Alfa-Aesar
[OK] 62-54-4 | Calcium acetate, monohydrate | files=1 | ChemBlink/Sigma-Aldrich
[OK] 75-20-7 | Calcium carbide | files=1 | ChemBlink/Alfa-Aesar
[OK] 471-34-1 | Calcium carbonate | files=1 | ChemBlink/Alfa-Aesar
[OK] 10043-52-4 | Calcium chloride | files=1 | ChemBlink/Alfa-Aesar
[OK] 10035-04-8 | Calcium chloride dihydrate | files=1 | ChemBlink/Alfa-Aesar
[OK] 13765-19-0 | Calcium chromate | files=1 | ChemBlink/Strem
[OK] 5785-44-4 | Calcium citrate tetrahydrate | files=1 | ChemBlink/Alfa-Aesar
[OK] 156-62-7 | Calcium cyanamide | files=1 | ChemBlink/Alfa-Aesar
[OK] 592-01-8 | Calcium cyanide | files=1 | CAS-Search (file1.lookchem.com)
[OK] 137-08-6 | Calcium D-pantothenate | files=1 | ChemBlink/Alfa-Aesar
[OK] 7789-75-5 | Calcium fluoride | files=1 | ChemBlink/Alfa-Aesar
[OK] 544-17-2 | calcium formate | files=1 | ChemBlink/Alfa-Aesar
[OK] 299-28-5 | Calcium gluconate | files=1 | ChemBlink/Alfa-Aesar
[OK] 7789-78-8 | Calcium hydride | files=1 | ChemBlink/Alfa-Aesar
[OK] 7789-77-7 | Calcium Hydrogen Phosphate Dihydrate | files=1 | ChemBlink/Alfa-Aesar
[OK] 1305-62-0 | Calcium hydroxide | files=1 | ChemBlink/Alfa-Aesar
[OK] 7778-54-3 | Calcium hypochlorite | files=1 | ChemBlink/Alfa-Aesar
[OK] 7789-79-9 | Calcium hypophosphite | files=1 | ChemBlink/Alfa-Aesar
[OK] 41372-22-9 | Calcium L-lactate hydrate | files=1 | ChemBlink/Sigma-Aldrich
[OK] 814-80-2 | CALCIUM LACTATE | files=1 | ChemBlink/Ambeed
[OK] 563-72-4 | Calcium oxalate | files=1 | ChemBlink/Alfa-Aesar
[OK] 1305-78-8 | Calcium oxide | files=1 | ChemBlink/Alfa-Aesar
[OK] 7758-87-4 | Calcium phosphate | files=1 | ChemBlink/Sigma-Aldrich
[OK] 1305-99-3 | Calcium phosphide | files=1 | ChemBlink/Alfa-Aesar
[OK] 4075-81-4 | Calcium propionate | files=1 | ChemBlink/Alfa-Aesar
[OK] 7790-76-3 | Calcium Pyrophosphate | files=1 | ChemBlink/Alfa-Aesar
[NOTFOUND] 824-35-1 | calcium salicylate
[OK] 1344-95-2 | Calcium silicate | files=1 | ChemBlink/Alfa-Aesar
[OK] 12013-56-8 | Calcium silicide | files=1 | ChemBlink/Alfa-Aesar
[OK] 1592-23-0 | Calcium stearate | files=1 | ChemBlink/Alfa-Aesar
[OK] 7778-18-9 | Calcium sulfate | files=1 | ChemBlink/Alfa-Aesar
[OK] 10101-41-4 | Calcium sulfate dihydrate | files=1 | ChemBlink/Alfa-Aesar
[OK] 20548-54-3 | Calcium sulfide | files=1 | ChemBlink/Alfa-Aesar
[OK] 3164-34-9 | Calcium tartrate | files=1 | ChemBlink/CDH
[OK] 5743-47-5 | Calcium-L-lactate Pentahydrate | files=1 | ChemBlink/Sigma-Aldrich
[OK] 13429-83-9 | camphanic acid, (-)- | files=1 | ChemBlink/Alfa-Aesar
[OK] 76-22-2 | Camphor | files=1 | ChemBlink/Alfa-Aesar
[OK] 124-83-4 | camphoric acid, (+)- | files=1 | ChemBlink/Alfa-Aesar
[OK] 3144-16-9 | camphorsulfonic acid, (+)-, -10- | files=1 | ChemBlink/Alfa-Aesar
[OK] 7689-03-4 | Camptothecin | files=1 | ChemBlink/Alfa-Aesar
[OK] 8007-47-4 | Canada Balsam | files=1 | ChemBlink/CDH
[OK] 142-62-1 | Caproic acid | files=1 | ChemBlink/Alfa-Aesar
[OK] 2051-49-2 | Caproic anhydride | files=1 | ChemBlink/Alfa-Aesar
[OK] 142-61-0 | Caproyl chloride | files=1 | ChemBlink/Alfa-Aesar
[OK] 124-07-2 | Caprylic acid | files=1 | ChemBlink/Alfa-Aesar
[OK] 124-12-9 | caprylonitrile | files=1 | ChemBlink/Alfa-Aesar
[OK] 1135-40-6 | CAPS | files=1 | ChemBlink/Alfa-Aesar
[OK] 404-86-4 | Capsaicin | files=1 | ChemBlink/Alfa-Aesar
[OK] 2425-06-1 | Captafol | files=1 | ChemBlink/Sigma-Aldrich
[OK] 133-06-2 | Captan | files=1 | ChemBlink/Sigma-Aldrich
[OK] 6804-07-5 | Carbadox | files=1 | ChemBlink/Alfa-Aesar
[OK] 140921-24-0 | Carbamic acid, 1,6-hexanediylbis-, bis(2-(2-(1-ethylpentyl)-3-oxazolidinyl)ethyl) ester | files=1 | CAS-Search (soudal.com.au)
[OK] 63-25-2 | Carbaryl | files=1 | ChemBlink/Sigma-Aldrich
[OK] 86-74-8 | Carbazole | files=1 | ChemBlink/Alfa-Aesar
[OK] 10605-21-7 | Carbendazim | files=1 | ChemBlink/Sigma-Aldrich
[NOTFOUND] 52316-55-9 | Carbendazim phosphate
[OK] 4800-94-6 | Carbenicillin disodium salt | files=1 | ChemBlink/Alfa-Aesar
[OK] 7421-40-1 | Carbenoxolone disodium salt | files=1 | ChemBlink/Alfa-Aesar
[OK] 1563-66-2 | Carbofuran | files=1 | ChemBlink/Sigma-Aldrich
[OK] 1333-86-4 | Carbon black | files=1 | ChemBlink/Alfa-Aesar
[OK] 124-38-9 | Carbon dioxide | files=1 | ChemBlink/Sigma-Aldrich
[OK] 308068-56-6 | Carbon nanotube, multi-walled | files=1 | ChemBlink/Alfa-Aesar
[OK] 558-13-4 | Carbon tetrabromide | files=1 | ChemBlink/Alfa-Aesar
[OK] 56-23-5 | Carbon tetrachloride | files=1 | ChemBlink/Sigma-Aldrich
[OK] 75-73-0 | Carbon tetrafluoride | files=1 | ChemBlink/Alfa-Aesar
[OK] 17640-15-2 | Carbonocyanic acid, methyl ester | files=1 | ChemBlink/Sigma-Aldrich
[OK] 555-60-2 | Carbonyl cyanide 3-chlorophenylhydrazone | files=1 | ChemBlink/Apollo
[OK] 530-62-1 | carbonyldiimidazole, 1,1'- | files=1 | ChemBlink/Alfa-Aesar
[OK] 463-58-1 | Carbonylsulfide | files=1 | ChemBlink/Sigma-Aldrich
[OK] 786-19-6 | Carbophenothion | files=1 | ChemBlink/Sigma-Aldrich
[OK] 55285-14-8 | Carbosulfan | files=1 | ChemBlink/Sigma-Aldrich
[OK] 5234-68-4 | Carboxin | files=1 | ChemBlink/Sigma-Aldrich
[OK] 114616-32-9 | carboxy-X-rhodamine N-succinimidyl ester, 5(6)- | files=1 | ChemBlink/Sigma-Aldrich
[OK] 9004-32-4 | Carboxymethyl cellulose sodium salt | files=1 | ChemBlink/Alfa-Aesar
[OK] 128639-02-1 | Carfentrazone-ethyl | files=1 | ChemBlink/Sigma-Aldrich
[OK] 1390-65-4 | Carmine | files=1 | ChemBlink/Alfa-Aesar
[OK] 3567-69-9 | Carmoisine | files=1 | ChemBlink/Alfa-Aesar
[OK] 104030-54-8 | Carpropamid | files=1 | ChemBlink/Sigma-Aldrich
[OK] 9000-07-1 | Carrageenan | files=1 | ChemBlink/Sigma-Aldrich
[OK] 9061-82-9 | Carrageenan, sodium salt | files=1 | CAS-Search (www.ewlerp.com)
[OK] 15263-52-2 | Cartap hydrochloride | files=1 | ChemBlink/Sigma-Aldrich
[OK] 499-75-2 | Carvacrol | files=1 | ChemBlink/Sigma-Aldrich
[OK] 9000-71-9 | Casein | files=1 | ChemBlink/Alfa-Aesar
[OK] 91079-40-2 | Casein Hydrolysate | files=1 | ChemBlink/Carl-Roth
[OK] 8001-79-4 | Castor oil | files=1 | ChemBlink/Alfa-Aesar
[OK] 535-89-7 | Castrix | files=1 | ChemBlink/Sigma-Aldrich
[OK] 9001-05-2 | Catalase | files=1 | ChemBlink/Alfa-Aesar
[OK] 64742-69-4 | catalytic-dewaxed light naphthenic distillate | files=1 | CAS-Search (www.lookchem.com)
[OK] 113066-89-0 | Cathode powder SNC 8020 (Lithium nickel cobalt oxide) Selectipur | files=1 | CAS-Search (www.loradchemical.com)
[OK] 8000-27-9 | cedon wood oil | files=1 | ChemBlink/Sigma-Aldrich
[OK] 25953-19-9 | Cefazolin | files=1 | ChemBlink/Sigma-Aldrich
[OK] 104376-79-6 | Ceftriaxone disodium salt hemi(heptahydrate) | files=1 | ChemBlink/Alfa-Aesar
[OK] 1562-90-9 | Celestine Blue | files=1 | ChemBlink/Sigma-Aldrich
[OK] 61790-53-2 | Celite | files=1 | ChemBlink/Alfa-Aesar
[OK] 68855-54-9 | Celite® 545 | files=1 | ChemBlink/Alfa-Aesar
[OK] 9012-54-8 | Cellulase [USAN] | files=1 | ChemBlink/Alfa-Aesar
[OK] 9004-35-7 | cellulose acetate | files=1 | ChemBlink/Alfa-Aesar
[OK] 9004-34-6 | Cellulose powder | files=1 | ChemBlink/Alfa-Aesar
[OK] 15686-71-2 | Cephalexin hydrate | files=1 | ChemBlink/Alfa-Aesar
[OK] 5853-29-2 | Cephaline dihydrochloride | files=1 | CAS-Search (www.chemicalbook.com)
[OK] 7440-45-1 | Cerium | files=1 | ChemBlink/Alfa-Aesar
[OK] 7790-86-5 | Cerium chloride, anhydrous | files=1 | ChemBlink/Alfa-Aesar
[OK] 12014-56-1 | Cerium Hydroxide | files=1 | ChemBlink/Alfa-Aesar
[OK] 10294-41-4 | Cerium(III) nitrate hexahydrate | files=1 | ChemBlink/Alfa-Aesar
[OK] 13454-94-9 | Cerium(III) sulfate | files=1 | ChemBlink/Alfa-Aesar
[OK] 206996-61-4 | Cerium(III)acetylacetonate hydrate | files=1 | ChemBlink/Alfa-Aesar
[OK] 1306-38-3 | Cerium(IV) oxide | files=1 | ChemBlink/Alfa-Aesar
[OK] 13590-82-4 | Cerium(IV) sulfate | files=1 | ChemBlink/Alfa-Aesar
[OK] 10294-42-5 | cerium(IV) sulfate tetrahydrate | files=1 | ChemBlink/Sigma-Aldrich
[OK] 16774-21-3 | Cerium(IV)ammonium nitrate | files=1 | ChemBlink/Alfa-Aesar
[NOTFOUND] 10045-97-3 | Cesium 137
[OK] 534-17-8 | Cesium carbonate | files=1 | ChemBlink/Alfa-Aesar
[OK] 7647-17-8 | Cesium chloride | files=1 | ChemBlink/Alfa-Aesar
[OK] 13400-13-0 | Cesium fluoride | files=1 | ChemBlink/Alfa-Aesar
[OK] 35103-79-8 | cesium hydroxide monohydrate | files=1 | ChemBlink/Alfa-Aesar
[OK] 7789-17-5 | Cesium iodide | files=1 | ChemBlink/Alfa-Aesar
[OK] 7789-18-6 | Cesium nitrate | files=1 | ChemBlink/Alfa-Aesar
[OK] 10294-54-9 | Cesium sulfate | files=1 | ChemBlink/Alfa-Aesar
[OK] 18618-55-8 | cesium(III) chloride | files=1 | ChemBlink/Alfa-Aesar
[OK] 140-72-7 | cetylpyridinium bromide | files=1 | ChemBlink/Alfa-Aesar
[OK] 75621-03-3 | CHAPS | files=1 | ChemBlink/Alfa-Aesar
[OK] 11139-85-8 | chelating resin (iminodiacetic acid) | files=1 | ChemBlink/Sigma-Aldrich
[OK] 68954-42-7 | Chelex 100 Resin | files=1 | CAS-Search (cdn.gbiosciences.com)
[OK] 474-25-9 | chenodeoxycholic acid | files=1 | ChemBlink/Alfa-Aesar
[OK] 2610-05-1 | Chicago Sky Blue 6B | files=1 | ChemBlink/Alfa-Aesar
[OK] 1398-61-4 | chitin | files=1 | ChemBlink/Alfa-Aesar
[OK] 9012-76-4 | Chitosan | files=1 | ChemBlink/Alfa-Aesar
[OK] 122453-73-0 | Chlofenapyr | files=1 | ChemBlink/Sigma-Aldrich
[OK] 302-17-0 | Chloral hydrate | files=1 | ChemBlink/Sigma-Aldrich
[OK] 7080-50-4 | Chloramine T trihydrate | files=1 | ChemBlink/Alfa-Aesar
[OK] 530-43-8 | Chloramphenical palmitate | files=1 | ChemBlink/Sigma-Aldrich
[OK] 56-75-7 | Chloramphenicol | files=1 | ChemBlink/Alfa-Aesar
[OK] 87-88-7 | chloranilic acid | files=1 | ChemBlink/Alfa-Aesar
[OK] 57-74-9 | Chlordane | files=1 | CAS-Search (www.chemicalbook.com)
[OK] 6164-98-3 | Chlordimeform | files=1 | ChemBlink/Sigma-Aldrich
[OK] 19750-95-9 | Chlordimeform hydrochloride | files=1 | ChemBlink/Sigma-Aldrich
[OK] 115-27-5 | Chlorendic anhydride | files=1 | ChemBlink/Alfa-Aesar
[OK] 85-34-7 | Chlorfenac | files=1 | ChemBlink/Alfa-Aesar
[OK] 14437-17-3 | Chlorfenprop-methyl | files=1 | ChemBlink/Sigma-Aldrich
[OK] 71422-67-8 | Chlorfluazuron | files=1 | ChemBlink/Sigma-Aldrich
[OK] 55-56-1 | Chlorhexidine | files=1 | ChemBlink/Sigma-Aldrich
[OK] 1698-60-8 | Chloridazon | files=1 | ChemBlink/Sigma-Aldrich
[OK] 90982-32-4 | Chlorimuron Et | files=1 | ChemBlink/Alfa-Aesar
[OK] 8001-35-2 | Chlorinated camphene | files=1 | ChemBlink/Sigma-Aldrich
[OK] 7790-91-2 | Chlorine trifluoride | files=1 | CAS-Search (certs-msds.airliquide.ca)
[NOTFOUND] 7003-89-6 | Chlormequat [BSI:ISO]
[OK] 999-81-5 | Chlormequat chloride | files=1 | ChemBlink/Alfa-Aesar
[OK] 1836-77-7 | Chlornitrofen | files=1 | ChemBlink/Sigma-Aldrich
[OK] 55965-84-9 | Chloro-2-methyl-3(2H)-isothiazolone with 2-methyl-3(2H)-isothiazolone | files=1 | ChemBlink/Carl-Roth
[OK] 87392-12-9 | Chloro-N-(2-ethyl-6-methylphenyl)-N-(2-methoxy-1-methylethyl)acetamide | files=1 | ChemBlink/Sigma-Aldrich
[OK] 107-20-0 | Chloroacetaldehyde | files=1 | ChemBlink/Alfa-Aesar
[OK] 539-03-7 | chloroacetanilide, 4'- | files=1 | ChemBlink/Alfa-Aesar
[OK] 79-11-8 | Chloroacetic acid | files=1 | ChemBlink/Alfa-Aesar
[OK] 541-88-8 | Chloroacetic anhydride | files=1 | ChemBlink/Alfa-Aesar
[OK] 79-04-9 | Chloroacetic chloride | files=1 | ChemBlink/Alfa-Aesar
[OK] 78-95-5 | Chloroacetone | files=1 | ChemBlink/Alfa-Aesar
[OK] 107-14-2 | Chloroacetonitrile | files=1 | ChemBlink/Alfa-Aesar
[OK] 27134-26-5 | Chloroaniline | files=1 | Name-Search (www.carlroth.com)
[OK] 108-90-7 | Chlorobenzene | files=1 | ChemBlink/Alfa-Aesar
[OK] 74-11-3 | chlorobenzoic acid, 4- | files=1 | ChemBlink/Alfa-Aesar
[OK] 542-18-7 | Chlorocyclohexane | files=1 | ChemBlink/Alfa-Aesar
[OK] 930-28-9 | Chlorocyclopentane | files=1 | ChemBlink/Alfa-Aesar
[OK] 124-48-1 | Chlorodibromomethane | files=1 | ChemBlink/Alfa-Aesar
[OK] 76-04-0 | Chlorodifluoroacetic acid | files=1 | ChemBlink/Alfa-Aesar
[OK] 20082-71-7 | Chlorodimethylpentafluorophenylsilane | files=1 | ChemBlink/Alfa-Aesar
[OK] 1066-35-9 | Chlorodimethylsilane | files=1 | ChemBlink/Alfa-Aesar
[OK] 90-99-3 | Chlorodiphenylmethane | files=1 | ChemBlink/Alfa-Aesar
[OK] 1079-66-9 | Chlorodiphenylphosphine | files=1 | ChemBlink/Alfa-Aesar
[OK] 5535-49-9 | chloroethyl phenyl sulfide, 2- | files=1 | ChemBlink/Alfa-Aesar
[OK] 938-09-0 | chloroethyl phenyl sulfone, 2- | files=1 | ChemBlink/Alfa-Aesar
[OK] 56824-22-7 | chloroethylmethylpyrrolidine hydrochloride, 2-,2-, -1- | files=1 | ChemBlink/Sigma-Aldrich
[OK] 2008-75-5 | chloroethylpiperidine hydrochloride, 1-,2- | files=1 | ChemBlink/Alfa-Aesar
[OK] 7250-67-1 | chloroethylpyrrolidine hydrochloride, 1-,2- | files=1 | ChemBlink/Alfa-Aesar
[OK] 5081-87-8 | chloroethylquinazolinedione, 3-,2-, -2,4-(1H,3H)- | files=1 | ChemBlink/Sigma-Aldrich
[OK] 593-70-4 | Chlorofluoromethane | files=1 | ChemBlink/Syn-Quest
[OK] 865-49-6 | Chloroform-d | files=1 | ChemBlink/Alfa-Aesar
[OK] 593-71-5 | Chloroiodomethane | files=1 | ChemBlink/Alfa-Aesar
[OK] 22128-62-7 | Chloromethyl chloroformate | files=1 | ChemBlink/Alfa-Aesar
[OK] 107-30-2 | Chloromethyl methyl ether | files=1 | ChemBlink/Sigma-Aldrich
[OK] 2373-51-5 | Chloromethyl methyl sulfide | files=1 | ChemBlink/Alfa-Aesar
[OK] 1719-57-9 | Chloromethyldimethylchlorosilane | files=1 | ChemBlink/Alfa-Aesar
[OK] 5326-23-8 | chloronicotinic acid, 6- | files=1 | ChemBlink/Alfa-Aesar
[NOTFOUND] 41587-36-4 | Chloronitroaniline (mixed isomers)
[OK] 16588-34-4 | chloronitrobenzaldehyde, 4-,3- | files=1 | ChemBlink/Alfa-Aesar
[OK] 10199-89-0 | chloronitrobenzofurazan, 4,7 | files=1 | ChemBlink/Alfa-Aesar
[OK] 99-60-5 | chloronitrobenzoic acid, 2-, -4- | files=1 | ChemBlink/Alfa-Aesar
[OK] 2516-96-3 | chloronitrobenzoic acid, 2-, -5- | files=1 | ChemBlink/Alfa-Aesar
[OK] 2516-95-2 | chloronitrobenzoic acid, 5-, -2- | files=1 | ChemBlink/Alfa-Aesar
[OK] 76-15-3 | CHLOROPENTAFLUOROETHANE | files=1 | ChemBlink/Syn-Quest
[OK] 22078-59-7 | chlorophenylfurfural, 5-(3- | files=1 | ChemBlink/Sigma-Aldrich
[OK] 38869-46-4 | chlorophenylpiperazine dihydrochloride, 1-,4- | files=1 | ChemBlink/Alfa-Aesar
[OK] 41202-32-8 | chlorophenylpiperazine monohydrochloride, 1-,2- | files=1 | ChemBlink/Sigma-Aldrich
[OK] 76-06-2 | Chloropicrin | files=1 | ChemBlink/Sigma-Aldrich
[OK] 18497-13-7 | Chloroplatinic acid hexahydrate | files=1 | ChemBlink/Alfa-Aesar
[OK] 26023-84-7 | Chloroplatinic acid hydrate | files=1 | ChemBlink/Alfa-Aesar
[OK] 126-99-8 | Chloroprene | files=1 | ChemBlink/Alfa-Aesar
[OK] 635-93-8 | chlorosalicylaldehyde, 5- | files=1 | ChemBlink/Alfa-Aesar
[OK] 7790-94-5 | Chlorosulfonic acid | files=1 | ChemBlink/Alfa-Aesar
[OK] 1189-71-5 | Chlorosulfonyl isocyanate | files=1 | ChemBlink/Sigma-Aldrich
[OK] 64902-72-3 | Chlorosulfuron | files=1 | ChemBlink/Sigma-Aldrich
[OK] 57-62-5 | Chlorotetracycline | files=1 | ChemBlink/Sigma-Aldrich
[OK] 63938-10-3 | Chlorotetrafluoroethane | files=1 | CAS-Search (www.hudsontech.com)
[OK] 1897-45-6 | Chlorothalonil | files=1 | ChemBlink/Sigma-Aldrich
[OK] 2037-31-2 | chlorothiophenol, 3- | files=1 | ChemBlink/Alfa-Aesar
[OK] 15545-48-9 | chlorotoluron | files=1 | ChemBlink/Sigma-Aldrich
[OK] 1461-22-9 | Chlorotributylstannane | files=1 | ChemBlink/Alfa-Aesar
[OK] 994-30-9 | Chlorotriethylsilane | files=1 | ChemBlink/Alfa-Aesar
[OK] 994-31-0 | Chlorotriethylstannane | files=1 | ChemBlink/Alfa-Aesar
[OK] 75-72-9 | Chlorotrifluoromethane | files=1 | ChemBlink/Syn-Quest
[OK] 13154-24-0 | Chlorotriisopropylsilane | files=1 | ChemBlink/Alfa-Aesar
[OK] 75-77-4 | Chlorotrimethylsilane | files=1 | ChemBlink/Alfa-Aesar
[OK] 1066-45-1 | Chlorotrimethylstannane | files=1 | ChemBlink/Alfa-Aesar
[OK] 76-86-8 | Chlorotriphenylsilane | files=1 | ChemBlink/Alfa-Aesar
[OK] 639-58-7 | Chlorotriphenylstannane | files=1 | ChemBlink/Alfa-Aesar
[OK] 5598-13-0 | Chlorpyrifos-methyl | files=1 | ChemBlink/Sigma-Aldrich
[OK] 1918-13-4 | Chlorthiamid | files=1 | ChemBlink/Alfa-Aesar
[NOTFOUND] 21923-23-9 | Chlorthiophos I
[OK] 57-88-5 | Cholesterol | files=1 | ChemBlink/Alfa-Aesar
[OK] 9026-00-0 | Cholesterol Esterase | files=1 | ChemBlink/Alfa-Aesar
[OK] 7144-08-3 | Cholesteryl chloroformate | files=1 | ChemBlink/Alfa-Aesar
[OK] 62-49-7 | Choline | files=1 | Name-Search (www.chemicalbook.com)
[OK] 67-48-1 | Choline chloride | files=1 | ChemBlink/Alfa-Aesar
[OK] 9002-61-3 | chorionic gonadotropin | files=1 | ChemBlink/Sigma-Aldrich
[OK] 7738-94-5 | Chromic acid | files=1 | CAS-Search (file1.lookchem.com)
[OK] 7788-99-0 | chromic potassium sulphate | files=1 | ChemBlink/Alfa-Aesar
[OK] 7440-47-3 | Chromium | files=1 | ChemBlink/Alfa-Aesar
[OK] 14977-61-8 | Chromium oxychloride | files=1 | ChemBlink/Alfa-Aesar
[OK] 10141-00-1 | Chromium potassium sulfate | files=1 | CAS-Search (file1.lookchem.com)
[OK] 1333-82-0 | Chromium trioxide | files=1 | ChemBlink/Alfa-Aesar
[OK] 10049-05-5 | Chromium(II) chloride | files=1 | ChemBlink/Alfa-Aesar
[OK] 10049-10-2 | Chromium(II) fluoride | files=1 | ChemBlink/Alfa-Aesar
[OK] 10060-12-5 | Chromium(III) chloride hexahydrate | files=1 | ChemBlink/Alfa-Aesar
[OK] 10025-73-7 | Chromium(III) chloride, sublimed, anhydrous | files=1 | ChemBlink/Sigma-Aldrich
[OK] 7788-97-8 | Chromium(III) fluoride | files=1 | ChemBlink/Alfa-Aesar
[OK] 7789-02-8 | Chromium(III) nitrate nonahydrate | files=1 | ChemBlink/Alfa-Aesar
[OK] 1308-38-9 | Chromium(III)oxide | files=1 | ChemBlink/Alfa-Aesar
[OK] 10101-53-8 | Chromium(III)Sulfate,12-Hydrate | files=1 | CAS-Search (pim-resources.coleparmer.com)
[OK] 7059-24-7 | Chromomycin A3 | files=1 | ChemBlink/Alfa-Aesar
[OK] 4197-07-3 | Chromotrope 2R | files=1 | ChemBlink/Alfa-Aesar
[OK] 5808-22-0 | chromotropic acid, disodium salt, dihydrate | files=1 | ChemBlink/Alfa-Aesar
[OK] 218-01-9 | Chrysene | files=1 | ChemBlink/Alfa-Aesar
[OK] 12236-82-7 | Cibacron Blue F3GA | files=1 | CAS-Search (www.angenechemical.com)
[OK] 485-71-2 | cinchonidine | files=1 | ChemBlink/Alfa-Aesar
[OK] 118-10-5 | cinchonine | files=1 | ChemBlink/Alfa-Aesar
[OK] 25402-06-6 | Cinerin I | files=1 | CAS-Search (www.chemos.de)
[OK] 121-20-0 | Cinerin II | files=1 | Name-Search (static.cymitquimica.com)
[OK] 87818-31-3 | Cinmethylin | files=1 | ChemBlink/Sigma-Aldrich
[NOTFOUND] 87819-60-1 | Cinmethylin [exo-(-)-isomer]
[NOTFOUND] 87818-61-9 | Cinmethylin [exo-(+)-isomer]
[OK] 14371-10-9 | cinnamaldehyde | files=1 | ChemBlink/Alfa-Aesar
[OK] 102-92-1 | cinnamoyl chloride | files=1 | ChemBlink/Sigma-Aldrich
[OK] 2687-12-9 | Cinnamyl chloride | files=1 | ChemBlink/Alfa-Aesar
[OK] 94593-91-6 | Cinosulfuron | files=1 | ChemBlink/Sigma-Aldrich
[OK] 85721-33-1 | Ciprofloxacin | files=1 | ChemBlink/Alfa-Aesar
[OK] 156-59-2 | cis-1,2-Dichloroethene | files=1 | ChemBlink/Sigma-Aldrich
[OK] 10061-01-5 | cis-1,3-Dichloropropylene | files=1 | ChemBlink/Sigma-Aldrich
[OK] 624-29-3 | cis-1,4-Dimethylcyclohexane | files=1 | ChemBlink/Sigma-Aldrich
[OK] 590-18-1 | cis-2-Butene | files=1 | ChemBlink/Sigma-Aldrich
[OK] 6117-80-2 | cis-2-Butene-1,4-diol | files=1 | ChemBlink/Alfa-Aesar
[OK] 7443-70-1 | cis-2-methylcyclohexanol | files=1 | ChemBlink/Sigma-Aldrich
[OK] 928-96-1 | cis-3-Hexen-1-ol | files=1 | ChemBlink/Alfa-Aesar
[OK] 81028-03-7 | cis-4-Benzyloxy-2-buten-1-ol | files=1 | ChemBlink/Sigma-Aldrich
[OK] 34090-76-1 | cis-4-Methyl-1,2,3,6-tetrahydrophthalic anhydride | files=1 | ChemBlink/Alfa-Aesar
[OK] 373-49-9 | cis-9-Hexadecenoic acid | files=1 | ChemBlink/Sigma-Aldrich
[OK] 5103-71-9 | cis-Chlordane | files=1 | ChemBlink/Accu-Standard
[OK] 931-87-3 | cis-Cyclooctene | files=1 | ChemBlink/Alfa-Aesar
[OK] 493-01-6 | cis-Decalin | files=1 | ChemBlink/Sigma-Aldrich
[OK] 15663-27-1 | cis-Diamminedichloroplatinum(II) | files=1 | ChemBlink/Alfa-Aesar
[OK] 2746-19-2 | cis-exo-Himic anhydride | files=1 | ChemBlink/Alfa-Aesar
[OK] 1552-12-1 | cis, cis-1,5-Cyclooctadiene | files=1 | CAS-Search (www.chemicalbook.com)
[OK] 706-31-0 | cis, trans, trans-1,5,9-Cyclododecatriene | files=1 | ChemBlink/Alfa-Aesar
[OK] 616-02-4 | Citraconic anhydride | files=1 | ChemBlink/Alfa-Aesar
[OK] 5392-40-5 | Citral | files=1 | ChemBlink/Alfa-Aesar
[OK] 77-92-9 | Citric acid | files=1 | ChemBlink/Alfa-Aesar
[OK] 5949-29-1 | Citric acid monohydrate | files=1 | ChemBlink/Alfa-Aesar
[OK] 8000-29-1 | Citronella oil | files=1 | ChemBlink/Sigma-Aldrich
[OK] 37148-27-9 | Clenbuterol | files=1 | CAS-Search (static.cymitquimica.com)
[OK] 21898-19-1 | Clenbuterol  hydrochloride | files=1 | ChemBlink/Alfa-Aesar
[OK] 99129-21-2 | Clethodim | files=1 | ChemBlink/Sigma-Aldrich
[OK] 21462-39-5 | Clindamycin hydrochloride | files=1 | ChemBlink/Sigma-Aldrich
[OK] 74115-24-5 | Clofentezine | files=1 | ChemBlink/Sigma-Aldrich
[OK] 51337-71-4 | clofop-isobutyl | files=1 | CAS-Search (www.ichemistry.cn)
[OK] 1702-17-6 | Clopyralid | files=1 | ChemBlink/Alfa-Aesar
[OK] 57754-85-5 | Clopyralid, monoethanolamine salt | files=1 | ChemBlink/Sigma-Aldrich
[OK] 2921-88-2 | Clorpyrifos | files=1 | ChemBlink/Sigma-Aldrich
[OK] 205510-53-8 | Clothianidin | files=1 | CAS-Search (deq.mt.gov)
[OK] 8000-34-8 | Clove oil | files=1 | ChemBlink/Sigma-Aldrich
[OK] 24166-13-0 | Cloxazolam | files=1 | Name-Search (aksci.com)
[OK] 62886-59-3 | CM Sephadex® C-25 | files=1 | ChemBlink/Sigma-Aldrich
[OK] 9000-11-7 | CMC | files=1 | ChemBlink/Sigma-Aldrich
[OK] 56-72-4 | Co-Ral | files=1 | ChemBlink/Sigma-Aldrich
[OK] 94114-48-4 | Coal liquids, liq. solvent extn. | files=1 | Name-Search (www.chemicalbook.com)
[OK] 8007-45-2 | Coal tar | files=1 | ChemBlink/Alfa-Aesar
[OK] 65996-92-1 | COAL TAR DISTILLATE | files=1 | CAS-Search (www.lonestarspecialties.com)
[OK] 65996-93-2 | Coal Tar Pitch Volatiles (benzene soluble fraction) | files=1 | CAS-Search (ecologyroof.com)
[OK] 7440-48-4 | Cobalt | files=1 | ChemBlink/Alfa-Aesar
[OK] 71-48-7 | Cobalt acetate | files=1 | ChemBlink/Alfa-Aesar
[OK] 21041-93-0 | Cobalt hydroxide | files=1 | ChemBlink/Alfa-Aesar
[OK] 61789-51-3 | Cobalt naphthenate | files=1 | ChemBlink/Alfa-Aesar
[OK] 1307-96-6 | Cobalt oxide | files=1 | ChemBlink/Alfa-Aesar
[NOTFOUND] 10198-40-0 | Cobalt-60 (Co-60)
[OK] 6147-53-1 | cobalt(II) acetate, tetrahydrate | files=1 | ChemBlink/Alfa-Aesar
[OK] 57454-67-8 | Cobalt(II) carbonate | files=1 | ChemBlink/Sigma-Aldrich
[OK] 7646-79-9 | Cobalt(II) chloride | files=1 | ChemBlink/Alfa-Aesar
[OK] 7791-13-1 | Cobalt(II) chloride hexahydrate | files=1 | ChemBlink/Alfa-Aesar
[OK] 10026-22-9 | Cobalt(II) nitrate hexahydrate | files=1 | ChemBlink/Alfa-Aesar
[OK] 3317-67-7 | Cobalt(II) phthalocyanine | files=1 | ChemBlink/Alfa-Aesar
[OK] 10026-24-1 | Cobalt(II) sulfate heptahydrate | files=1 | ChemBlink/Alfa-Aesar
[OK] 3017-60-5 | cobalt(II) thiocyanate | files=1 | ChemBlink/Strem
[OK] 111-78-4 | COD | files=1 | ChemBlink/Sigma-Aldrich
[OK] 41444-62-6 | Codeine phosphate hemihydrate cryst. | files=1 | ChemBlink/Sigma-Aldrich
[OK] 64-86-8 | Colchicine | files=1 | ChemBlink/Alfa-Aesar
[OK] 1264-72-8 | Colistin Sulfate salt | files=1 | ChemBlink/Alfa-Aesar
[OK] 9007-34-5 | Collagen from calf skin | files=1 | ChemBlink/Alfa-Aesar
[OK] 9004-70-0 | Collodion | files=1 | ChemBlink/Carl-Roth
[OK] 25646-77-9 | Colour developer 4 [N4-ethyl-N4-(2-hydroxyethyl)-2-methyl- 1,4-phenylenediammonium sulfate] Fotopur | files=1 | ChemBlink/Sigma-Aldrich
[OK] 1075198-30-9 | COMU(R) | files=1 | ChemBlink/Alfa-Aesar
[OK] 573-58-0 | Congo red | files=1 | ChemBlink/Alfa-Aesar
[OK] 7440-50-8 | Copper | files=1 | ChemBlink/Alfa-Aesar
[OK] 16570-28-8 | Copper (II) pyrophosphate hydrate | files=1 | ChemBlink/Alfa-Aesar
[OK] 12002-03-8 | Copper acetoarsenite | files=1 | CAS-Search (chemreg.net)
[OK] 1344-67-8 | Copper chloride | files=1 | Name-Search (www.chemos.de)
[OK] 12053-18-8 | Copper Chromite | files=1 | ChemBlink/Sigma-Aldrich
[OK] 14763-77-0 | Copper cyanide | files=1 | Name-Search (stdidrobertschemprod.blob.core.windows.net)
[OK] 1332-65-6 | Copper oxychloride | files=1 | ChemBlink/Sigma-Aldrich
[OK] 1332-40-7 | Copper oxychloride (mixture) | files=1 | ChemBlink/Sigma-Aldrich
[OK] 7758-98-7 | Copper sulfate | files=1 | ChemBlink/Alfa-Aesar
[OK] 22205-45-4 | Copper sulfide | files=1 | ChemBlink/Alfa-Aesar
[OK] 598-54-9 | copper(I) acetate | files=1 | ChemBlink/Alfa-Aesar
[OK] 7787-70-4 | Copper(I) bromide | files=1 | ChemBlink/Alfa-Aesar
[OK] 54678-23-8 | Copper(I) bromide dimethyl sulfide complex | files=1 | ChemBlink/Alfa-Aesar
[OK] 7681-65-4 | Copper(I) iodide | files=1 | ChemBlink/Alfa-Aesar
[OK] 1317-39-1 | Copper(I) oxide | files=1 | ChemBlink/Alfa-Aesar
[OK] 51913-38-3 | copper(I) trifluoromethanesulfonate toluene complex | files=1 | Name-Search (aladdin-for-icloud-store.oss-cn-hangzhou.aliyuncs.com)
[OK] 39001-64-4 | Copper(II) 2,9,16,23-tetra-tert-butyl-29H,31H-phthalocyanine | files=1 | CAS-Search (aksci.com)
[OK] 142-71-2 | Copper(II) acetate | files=1 | ChemBlink/Alfa-Aesar
[OK] 6046-93-1 | Copper(II) acetate monohydrate | files=1 | ChemBlink/Alfa-Aesar
[OK] 12069-69-1 | copper(II) carbonate basic | files=1 | ChemBlink/Alfa-Aesar
[OK] 7447-39-4 | Copper(II) chloride anhydrous | files=1 | ChemBlink/Alfa-Aesar
[OK] 10125-13-0 | Copper(II) chloride dihydrate | files=1 | ChemBlink/Alfa-Aesar
[OK] 14552-35-3 | Copper(II) ethylenediamine | files=1 | ChemBlink/Acros-Organics
[OK] 10031-43-3 | Copper(II) nitrate trihydrate | files=1 | ChemBlink/Alfa-Aesar
[OK] 1317-38-0 | Copper(II) oxide | files=1 | ChemBlink/Alfa-Aesar
[OK] 7758-99-8 | Copper(II) sulfate-pentahydrate | files=1 | ChemBlink/Alfa-Aesar
[OK] 34946-82-2 | copper(II) trifluoromethanesulfonate | files=1 | ChemBlink/Alfa-Aesar
[OK] 7789-45-9 | Copper(II)bromide | files=1 | ChemBlink/Alfa-Aesar
[OK] 8001-30-7 | Corn oil | files=1 | ChemBlink/Sigma-Aldrich
[OK] 66071-94-1 | Corn steep liquor | files=1 | ChemBlink/Sigma-Aldrich
[OK] 50-22-6 | Corticosterone | files=1 | ChemBlink/Sigma-Aldrich
[OK] 53-06-5 | Cortisone | files=1 | ChemBlink/Alfa-Aesar
[OK] 50-04-4 | cortisone acetate | files=1 | ChemBlink/Alfa-Aesar
[OK] 81-82-3 | Coumachlor | files=1 | ChemBlink/Sigma-Aldrich
[OK] 91-64-5 | Coumarin | files=1 | ChemBlink/Alfa-Aesar
[OK] 531-81-7 | Coumarin-3-carboxylic acid | files=1 | ChemBlink/Alfa-Aesar
[OK] 5836-29-3 | Coumatetralyl | files=1 | ChemBlink/Sigma-Aldrich
[OK] 136-78-7 | Crag herbicide | files=1 | ChemBlink/Accu-Standard
[OK] 57-00-1 | Creatine | files=1 | ChemBlink/Alfa-Aesar
[OK] 60-27-5 | creatinine | files=1 | ChemBlink/Alfa-Aesar
[OK] 61791-12-6 | Cremophor EL | files=1 | ChemBlink/Sigma-Aldrich
[OK] 90640-84-9 | Creosote oil, acenaphthene fraction | files=1 | Name-Search (www.chemicalbook.com)
[OK] 90640-85-0 | Creosote oil, acenaphthene fraction, acenaphthene-free | files=1 | Name-Search (www.chemicalbook.com)
[OK] 70321-80-1 | Creosote oil, low-boiling distillate | files=1 | CAS-Search (www.ichemistry.cn)
[OK] 1319-77-3 | Cresol | files=1 | ChemBlink/Sigma-Aldrich
[OK] 1733-12-6 | CRESOL  RED | files=1 | ChemBlink/Alfa-Aesar
[OK] 10510-54-0 | cresyl violet acetate | files=1 | ChemBlink/Alfa-Aesar
[OK] 6226-76-2 | Crocein Scarlet 7B | files=1 | ChemBlink/Sigma-Aldrich
[OK] 4170-30-3 | Crotonaldehyde | files=1 | ChemBlink/Alfa-Aesar
[OK] 6923-22-4 | Crotophos | files=1 | ChemBlink/Sigma-Aldrich
[OK] 7700-17-6 | Crotoxyphos | files=1 | CAS-Search (www.agilent.com)
[OK] 299-86-5 | Cruformate | files=1 | ChemBlink/Sigma-Aldrich
[OK] 15096-52-3 | Cryolite | files=1 | ChemBlink/Alfa-Aesar
[OK] 548-62-9 | crystal violet | files=1 | ChemBlink/Alfa-Aesar
[OK] 80-15-9 | Cumene hydroperoxide | files=1 | ChemBlink/Alfa-Aesar
[OK] 135-20-6 | Cupferron | files=1 | ChemBlink/Alfa-Aesar
[OK] 7758-89-6 | Cuprous chloride | files=1 | ChemBlink/Alfa-Aesar
[OK] 544-92-3 | Cuprous cyanide | files=1 | ChemBlink/Alfa-Aesar
[OK] 1111-67-7 | Cuprous thiocyanate | files=1 | ChemBlink/Alfa-Aesar
[OK] 8024-37-1 | curcumin | files=1 | CAS-Search (docs.newdirectionsaromatics.com)
[OK] 54724-00-4 | Curdlan from Alcaligenes faecalis | files=1 | ChemBlink/Sigma-Aldrich
[OK] 420-04-2 | Cyanamide | files=1 | ChemBlink/Alfa-Aesar
[NOTFOUND] 107667-02-7 | Cyanex 301
[OK] 47073-92-7 | Cyanic acid, ethylidenedi-4,1-phenylene ester | files=1 | ChemBlink/Ambeed
[OK] 57-12-5 | Cyanide | files=1 | Name-Search (redox.com)
[OK] 107-91-5 | cyanoacetamide | files=1 | ChemBlink/Alfa-Aesar
[OK] 372-09-8 | Cyanoacetic acid | files=1 | ChemBlink/Alfa-Aesar
[OK] 70807-22-6 | Cyanoacetone sodium salt | files=1 | CAS-Search (www.chemicalbook.com)
[OK] 506-68-3 | Cyanogen bromide | files=1 | ChemBlink/Alfa-Aesar
[OK] 68987-32-6 | Cyanogen bromide-activated-Sepharose® 4B | files=1 | CAS-Search (www.chemicalbook.com)
[OK] 2636-26-2 | Cyanophos | files=1 | ChemBlink/Sigma-Aldrich
[OK] 108-80-5 | Cyanuric acid | files=1 | ChemBlink/Alfa-Aesar
[OK] 108-77-0 | Cyanuric chloride | files=1 | ChemBlink/Alfa-Aesar
[OK] 675-14-9 | Cyanuric fluoride | files=1 | ChemBlink/Alfa-Aesar
[OK] 113136-77-9 | cyclanilide | files=1 | ChemBlink/Sigma-Aldrich
[OK] 1134-23-2 | Cycloate | files=1 | ChemBlink/Sigma-Aldrich
[OK] 5006-22-4 | Cyclobutanecarbonyl chloride | files=1 | ChemBlink/Alfa-Aesar
[OK] 3721-95-7 | Cyclobutanecarboxylic acid | files=1 | ChemBlink/Alfa-Aesar
[OK] 1191-95-3 | Cyclobutanone | files=1 | ChemBlink/Alfa-Aesar
[OK] 17247-58-4 | Cyclobutylmethyl bromide | files=1 | ChemBlink/Sigma-Aldrich
[OK] 294-62-2 | Cyclododecane | files=1 | ChemBlink/Alfa-Aesar
[OK] 118562-73-5 | Cyclododecaneethanol, beta-methyl- | files=1 | CAS-Search (www.chemicalbull.com)
[OK] 74244-64-7 | cycloheptadec-9-en-1-one | files=1 | Name-Search (tanqingsk-data.oss-cn-hangzhou.aliyuncs.com)
[OK] 291-64-5 | Cycloheptane | files=1 | ChemBlink/Alfa-Aesar
[OK] 502-42-1 | Cycloheptanone | files=1 | ChemBlink/Alfa-Aesar
[OK] 5452-35-7 | Cycloheptylamine | files=1 | ChemBlink/Alfa-Aesar
[OK] 33678-01-2 | Cyclohexadienyliumiron(0) tricarbonyl tetrafluoroborate | files=1 | CAS-Search (www.ichemistry.cn)
[OK] 110-82-7 | Cyclohexane | files=1 | ChemBlink/Alfa-Aesar
[OK] 98-89-5 | Cyclohexane carboxylic acid | files=1 | ChemBlink/Alfa-Aesar
[OK] 6876-23-9 | Cyclohexane, 1,2-dimethyl-, (1R,2R)-rel- | files=1 | ChemBlink/Accu-Standard
[OK] 766-05-2 | Cyclohexanecarbonitrile | files=1 | ChemBlink/Sigma-Aldrich
[OK] 2719-27-9 | Cyclohexanecarbonyl chloride | files=1 | ChemBlink/Alfa-Aesar
[OK] 63767-86-2 | Cyclohexanemethanol, alpha-methyl-4-(1-methylethyl)- | files=1 | CAS-Search (pdf.benchchem.com)
[OK] 83926-73-2 | Cyclohexanepropanol, alpha,alpha-dimethyl- | files=1 | CAS-Search (image.makewebeasy.net)
[OK] 1569-69-3 | Cyclohexanethiol | files=1 | ChemBlink/Alfa-Aesar
[OK] 108-93-0 | Cyclohexanol | files=1 | ChemBlink/Alfa-Aesar
[OK] 108-94-1 | Cyclohexanone | files=1 | ChemBlink/Alfa-Aesar
[OK] 933-40-4 | Cyclohexanone dimethyl kelal | files=1 | ChemBlink/Sigma-Aldrich
[OK] 12262-58-7 | Cyclohexanone peroxide | files=1 | CAS-Search (www.chemicalbull.com)
[OK] 930-68-7 | cyclohexen one, 2-, 1- | files=1 | ChemBlink/Alfa-Aesar
[OK] 110-83-8 | Cyclohexene | files=1 | ChemBlink/Alfa-Aesar
[OK] 286-20-4 | Cyclohexene oxide | files=1 | ChemBlink/Alfa-Aesar
[OK] 7705-14-8 | Cyclohexene, 1-methyl-4-(1-methylethenyl)-, (+-)- | files=1 | CAS-Search (www.ichemistry.cn)
[OK] 622-45-7 | Cyclohexyl acetate | files=1 | ChemBlink/Sigma-Aldrich
[OK] 3173-53-3 | Cyclohexyl isocyanate | files=1 | ChemBlink/Alfa-Aesar
[OK] 931-53-3 | Cyclohexyl isonitrile | files=1 | ChemBlink/Sigma-Aldrich
[OK] 1122-82-3 | Cyclohexyl isothiocyanate | files=1 | ChemBlink/Alfa-Aesar
[OK] 2182-55-0 | Cyclohexyl vinyl ether | files=1 | ChemBlink/Sigma-Aldrich
[OK] 108-91-8 | Cyclohexylamine | files=1 | ChemBlink/Alfa-Aesar
[OK] 17430-98-7 | cyclohexylethylamine, S(+)-1- | files=1 | ChemBlink/Alfa-Aesar
[OK] 100-49-2 | Cyclohexylmethanol | files=1 | ChemBlink/Alfa-Aesar
[OK] 292-64-8 | Cyclooctane | files=1 | ChemBlink/Alfa-Aesar
[OK] 286-62-4 | Cyclooctene oxide | files=1 | ChemBlink/Sigma-Aldrich
[OK] 5452-37-9 | Cyclooctylamine | files=1 | ChemBlink/Alfa-Aesar
[OK] 502-72-7 | Cyclopentadecanone | files=1 | ChemBlink/Alfa-Aesar
[OK] 34822-90-7 | Cyclopentadienylthallium(I) | files=1 | ChemBlink/Sigma-Aldrich
[OK] 287-92-3 | Cyclopentane | files=1 | ChemBlink/Alfa-Aesar
[OK] 6053-68-5 | Cyclopentane-1,2,3,4-tetracarboxylic dianhydride | files=1 | ChemBlink/Matrix
[OK] 4524-93-0 | Cyclopentanecarbonyl chloride | files=1 | ChemBlink/Alfa-Aesar
[OK] 96-41-3 | Cyclopentanol | files=1 | ChemBlink/Alfa-Aesar
[OK] 120-92-3 | Cyclopentanone | files=1 | ChemBlink/Alfa-Aesar
[OK] 142-29-0 | Cyclopentene | files=1 | ChemBlink/Alfa-Aesar
[OK] 285-67-6 | cyclopentene oxide | files=1 | ChemBlink/Alfa-Aesar
[OK] 930-30-3 | cyclopentenone, 2-, -1- | files=1 | ChemBlink/Alfa-Aesar
[OK] 1003-03-8 | Cyclopentylamine | files=1 | ChemBlink/Alfa-Aesar
[OK] 75-19-4 | Cyclopropane | files=1 | ChemBlink/Sigma-Aldrich
[OK] 4023-34-1 | Cyclopropane carbonyl chloride | files=1 | ChemBlink/Alfa-Aesar
[OK] 1759-53-1 | Cyclopropanecarboxylic acid | files=1 | ChemBlink/Alfa-Aesar
[OK] 765-43-5 | Cyclopropyl methyl ketone | files=1 | ChemBlink/Alfa-Aesar
[OK] 5239-82-7 | Cyclopropylacetic acid | files=1 | ChemBlink/Alfa-Aesar
[OK] 765-30-0 | Cyclopropylamine | files=1 | ChemBlink/Alfa-Aesar
[OK] 2516-33-8 | Cyclopropylmethanol | files=1 | ChemBlink/Alfa-Aesar
[OK] 136849-15-5 | Cyclosulfamuron | files=1 | ChemBlink/Sigma-Aldrich
[OK] 121-82-4 | Cyclotrimethylenetrinitramine | files=1 | Name-Search (swordenergetics.com)
[OK] 101205-02-1 | Cycloxydim | files=1 | ChemBlink/Sigma-Aldrich
[NOTFOUND] 99434-58-9 | Cycloxydim [BSI:ISO]
[OK] 2163-69-1 | Cycluron | files=1 | ChemBlink/Sigma-Aldrich
[OK] 68359-37-5 | Cyfluthrin | files=1 | ChemBlink/Sigma-Aldrich
[OK] 122008-85-9 | Cyhalofop butyl ester | files=1 | ChemBlink/Sigma-Aldrich
[OK] 91465-08-6 | Cyhalothrin | files=1 | ChemBlink/Sigma-Aldrich
[OK] 68085-85-8 | Cyhalothrin/Karate solution | files=1 | ChemBlink/Sigma-Aldrich
[OK] 13121-70-5 | Cyhexatin | files=1 | ChemBlink/Sigma-Aldrich
[OK] 9004-07-3 | cymotrypsin | files=1 | ChemBlink/Alfa-Aesar
[OK] 57966-95-7 | Cymoxanil | files=1 | ChemBlink/Sigma-Aldrich
[OK] 52315-07-8 | Cypermethrin | files=1 | ChemBlink/Alfa-Aesar
[OK] 39515-40-7 | Cyphenothrin | files=1 | ChemBlink/Sigma-Aldrich
[OK] 94361-06-5 | Cyproconazole | files=1 | ChemBlink/Alfa-Aesar
[OK] 113096-99-4 | Cyproconazole (unstated stereochemistry) | files=1 | CAS-Search (datasheets.scbt.com)
[OK] 94361-07-6 | Cyproconazole [(2RS, 3RS)-isomers] | files=1 | CAS-Search (datasheets.scbt.com)
[OK] 69581-33-5 | cyprofuram | files=1 | ChemBlink/Sigma-Aldrich
[OK] 41354-29-4 | Cyproheptadine hydrochloride | files=1 | ChemBlink/Sigma-Aldrich
[OK] 66215-27-8 | Cyromazine | files=1 | ChemBlink/Sigma-Aldrich
[OK] 156-57-0 | Cysteamine hydrochloride | files=1 | ChemBlink/Alfa-Aesar
[OK] 14930-96-2 | Cytochalasin B | files=1 | ChemBlink/Alfa-Aesar
[OK] 22144-77-0 | Cytochalasin D | files=1 | ChemBlink/Sigma-Aldrich
[OK] 71-30-7 | cytosine | files=1 | ChemBlink/Alfa-Aesar
[OK] 528-50-7 | D-(+)-cellobiose | files=1 | ChemBlink/Alfa-Aesar
[OK] 66-84-2 | D-(+)-Glucosamine hydrochloride | files=1 | ChemBlink/Alfa-Aesar
[OK] 126-14-7 | D-(+)-Sucrose octaacetate | files=1 | ChemBlink/Alfa-Aesar
[OK] 6138-23-4 | D-(+)-Trehalose dihydrate | files=1 | ChemBlink/Alfa-Aesar
[OK] 58-86-6 | D-(+)-Xylose | files=1 | ChemBlink/Alfa-Aesar
[OK] 338-69-2 | D-Alanine | files=1 | ChemBlink/Alfa-Aesar
[OK] 52-39-1 | d-Aldosterone | files=1 | ChemBlink/Sigma-Aldrich
[OK] 157-06-2 | D-Arginine | files=1 | ChemBlink/Alfa-Aesar
[OK] 1783-96-6 | D-Aspartic acid | files=1 | ChemBlink/Alfa-Aesar
[OK] 147-71-7 | D-Aspatic acid | files=1 | ChemBlink/Alfa-Aesar
[OK] 68-41-7 | D-Cycloserine | files=1 | ChemBlink/Alfa-Aesar
[OK] 921-01-7 | D-cysteine | files=1 | ChemBlink/Alfa-Aesar
[OK] 57-48-7 | D-Fructose | files=1 | ChemBlink/Alfa-Aesar
[OK] 26177-86-6 | D-Fructose 6-phosphate disodium salt hydrate | files=1 | ChemBlink/Alfa-Aesar
[OK] 91510-62-2 | D-Galacturonic acid | files=1 | ChemBlink/Alfa-Aesar
[OK] 50-99-7 | D-glucose | files=1 | ChemBlink/Alfa-Aesar
[OK] 110187-42-3 | D-glucose (U-13C6,99%) | files=1 | ChemBlink/Sigma-Aldrich
[OK] 5996-10-1 | D-glucose monohydrate | files=1 | CAS-Search (americanbio.com)
[OK] 6556-12-3 | D-Glucuronic acid | files=1 | ChemBlink/Alfa-Aesar
[OK] 6893-26-1 | D-Glutamic acid | files=1 | ChemBlink/Alfa-Aesar
[OK] 351-50-8 | D-histidine | files=1 | ChemBlink/Alfa-Aesar
[OK] 6341-24-8 | D-histidine monohydrochloride monohydrate | files=1 | ChemBlink/Sigma-Aldrich
[OK] 10326-41-7 | D-Lactic Acid | files=1 | ChemBlink/Alfa-Aesar
[OK] 328-38-1 | D-Leucine | files=1 | ChemBlink/Alfa-Aesar
[OK] 6363-53-7 | D-Maltose Monohydrate | files=1 | ChemBlink/Alfa-Aesar
[NOTFOUND] 69-68-5 | D-manital,minimum
[OK] 69-65-8 | D-Mannitol | files=1 | ChemBlink/Alfa-Aesar
[NOTFOUND] 15825-70-4 | D-Mannitol hexanitrate
[OK] 104872-94-8 | D-mannose 6-Phospahte | files=1 | ChemBlink/Biosynth
[OK] 33068-18-7 | D-mannose-6-phosphate | files=1 | ChemBlink/Biosynth
[OK] 348-67-4 | D-methionine | files=1 | ChemBlink/Alfa-Aesar
[OK] 673-06-3 | D-phenylalanine | files=1 | ChemBlink/Alfa-Aesar
[OK] 18265-46-8 | D-ribose-5 phosphate disodium salt | files=1 | ChemBlink/Alfa-Aesar
[OK] 312-84-5 | D-Serine | files=1 | ChemBlink/Alfa-Aesar
[OK] 50-70-4 | D-Sorbitol | files=1 | ChemBlink/Alfa-Aesar
[OK] 632-20-2 | D-Threonine | files=1 | ChemBlink/Alfa-Aesar
[OK] 153-94-6 | D-Tryptophan | files=1 | ChemBlink/Alfa-Aesar
[OK] 138-52-3 | D(-)-Salicin | files=1 | ChemBlink/Alfa-Aesar
[OK] 50-69-1 | D(-)Ribose | files=1 | ChemBlink/Alfa-Aesar
[OK] 59-23-4 | D(+) galactose | files=1 | ChemBlink/Alfa-Aesar
[OK] 464-49-3 | D(+)-Camphor | files=1 | ChemBlink/Alfa-Aesar
[OK] 14431-43-7 | D(+)-Glucose monohydrate | files=1 | ChemBlink/Alfa-Aesar
[OK] 63524-04-9 | D(+)-Isoascorbic acid, sodium salt monohydrate | files=1 | ChemBlink/Oakwood
[OK] 3458-28-4 | D+-MANNOSE | files=1 | ChemBlink/Alfa-Aesar
[OK] 146998-31-4 | DABCYL-N-succinimidyl ester | files=1 | ChemBlink/Alfa-Aesar
[OK] 486-66-8 | Daidzein | files=1 | ChemBlink/Alfa-Aesar
[OK] 127-20-8 | Dalapon sodium salt | files=1 | CAS-Search (www.chemicalbook.com)
[OK] 1596-84-5 | Daminozide | files=1 | ChemBlink/Alfa-Aesar
[OK] 17230-88-5 | Danazol | files=1 | ChemBlink/Alfa-Aesar
[OK] 39515-41-8 | Danitol | files=1 | ChemBlink/Sigma-Aldrich
[OK] 112398-08-0 | Danofloxacin | files=1 | ChemBlink/Sigma-Aldrich
[OK] 605-65-2 | Dansyl chloride | files=1 | ChemBlink/Alfa-Aesar
[OK] 533-74-4 | Dazomet | files=1 | ChemBlink/Sigma-Aldrich
[OK] 3001-72-7 | DBN (1,5-diaza-bicyclo[4.3.0]non-5-ene) 98% | files=1 | ChemBlink/Alfa-Aesar
[OK] 50-29-3 | DDT | files=1 | ChemBlink/Alfa-Aesar
[OK] 9013-34-7 | DEAE cellulose | files=1 | ChemBlink/Sigma-Aldrich
[OK] 17702-41-9 | Decaborane | files=1 | ChemBlink/Alfa-Aesar
[OK] 1163-19-5 | Decabromodiphenyl ether | files=1 | ChemBlink/Alfa-Aesar
[OK] 10170-69-1 | Decacarbonyldimanganese | files=1 | ChemBlink/Alfa-Aesar
[OK] 91-17-8 | Decalin | files=1 | ChemBlink/Alfa-Aesar
[OK] 112-31-2 | Decanal | files=1 | ChemBlink/Alfa-Aesar
[OK] 334-48-5 | decanoic acid | files=1 | ChemBlink/Alfa-Aesar
[OK] 2082-76-0 | Decanoic anhydride | files=1 | ChemBlink/Acros-Organics
[OK] 112-13-0 | Decanoyl chloride | files=1 | ChemBlink/Alfa-Aesar
[OK] 60742-60-1 | Decyl-18-crown-6 | files=1 | CAS-Search (www.chemicalbook.com)
[OK] 2016-57-1 | decylamine | files=1 | ChemBlink/Sigma-Aldrich
[OK] 68513-95-1 | Defatled Soybean | files=1 | ChemBlink/LOBA
[OK] 53-43-0 | Dehydro-epi-androsterone | files=1 | ChemBlink/Alfa-Aesar
[OK] 490-83-5 | Dehydroascorbic acid | files=1 | ChemBlink/Sigma-Aldrich
[OK] 81-23-2 | dehydrocholic acid | files=1 | ChemBlink/Alfa-Aesar
[OK] 78590-17-7 | Dehydroisoandrosterone sulfate | files=1 | CAS-Search (www.dcchemicals.com)
[OK] 319-86-8 | delta-BHC | files=1 | ChemBlink/Sigma-Aldrich
[OK] 52918-63-5 | Deltamethrin | files=1 | ChemBlink/Sigma-Aldrich
[OK] 8065-62-1 | Demephion | files=1 | Name-Search (www.biosynth.com)
[OK] 8065-48-3 | Demeton | files=1 | ChemBlink/Sigma-Aldrich
[OK] 298-03-3 | Demeton-O | files=1 | CAS-Search (cdn.chemservice.com)
[OK] 867-27-6 | Demeton-O-methyl | files=1 | CAS-Search (cdn.chemservice.com)
[OK] 126-75-0 | Demeton-S | files=1 | ChemBlink/Sigma-Aldrich
[OK] 919-86-8 | Demeton-S-methyl | files=1 | ChemBlink/Accu-Standard
[OK] 17040-19-6 | Demeton-S-methyl sulfone | files=1 | ChemBlink/Sigma-Aldrich
[OK] 83-44-3 | Deoxycholic acid | files=1 | ChemBlink/Alfa-Aesar
[OK] 302-95-4 | Deoxycholic acid sodium salt | files=1 | ChemBlink/Alfa-Aesar
[OK] 56-47-3 | deoxycorticosterone | files=1 | ChemBlink/Sigma-Aldrich
[OK] 51481-10-8 | Deoxynivalenol | files=1 | ChemBlink/Sigma-Aldrich
[OK] 9003-98-9 | Deoxyribonuclease I | files=1 | ChemBlink/Alfa-Aesar
[OK] 9007-49-2 | Deoxyribonucleic acid sodium salt, from salmon testes | files=1 | ChemBlink/Alfa-Aesar
[OK] 13684-56-5 | Desmedipham | files=1 | ChemBlink/Sigma-Aldrich
[OK] 1014-69-3 | Desmetryne | files=1 | ChemBlink/Accu-Standard
[OK] 7291-22-7 | Deuterated Pyridine | files=1 | ChemBlink/Alfa-Aesar
[OK] 7782-39-0 | Deuterium | files=1 | ChemBlink/Alfa-Aesar
[OK] 7789-20-0 | Deuterium oxide | files=1 | ChemBlink/Alfa-Aesar
[OK] 8049-11-4 | Devarda's alloy | files=1 | ChemBlink/Alfa-Aesar
[OK] 50-02-2 | dexamethasone-water soluble | files=1 | ChemBlink/Alfa-Aesar
[OK] 9004-54-0 | Dextran | files=1 | ChemBlink/Alfa-Aesar
[OK] 9011-18-1 | Dextran sulfate sodium salt | files=1 | ChemBlink/Alfa-Aesar
[OK] 9004-53-9 | Dextrin white | files=1 | ChemBlink/Alfa-Aesar
[OK] 27236-65-3 | di (Phenylmercury) dodecenyl-3-succinate | files=1 | CAS-Search (spolymers.com)
[OK] 21368-68-3 | dI-CAMPHOR | files=1 | ChemBlink/Carl-Roth
[OK] 15321-51-4 | di-Iron nonacarbonyl | files=1 | ChemBlink/Sigma-Aldrich
[OK] 693-65-2 | Di-n-pentyl ether | files=1 | ChemBlink/Sigma-Aldrich
[OK] 131-18-0 | Di-N-pentyl phthalate | files=1 | ChemBlink/Alfa-Aesar
[OK] 7758-11-4 | di-Potassium hydrogen phosphate anhydrous | files=1 | ChemBlink/Alfa-Aesar
[OK] 626-23-3 | di-sec-Butylamine | files=1 | ChemBlink/Alfa-Aesar
[OK] 3279-54-7 | Di-sodium phenyl phosphate dihydrate | files=1 | ChemBlink/LOBA
[OK] 1625-91-8 | di-tert-butyl biphenyl, 4-,4'- | files=1 | ChemBlink/Alfa-Aesar
[OK] 24424-99-5 | di-tert-Butyl dicarbonate | files=1 | ChemBlink/Alfa-Aesar
[OK] 870-50-8 | Di-tert-butylazodicarboxylate purum | files=1 | ChemBlink/Alfa-Aesar
[OK] 96-76-4 | di-tert-butylphenol, 2,4- | files=1 | ChemBlink/Alfa-Aesar
[OK] 107-64-2 | Di(hardened tallow)dimethylammonium chloride | files=1 | ChemBlink/Alfa-Aesar
[OK] 25395-31-7 | Diacetin | files=1 | ChemBlink/Alfa-Aesar
[OK] 1067-33-0 | Diacetoxydibutylstannane | files=1 | ChemBlink/Alfa-Aesar
[OK] 111-55-7 | diacetoxyethane, 1,2- | files=1 | ChemBlink/Alfa-Aesar
[OK] 57-71-6 | diacetylmonoxime | files=1 | ChemBlink/Alfa-Aesar
[OK] 80060-09-9 | Diafenthiuron | files=1 | ChemBlink/Sigma-Aldrich
[OK] 131-17-9 | Diallyl phthalate | files=1 | ChemBlink/Alfa-Aesar
[OK] 592-88-1 | Diallyl sulfide | files=1 | ChemBlink/Alfa-Aesar
[OK] 124-02-7 | Diallylamine | files=1 | ChemBlink/Alfa-Aesar
[OK] 156-83-2 | diaminochloropyrimidine. 2,6-, -4- | files=1 | ChemBlink/Alfa-Aesar
[OK] 20439-47-8 | diaminocyclohexane, (1R,2R)(-)-1,2- | files=1 | ChemBlink/Alfa-Aesar
[OK] 616-29-5 | diaminohydroxypropane, 1,3-, -2- | files=1 | ChemBlink/Alfa-Aesar
[OK] 1187-42-4 | Diaminomaleonitrile | files=1 | ChemBlink/Alfa-Aesar
[OK] 56-06-4 | diaminopyrimidinone, 2,6-, -4- | files=1 | ChemBlink/Alfa-Aesar
[OK] 25376-45-8 | Diaminotoluene (mixed isomers) | files=1 | CAS-Search (www.chemicalbook.com)
[OK] 9001-18-7 | diaphorase | files=1 | ChemBlink/Alfa-Aesar
[OK] 333-41-5 | Diazinon | files=1 | ChemBlink/Sigma-Aldrich
[OK] 334-88-3 | Diazomethane | files=1 | CAS-Search (www.mhlw.go.jp)
[OK] 53-70-3 | Dibenz [a,h] anthracene | files=1 | ChemBlink/Sigma-Aldrich
[NOTFOUND] 72453-58-8 | Dibenz(f,ij)isoquinoline-2,7-dione, 1-benzoyl-4-(4-(1,1-dimethylpropyl)phenoxy)-6-(phenylamino)-
[OK] 14174-09-5 | dibenz0-24-crown-8 | files=1 | ChemBlink/Sigma-Aldrich
[OK] 14187-32-7 | dibenzo-18-crown-6 | files=1 | ChemBlink/Alfa-Aesar
[OK] 132-64-9 | Dibenzofuran | files=1 | ChemBlink/Alfa-Aesar
[OK] 132-65-0 | Dibenzothiophene | files=1 | ChemBlink/Alfa-Aesar
[OK] 2743-38-6 | dibenzoyl-L-tartaric acid, (-)-2,3- | files=1 | ChemBlink/Alfa-Aesar
[OK] 120-46-7 | dibenzoylmethane | files=1 | ChemBlink/Alfa-Aesar
[OK] 103-50-4 | Dibenzyl ether | files=1 | ChemBlink/Alfa-Aesar
[OK] 15014-25-2 | dibenzyl malonate | files=1 | ChemBlink/Sigma-Aldrich
[NOTFOUND] 2144-45-8 | Dibenzyl peroxydicarbonate
[OK] 103-49-1 | Dibenzylamine | files=1 | ChemBlink/Alfa-Aesar
[OK] 3252-43-5 | Dibromoacetonitrile | files=1 | ChemBlink/Oakwood
[OK] 615-58-7 | dibromophenol, 2,4- | files=1 | ChemBlink/Alfa-Aesar
[OK] 84-74-2 | Dibutyl phthalate | files=1 | ChemBlink/Alfa-Aesar
[OK] 109-43-3 | dibutyl sebacate | files=1 | ChemBlink/Alfa-Aesar
[OK] 544-40-1 | Dibutyl sulfide | files=1 | ChemBlink/Alfa-Aesar
[OK] 111-92-2 | Dibutylamine | files=1 | ChemBlink/Alfa-Aesar
[OK] 77-58-7 | Dibutylbis (lauroyloxy) stannane | files=1 | ChemBlink/Alfa-Aesar
[OK] 683-18-1 | Dibutyldichlorostannane | files=1 | ChemBlink/Alfa-Aesar
[OK] 818-08-6 | Dibutyltin oxide | files=1 | ChemBlink/Alfa-Aesar
[OK] 1918-00-9 | Dicamba | files=1 | ChemBlink/Sigma-Aldrich
[OK] 1194-65-6 | Dichlobenil | files=1 | ChemBlink/Alfa-Aesar
[OK] 97-17-6 | Dichlofenthion | files=1 | ChemBlink/Sigma-Aldrich
[OK] 1085-98-9 | Dichlofluanid | files=1 | ChemBlink/Sigma-Aldrich
[OK] 117-80-6 | Dichlone | files=1 | ChemBlink/Alfa-Aesar
[OK] 79-43-6 | Dichloroacetic acid | files=1 | ChemBlink/Alfa-Aesar
[OK] 4124-30-5 | Dichloroacetic anhydride | files=1 | ChemBlink/Apollo
[OK] 3018-12-0 | Dichloroacetonitrile | files=1 | ChemBlink/Alfa-Aesar
[OK] 79-36-7 | Dichloroacetyl chloride | files=1 | ChemBlink/Alfa-Aesar
[OK] 874-42-0 | dichlorobenzaldehyde, 2,4- | files=1 | ChemBlink/Alfa-Aesar
[OK] 83-38-5 | dichlorobenzaldehyde, 2,6- | files=1 | ChemBlink/Alfa-Aesar
[OK] 5858-17-3 | dichlorobenzenethiol, 3,4- | files=1 | ChemBlink/Alfa-Aesar
[OK] 1719-53-5 | Dichlorodiethylsilane | files=1 | ChemBlink/Alfa-Aesar
[OK] 75-71-8 | Dichlorodifluoromethane | files=1 | ChemBlink/Syn-Quest
[OK] 75-78-5 | Dichlorodimethylsilane | files=1 | ChemBlink/Alfa-Aesar
[OK] 753-73-1 | Dichlorodimethylstannane | files=1 | ChemBlink/Alfa-Aesar
[OK] 2051-90-3 | Dichlorodiphenylmethane | files=1 | ChemBlink/Alfa-Aesar
[OK] 80-10-4 | Dichlorodiphenylsilane | files=1 | ChemBlink/Alfa-Aesar
[NOTFOUND] 598-14-1 | DICHLOROETHLARSIN
[OK] 2893-78-9 | Dichloroisocyanuric acid, sodium salt | files=1 | ChemBlink/Alfa-Aesar
[OK] 75-43-4 | Dichloromonofluoromethane | files=1 | ChemBlink/Alfa-Aesar
[OK] 87-65-0 | dichlorophenol, 2,6- | files=1 | ChemBlink/Alfa-Aesar
[OK] 120-36-5 | Dichloroprop | files=1 | ChemBlink/Alfa-Aesar
[OK] 62-73-7 | Dichlorvos | files=1 | ChemBlink/Sigma-Aldrich
[OK] 75736-33-3 | diclobutrazol | files=1 | ChemBlink/Sigma-Aldrich
[OK] 15307-79-6 | Diclofenac Sodium | files=1 | ChemBlink/Alfa-Aesar
[OK] 40843-25-2 | Diclofop | files=1 | ChemBlink/Sigma-Aldrich
[OK] 51338-27-3 | Diclofop-Me | files=1 | ChemBlink/Sigma-Aldrich
[NOTFOUND] 71283-65-3 | Diclofop-methyl [(R)-isomer]
[NOTFOUND] 75021-72-6 | Diclofop-methyl [(S)-isomer]
[OK] 10210-68-1 | Dicobaltoctacarbonyl | files=1 | ChemBlink/Alfa-Aesar
[OK] 115-32-2 | Dicofol | files=1 | ChemBlink/Sigma-Aldrich
[OK] 66-76-2 | Dicoumarin | files=1 | ChemBlink/Sigma-Aldrich
[OK] 141-66-2 | Dicrotophos | files=1 | ChemBlink/Sigma-Aldrich
[OK] 80-43-3 | Dicumyl peroxide | files=1 | ChemBlink/Alfa-Aesar
[OK] 461-58-5 | Dicyanodiamide | files=1 | ChemBlink/Alfa-Aesar
[OK] 16069-36-6 | Dicyclohexyl-18-crown-6 | files=1 | ChemBlink/Alfa-Aesar
[OK] 101-83-7 | Dicyclohexylamine | files=1 | ChemBlink/Alfa-Aesar
[OK] 77-73-6 | Dicyclopentadiene | files=1 | ChemBlink/Alfa-Aesar
[OK] 7173-51-5 | Didecyl-dimethylammonium chloride | files=1 | ChemBlink/Sigma-Aldrich
[OK] 3282-73-3 | didodecyldimethylammonium bromide | files=1 | ChemBlink/Alfa-Aesar
[OK] 60-57-1 | Dieldrin | files=1 | ChemBlink/Accu-Standard
[OK] 1464-53-5 | Diepoxybutane | files=1 | ChemBlink/Alfa-Aesar
[OK] 68334-30-5 | Diesel fuel | files=1 | ChemBlink/Accu-Standard
[OK] 68476-30-2 | DIESEL FUEL MARINE | files=1 | CAS-Search (www.hess.com)
[OK] 111-42-2 | Diethanolamine | files=1 | ChemBlink/Alfa-Aesar
[OK] 78-62-6 | Diethoxydimethylsilane | files=1 | ChemBlink/Alfa-Aesar
[OK] 13433-00-6 | diethyl aminomalonate.HCl | files=1 | ChemBlink/Alfa-Aesar
[OK] 607-81-8 | diethyl benzylmalonate | files=1 | ChemBlink/Alfa-Aesar
[OK] 685-87-0 | Diethyl bromomalonate | files=1 | ChemBlink/Alfa-Aesar
[OK] 133-08-4 | diethyl butylmalonate | files=1 | ChemBlink/Alfa-Aesar
[OK] 88-10-8 | Diethyl carbamyl chloride | files=1 | ChemBlink/Alfa-Aesar
[OK] 105-58-8 | Diethyl carbonate | files=1 | ChemBlink/Alfa-Aesar
[OK] 814-49-3 | Diethyl chlorophosphonate | files=1 | ChemBlink/Alfa-Aesar
[OK] 2942-58-7 | Diethyl cyanophosphonate | files=1 | ChemBlink/Alfa-Aesar
[OK] 13811-71-7 | Diethyl D-tartrate | files=1 | ChemBlink/Alfa-Aesar
[OK] 1609-47-8 | Diethyl dicarbonate | files=1 | ChemBlink/Alfa-Aesar
[OK] 623-91-6 | Diethyl fumarate | files=1 | ChemBlink/Alfa-Aesar
[OK] 6802-75-1 | diethyl isopropylmalonate | files=1 | ChemBlink/Alfa-Aesar
[OK] 96-22-0 | Diethyl ketone | files=1 | ChemBlink/Alfa-Aesar
[OK] 141-05-9 | Diethyl maleate | files=1 | ChemBlink/Alfa-Aesar
[OK] 105-53-3 | diethyl malonate | files=1 | ChemBlink/Alfa-Aesar
[NOTFOUND] 627-44-1 | Diethyl mercury
[OK] 609-08-5 | diethyl methylmalonate | files=1 | ChemBlink/Alfa-Aesar
[OK] 95-92-1 | Diethyl oxalate | files=1 | ChemBlink/Alfa-Aesar
[NOTFOUND] 14666-78-5 | Diethyl peroxydicarbonate
[OK] 83-13-6 | diethyl phenylmalonate | files=1 | ChemBlink/Alfa-Aesar
[OK] 762-04-9 | Diethyl phosphite | files=1 | ChemBlink/Alfa-Aesar
[OK] 84-66-2 | Diethyl phthalate | files=1 | ChemBlink/Alfa-Aesar
[OK] 2163-48-6 | diethyl propylmalonate | files=1 | ChemBlink/Alfa-Aesar
[OK] 123-25-1 | diethyl succinate | files=1 | ChemBlink/Alfa-Aesar
[OK] 64-67-5 | Diethyl sulfate | files=1 | ChemBlink/Alfa-Aesar
[OK] 352-93-2 | Diethyl sulfide | files=1 | ChemBlink/Alfa-Aesar
[OK] 623-81-4 | Diethyl sulfite | files=1 | ChemBlink/Alfa-Aesar
[OK] 759-24-0 | diethyl tert-butylmalonate | files=1 | ChemBlink/Sigma-Aldrich
[OK] 762-21-0 | Diethylacetylene dicarboxylate | files=1 | ChemBlink/Alfa-Aesar
[OK] 109-89-7 | Diethylamine | files=1 | ChemBlink/Alfa-Aesar
[OK] 660-68-4 | diethylamine hydochloride | files=1 | ChemBlink/Alfa-Aesar
[OK] 104-78-9 | Diethylaminopropylamine | files=1 | ChemBlink/Alfa-Aesar
[OK] 38078-09-0 | Diethylaminosulfur trifluoride | files=1 | ChemBlink/Alfa-Aesar
[OK] 996-50-9 | Diethylaminotrimethylsilane | files=1 | ChemBlink/Alfa-Aesar
[OK] 111-46-6 | Diethylene glycol | files=1 | ChemBlink/Alfa-Aesar
[OK] 4074-88-8 | Diethylene glycol acrylate | files=1 | ChemBlink/Alfa-Aesar
[OK] 112-73-2 | Diethylene glycol dibutyl ether | files=1 | ChemBlink/Alfa-Aesar
[OK] 112-36-7 | Diethylene glycol diethyl ether | files=1 | ChemBlink/Alfa-Aesar
[OK] 111-96-6 | Diethylene glycol dimethyl ether | files=1 | ChemBlink/Alfa-Aesar
[OK] 112-34-5 | Diethylene glycol monobutyl ether | files=1 | ChemBlink/Alfa-Aesar
[OK] 111-77-3 | Diethylene glycol monomethyl ether | files=1 | ChemBlink/Alfa-Aesar
[OK] 110-85-0 | Diethylenediamine | files=1 | ChemBlink/Alfa-Aesar
[OK] 111-40-0 | Diethylenetriamine | files=1 | ChemBlink/Alfa-Aesar
[OK] 67-43-6 | Diethylenetriaminepentaacetic acid | files=1 | ChemBlink/Alfa-Aesar
[OK] 87-13-8 | diethylethoxymethylene malonate | files=1 | ChemBlink/Alfa-Aesar
[OK] 56-53-1 | Diethylstilbestrol | files=1 | ChemBlink/Sigma-Aldrich
[OK] 557-20-0 | Diethylzinc | files=1 | ChemBlink/Alfa-Aesar
[OK] 56073-07-5 | Difenacoum | files=1 | ChemBlink/Sigma-Aldrich
[OK] 119446-68-3 | Difenoconazole | files=1 | ChemBlink/Sigma-Aldrich
[OK] 43222-48-6 | Difenzoquat methyl-sulfate salt | files=1 | ChemBlink/Sigma-Aldrich
[OK] 83164-33-4 | Diflufenican | files=1 | ChemBlink/Sigma-Aldrich
[OK] 381-73-7 | Difluoroacetic acid | files=1 | ChemBlink/Alfa-Aesar
[OK] 85118-01-0 | difluorobenzyl bromide, 3,4- | files=1 | ChemBlink/Alfa-Aesar
[OK] 75-10-5 | Difluoromethane | files=1 | ChemBlink/Alfa-Aesar
[OK] 28177-48-2 | difluorophenol, 2,6- | files=1 | ChemBlink/Alfa-Aesar
[OK] 168267-41-2 | difluorophenylboronic acid, 3,4- | files=1 | ChemBlink/Alfa-Aesar
[OK] 11024-24-1 | Digitonin | files=1 | ChemBlink/Alfa-Aesar
[OK] 71-63-6 | Digitoxin | files=1 | ChemBlink/Alfa-Aesar
[OK] 627-82-7 | diglycerol | files=1 | ChemBlink/Sigma-Aldrich
[OK] 101-90-6 | Diglycidyl resorcinol ether | files=1 | ChemBlink/Alfa-Aesar
[OK] 110-99-6 | Diglycolic acid | files=1 | ChemBlink/Alfa-Aesar
[OK] 2197-63-9 | Dihexadecyl phosphate | files=1 | ChemBlink/Sigma-Aldrich
[OK] 112-58-3 | Dihexyl ether | files=1 | ChemBlink/Sigma-Aldrich
[OK] 3006-15-3 | Dihexyl sodium sulfosuccinate | files=1 | CAS-Search (www.chemos.de)
[OK] 143-16-8 | Dihexylamine | files=1 | ChemBlink/Alfa-Aesar
[OK] 96-26-4 | Dihydroxyacetone | files=1 | ChemBlink/Oakwood
[OK] 1806-29-7 | dihydroxybiphenyl, 2,2'- | files=1 | ChemBlink/Alfa-Aesar
[OK] 12029-98-0 | Diiodine pentoxide | files=1 | ChemBlink/Alfa-Aesar
[OK] 75-11-6 | diiodomethane | files=1 | ChemBlink/Alfa-Aesar
[OK] 544-01-4 | Diisoamyl ether | files=1 | ChemBlink/Alfa-Aesar
[OK] 1191-15-7 | Diisobutylaluminiumhydride | files=1 | ChemBlink/Alfa-Aesar
[OK] 3437-84-1 | Diisobutyryl peroxide | files=1 | Name-Search (www.chemicalbook.com)
[OK] 68515-48-0 | Diisononyl phthalate | files=1 | ChemBlink/Accu-Standard
[OK] 110-97-4 | Diisopropanolamine | files=1 | ChemBlink/Alfa-Aesar
[OK] 2446-83-5 | diisopropyl azodicarboxylate | files=1 | ChemBlink/Alfa-Aesar
[OK] 62961-64-2 | diisopropyl D-tartrate, (-) | files=1 | ChemBlink/Alfa-Aesar
[OK] 108-20-3 | Diisopropyl ether | files=1 | ChemBlink/Alfa-Aesar
[OK] 55-91-4 | Diisopropyl fluorophosphate | files=1 | ChemBlink/Sigma-Aldrich
[OK] 13195-64-7 | diisopropyl malonate | files=1 | ChemBlink/Sigma-Aldrich
[OK] 115-26-4 | Dimefox | files=1 | ChemBlink/Sigma-Aldrich
[OK] 34205-21-5 | Dimefuron | files=1 | ChemBlink/Sigma-Aldrich
[OK] 61432-55-1 | Dimepiperate | files=1 | ChemBlink/Sigma-Aldrich
[OK] 108-16-7 | Dimepranol | files=1 | ChemBlink/Alfa-Aesar
[OK] 50563-36-5 | dimethachlor | files=1 | ChemBlink/Sigma-Aldrich
[OK] 22936-75-0 | Dimethametryn | files=1 | ChemBlink/Sigma-Aldrich
[OK] 81777-89-1 | Dimethazone | files=1 | ChemBlink/Sigma-Aldrich
[OK] 87674-68-8 | Dimethenamid | files=1 | ChemBlink/Sigma-Aldrich
[OK] 9006-65-9 | Dimethicone (NF) emulsion | files=1 | ChemBlink/Sigma-Aldrich
[OK] 55290-64-7 | Dimethipin | files=1 | ChemBlink/Accu-Standard
[OK] 60-51-5 | Dimethoate | files=1 | ChemBlink/Sigma-Aldrich
[OK] 110488-70-5 | Dimethomorph | files=1 | ChemBlink/Sigma-Aldrich
[OK] 613-45-6 | dimethoxybenzaldehyde, 2,4- | files=1 | ChemBlink/Alfa-Aesar
[OK] 151-10-0 | dimethoxybenzene, 1,4- | files=1 | ChemBlink/Alfa-Aesar
[OK] 487-06-9 | dimethoxycoumarin | files=1 | ChemBlink/Alfa-Aesar
[OK] 40615-36-9 | dimethoxytrityl chloride, 4, 4' | files=1 | ChemBlink/Alfa-Aesar
[OK] 300-76-5 | Dimethyl 1,2-dibromo-2,2-dichloroethyl phosphate | files=1 | ChemBlink/Sigma-Aldrich
[OK] 1861-32-1 | Dimethyl 2,3,5,6-tetrachloroterephthalate | files=1 | ChemBlink/Alfa-Aesar
[OK] 99-27-4 | Dimethyl 5-aminoisophthalate | files=1 | ChemBlink/Alfa-Aesar
[OK] 5826-73-3 | Dimethyl 5-norbornene-2,3-dicarboxylate | files=1 | ChemBlink/Matrix
[OK] 534-15-6 | Dimethyl acetal | files=1 | ChemBlink/Alfa-Aesar
[OK] 762-42-5 | Dimethyl acetylenedicarboxylate | files=1 | ChemBlink/Alfa-Aesar
[OK] 4137-10-4 | Dimethyl ammonium dimethylcarbamate | files=1 | ChemBlink/Sigma-Aldrich
[OK] 616-38-6 | Dimethyl carbonate | files=1 | ChemBlink/Alfa-Aesar
[OK] 4525-33-1 | Dimethyl dicarbonate | files=1 | ChemBlink/Sigma-Aldrich
[OK] 624-92-0 | Dimethyl disulfide | files=1 | ChemBlink/Alfa-Aesar
[OK] 26717-67-9 | dimethyl ethylmalonate | files=1 | ChemBlink/Sigma-Aldrich
[OK] 6163-75-3 | Dimethyl ethylphosphonate | files=1 | ChemBlink/Sigma-Aldrich
[OK] 68-12-2 | Dimethyl formamide | files=1 | ChemBlink/Alfa-Aesar
[OK] 624-48-6 | Dimethyl maleate | files=1 | ChemBlink/Alfa-Aesar
[OK] 108-59-8 | dimethyl malonate | files=1 | ChemBlink/Alfa-Aesar
[OK] 593-74-8 | Dimethyl mercury | files=1 | CAS-Search (pim-resources.coleparmer.com)
[OK] 10191-60-3 | Dimethyl N-cyanodithioiminocarbonate | files=1 | ChemBlink/Alfa-Aesar
[OK] 2524-03-0 | Dimethyl phosphorochloridothioate | files=1 | ChemBlink/Acros-Organics
[OK] 131-11-3 | Dimethyl phthalate | files=1 | ChemBlink/Alfa-Aesar
[OK] 77-78-1 | Dimethyl sulfate | files=1 | ChemBlink/Alfa-Aesar
[OK] 75-18-3 | Dimethyl sulfide | files=1 | ChemBlink/Alfa-Aesar
[OK] 616-42-2 | Dimethyl sulfite | files=1 | ChemBlink/Sigma-Aldrich
[OK] 67-68-5 | Dimethyl sulfoxide | files=1 | ChemBlink/Alfa-Aesar
[OK] 120-61-6 | Dimethyl terephthalate | files=1 | ChemBlink/Alfa-Aesar
[OK] 870-63-3 | dimethylallyl bromide, 3,3- | files=1 | ChemBlink/Alfa-Aesar
[OK] 1186-30-7 | Dimethylallyl pyrophosphate triammonium salt | files=1 | ChemBlink/Cayman
[OK] 1184-58-3 | Dimethylaluminium chloride | files=1 | ChemBlink/Sigma-Aldrich
[OK] 124-40-3 | Dimethylamine | files=1 | ChemBlink/Alfa-Aesar
[OK] 2300-66-5 | Dimethylamine dicamba | files=1 | Name-Search (assets.greenbook.net)
[OK] 2083-91-2 | Dimethylaminotrimethylsilane | files=1 | ChemBlink/Alfa-Aesar
[OK] 1123-56-4 | dimethylbenzaldehyde, 2,6- | files=1 | ChemBlink/Alfa-Aesar
[OK] 79-44-7 | Dimethylcarbamoyl chloride | files=1 | ChemBlink/Alfa-Aesar
[OK] 2033-24-1 | dimethyldioxanedione, 2,2-, -1,3-, -4,6- | files=1 | ChemBlink/Alfa-Aesar
[OK] 598-56-1 | Dimethylethylamine | files=1 | ChemBlink/Alfa-Aesar
[OK] 95-45-4 | dimethylglyoxime | files=1 | ChemBlink/Alfa-Aesar
[OK] 75006-64-3 | dimethylglyoxime, disodium salt, octahydrate | files=1 | ChemBlink/GFS
[OK] 4767-03-7 | Dimethylol propionic acid | files=1 | ChemBlink/Alfa-Aesar
[OK] 766-77-8 | Dimethylphenylsilane | files=1 | ChemBlink/Alfa-Aesar
[OK] 2206-27-1 | dimethylsulfoxide-d6 | files=1 | ChemBlink/Alfa-Aesar
[OK] 93379-48-7 | dimethyltetraphenyldioxolanedimethanol, (4R,5R)-2,2-, -a,a,a',a'-, -4,5- | files=1 | ChemBlink/Sigma-Aldrich
[OK] 544-97-8 | dimethylzinc | files=1 | ChemBlink/Alfa-Aesar
[OK] 644-64-4 | Dimetilan | files=1 | ChemBlink/Sigma-Aldrich
[NOTFOUND] 1468-37-7 | Dimexan
[NOTFOUND] 83657-19-6 | Diniconazole [(E)-(S)-(+)-isomer]
[NOTFOUND] 83657-18-5 | Diniconazole-m [(E)-(R)-(-)-isomer]
[OK] 148-01-6 | Dinitolmide | files=1 | ChemBlink/Sigma-Aldrich
[OK] 534-52-1 | Dinitro-o-cresol | files=1 | ChemBlink/Alfa-Aesar
[OK] 119-26-6 | dinitrophenylhydrazine, 2,4- | files=1 | ChemBlink/Alfa-Aesar
[OK] 973-21-7 | Dinobuton | files=1 | ChemBlink/Sigma-Aldrich
[OK] 39300-45-3 | Dinocap | files=1 | ChemBlink/Sigma-Aldrich
[NOTFOUND] 8069-76-9 | dinocton-6
[OK] 165252-70-0 | Dinotefuran | files=1 | ChemBlink/Alfa-Aesar
[OK] 1420-07-1 | Dinoterb | files=1 | ChemBlink/Sigma-Aldrich
[OK] 117-81-7 | Dioctyl phthalate | files=1 | ChemBlink/Alfa-Aesar
[OK] 2465-32-9 | diolein | files=1 | ChemBlink/Sigma-Aldrich
[OK] 520-27-4 | Diosmin | files=1 | ChemBlink/Alfa-Aesar
[OK] 3811-49-2 | Dioxabenzofos | files=1 | ChemBlink/Sigma-Aldrich
[OK] 126-58-9 | Dipentaerythritol | files=1 | ChemBlink/Sigma-Aldrich
[OK] 94-37-1 | Dipentamethylenethiuram disulfide | files=1 | ChemBlink/Alfa-Aesar
[OK] 2050-92-2 | Dipentylamine, mixture of isomers | files=1 | ChemBlink/Sigma-Aldrich
[OK] 957-51-7 | Diphenamid | files=1 | ChemBlink/Sigma-Aldrich
[OK] 102-09-0 | Diphenyl carbonate | files=1 | ChemBlink/Alfa-Aesar
[OK] 1666-13-3 | Diphenyl diselenide | files=1 | ChemBlink/Alfa-Aesar
[OK] 882-33-7 | diphenyl disulfide | files=1 | ChemBlink/Alfa-Aesar
[OK] 101-84-8 | Diphenyl ether | files=1 | ChemBlink/Alfa-Aesar
[OK] 2524-64-3 | Diphenyl phosphorochloridate | files=1 | ChemBlink/Alfa-Aesar
[OK] 74-31-7 | Diphenyl-p-phenylenediamine | files=1 | ChemBlink/Alfa-Aesar
[OK] 947-91-1 | diphenylacetaldehyde | files=1 | ChemBlink/Apollo
[OK] 86-29-3 | diphenylacetonitrile | files=1 | ChemBlink/Alfa-Aesar
[OK] 122-39-4 | Diphenylamine | files=1 | ChemBlink/Alfa-Aesar
[OK] 1499-10-1 | diphenylanthracene, 9,10- | files=1 | ChemBlink/Alfa-Aesar
[OK] 712-48-1 | Diphenylchloroarsine | files=1 | Name-Search (nj.gov)
[OK] 29841-69-8 | diphenylethylenediamine, (1S,2S)-(-)-1,2- | files=1 | ChemBlink/Alfa-Aesar
[OK] 23873-81-6 | diphenylglyoxime | files=1 | ChemBlink/Alfa-Aesar
[OK] 102-06-7 | diphenylguanidine | files=1 | ChemBlink/Alfa-Aesar
[OK] 1483-72-3 | Diphenyliodonium chloride | files=1 | ChemBlink/Alfa-Aesar
[OK] 66003-76-7 | Diphenyliodonium Trifluoromethanesulfonate | files=1 | ChemBlink/Alfa-Aesar
[OK] 101-81-5 | Diphenylmethane | files=1 | ChemBlink/Alfa-Aesar
[OK] 2536-05-2 | Diphenylmethane-2,2'-diisocyanate | files=1 | CAS-Search (www.angenechemical.com)
[OK] 5873-54-1 | Diphenylmethane-2,4'-diisocyanate | files=1 | CAS-Search (pim-resources.coleparmer.com)
[OK] 81477-94-3 | diphenylmethyleneglycine tert-butyl ester, N- | files=1 | ChemBlink/Alfa-Aesar
[OK] 1499-21-4 | Diphenylphosphinic chloride | files=1 | ChemBlink/Alfa-Aesar
[OK] 50777-76-9 | diphenylphosphinobenzaldehyde, 2- | files=1 | ChemBlink/Alfa-Aesar
[OK] 94-41-7 | diphynylpropenone, 1,3-, 2- | files=1 | ChemBlink/Carl-Roth
[OK] 111-43-3 | Dipropyl ether | files=1 | ChemBlink/Alfa-Aesar
[OK] 123-19-3 | Dipropyl ketone | files=1 | ChemBlink/Alfa-Aesar
[OK] 111-47-7 | Dipropyl sulfide | files=1 | ChemBlink/Alfa-Aesar
[OK] 142-84-7 | Dipropylamine | files=1 | ChemBlink/Alfa-Aesar
[OK] 1929-77-7 | dipropylcarbamothioic acid S-propyl ester | files=1 | ChemBlink/Sigma-Aldrich
[OK] 34590-94-8 | Dipropylene glycol monomethyl ether | files=1 | ChemBlink/Sigma-Aldrich
[OK] 146724-95-0 | Dipropylenetriamine NONOate | files=1 | ChemBlink/Cayman
[OK] 759-94-4 | Dipropylthiocarbamic acid-S-ethyl ester | files=1 | ChemBlink/Sigma-Aldrich
[NOTFOUND] 4032-26-2 | Diquat dichloride
[OK] 1937-37-7 | Direct Black 38 | files=1 | ChemBlink/Alfa-Aesar
[OK] 2602-46-2 | Direct Blue 6 | files=1 | ChemBlink/Sigma-Aldrich
[OK] 2610-10-8 | Direct red 80 | files=1 | ChemBlink/Alfa-Aesar
[OK] 2610-11-9 | Direct Red 81 | files=1 | ChemBlink/Sigma-Aldrich
[OK] 7558-79-4 | Disodium hydrogen phosphate | files=1 | ChemBlink/Alfa-Aesar
[OK] 7782-85-6 | Disodium hydrogen phosphate heptahydrate | files=1 | ChemBlink/Alfa-Aesar
[NOTFOUND] 129-67-9 | DISODIUM-3,6-ENDOXOHEXAHYDROPHTHALATE
[OK] 2832-40-8 | Disperse Yellow 3 | files=1 | ChemBlink/Sigma-Aldrich
[OK] 84650-02-2 | Distillates (coal tar), benzole fraction | files=1 | Name-Search (www.chemicalbook.com)
[OK] 101896-26-8 | Distillates (coal tar), benzole fraction, BTX-rich | files=1 | Name-Search (www.chemicalbook.com)
[OK] 121620-46-0 | Distillates (coal tar), benzole fraction, distn. residues | files=1 | Name-Search (www.chemicalbook.com)
[OK] 90640-86-1 | Distillates (coal tar), heavy oils | files=1 | CAS-Search (agreva.com)
[NOTFOUND] 90640-87-2 | Distillates (coal tar), light oils, acid exts.
[OK] 90640-88-3 | Distillates (coal tar), light oils, alk. exts. | files=1 | Name-Search (www.chemicalbook.com)
[NOTFOUND] 101794-90-5 | Distillates (coal tar), light oils, neutral fraction
[OK] 91995-49-2 | Distillates (coal tar), naphthalene oil crystn. mother liquor | files=1 | Name-Search (www.chemicalbook.com)
[NOTFOUND] 91995-48-1 | Distillates (coal tar), naphthalene oils, acid exts.
[NOTFOUND] 90640-89-4 | Distillates (coal tar), naphthalene oils, alk. exts.
[NOTFOUND] 101794-91-6 | Distillates (coal tar), naphthalene oils, indole-methylnaphthalenefraction
[NOTFOUND] 101896-27-9 | Distillates (coal tar), naphthalene oils, methylnaphthalene fraction
[NOTFOUND] 90640-90-7 | Distillates (coal tar), naphthalene oils, naphthalene-free, alk. exts.
[OK] 84989-09-3 | Distillates (coal tar), naphthalene oils, naphthalene-low | files=1 | Name-Search (www.chemicalbook.com)
[OK] 101316-49-8 | Distillates (coal tar), pitch | files=1 | Name-Search (www.chemicalbook.com)
[NOTFOUND] 84989-10-6 | Distillates (coal tar), upper, fluorene-free
[NOTFOUND] 91995-35-6 | Distillates (coal), coal tar-residual pyrolysis oils, naphthalene oils
[OK] 85029-51-2 | Distillates (coal), coke-oven light oil, naphthalene cut | files=1 | Name-Search (www.chemicalbook.com)
[NOTFOUND] 94114-52-0 | Distillates (coal), liq. solvent extn. primary
[OK] 94114-53-1 | Distillates (coal), solvent extn. hydrocracked | files=1 | Name-Search (www.chemicalbook.com)
[OK] 94114-56-4 | Distillates (coal), solvent extn. hydrocracked middle | files=1 | Name-Search (www.chemicalbook.com)
[NOTFOUND] 101316-56-7 | Distillates (petroleum), C7-9, C8-rich, hydrodesulfurized dearomatized
[NOTFOUND] 100683-97-4 | Distillates (petroleum), carbon-treated light paraffinic
[NOTFOUND] 101631-13-4 | Distillates (petroleum), catalytic cracked heavy tar light
[NOTFOUND] 90640-92-9 | Distillates (petroleum), complex dewaxed light paraffinic
[NOTFOUND] 91995-41-4 | Distillates (petroleum), heat-soaked steam-cracked naphtha, C5-rich
[NOTFOUND] 101631-14-5 | Distillates (petroleum), heavy steam-cracked
[NOTFOUND] 90640-93-0 | Distillates (petroleum), highly refined middle
[NOTFOUND] 97488-73-8 | Distillates (petroleum), hydrocracked solvent-refined light
[OK] 101316-57-8 | Distillates (petroleum), hydrodesulfurized full-range middle | files=1 | CAS-Search (www.ichemistry.cn)
[NOTFOUND] 101316-58-9 | Distillates (petroleum), hydrodesulfurized full-range middle coker
[OK] 101316-59-0 | Distillates (petroleum), hydrodesulfurized middle coker | files=1 | Name-Search (www.chemicalbook.com)
[NOTFOUND] 85116-53-6 | Distillates (petroleum), hydrodesulfurized thermal cracked middle
[NOTFOUND] 100683-99-6 | Distillates (petroleum), intermediate paraffinic, clay-treated
[OK] 91995-50-5 | Distillates (petroleum), naphtha steam cracking-derived, hydrotreated light arom. | files=1 | CAS-Search (www.chemicalbook.com)
[NOTFOUND] 91995-53-8 | Distillates (petroleum), naphtha steam cracking-derived, solvent-refined light hydrotreated
[NOTFOUND] 90640-94-1 | Distillates (petroleum), solvent-dewaxed heavy paraffinic, clay-treated
[NOTFOUND] 90640-97-4 | Distillates (petroleum), solvent-dewaxed light paraffinic, hydrotreated
[OK] 97488-74-9 | Distillates (petroleum), solvent-refined hydrogenated heavy | files=1 | Name-Search (www.chemicalbook.com)
[NOTFOUND] 94733-08-1 | Distillates (petroleum), solvent-refined hydrotreated heavy, hydrogenated
[OK] 91995-54-9 | Distillates (petroleum), solvent-refined light naphthenic, hydrotreated | files=1 | Name-Search (www.chemicalbook.com)
[OK] 64742-91-2 | Distillates (petroleum), steam-cracked | files=1 | Name-Search (www.chemicalbook.com)
[NOTFOUND] 101631-15-6 | Distillates (petroleum), steam-cracked heavy tar light
[NOTFOUND] 95009-23-7 | Distillates (petroleum), steam-cracked, C8-12 fraction, polymd., distillation lights
[NOTFOUND] 101316-61-4 | Distillates (petroleum), thermal-cracked, alkylarom. hydrocarbon-rich
[OK] 68477-35-0 | Distillates, petroleum, C3-6, piperylene-rich | files=1 | CAS-Search (www.flints.co.uk)
[OK] 64742-30-9 | Distillates, petroleum, chemically neutralized middle | files=1 | CAS-Search (www.msmosquito.org)
[NOTFOUND] 64742-38-7 | Distillates, petroleum, clay-treated middle
[NOTFOUND] 68477-40-7 | Distillates, petroleum, cracked stripped steam-cracked petroleum distillates, C10-12 fraction
[OK] 64741-76-0 | Distillates, petroleum, heavy hydrocracked | files=1 | CAS-Search (mollubricants.com)
[OK] 68333-25-5 | Distillates, petroleum, hydrodesulfurized light catalytic cracked | files=1 | Name-Search (www.autovalue.com)
[NOTFOUND] 70592-76-6 | Distillates, petroleum, intermediate vacuum
[OK] 68410-97-9 | Distillates, petroleum, light distillate hydrotreating process, low-boiling | files=1 | CAS-Search (deep-south-chemical.com)
[OK] 64741-77-1 | Distillates, petroleum, light hydrocracked | files=1 | CAS-Search (www.idemitsu.com)
[NOTFOUND] 68425-29-6 | Distillates, petroleum, naphtha-raffinate pyrolyzate-derived, gasoline-blending
[OK] 68955-27-1 | Distillates, petroleum, petroleum residues vacuum | files=1 | CAS-Search (www.mqb.com)
[OK] 70592-78-8 | Distillates, petroleum, vacuum | files=1 | CAS-Search (slovnaft.sk)
[OK] 74124-79-1 | disuccinimidyl carbonate, N-,N- | files=1 | ChemBlink/Alfa-Aesar
[OK] 298-04-4 | Disulfoton | files=1 | ChemBlink/Sigma-Aldrich
[OK] 7446-18-6 | Dithallium sulfate | files=1 | ChemBlink/Alfa-Aesar
[OK] 3347-22-6 | Dithianon | files=1 | ChemBlink/Sigma-Aldrich
[OK] 514-73-8 | Dithiazanine iodide | files=1 | ChemBlink/Alfa-Aesar
[OK] 2127-10-8 | dithiobisnitropyridine, 2,2'-, 5- | files=1 | ChemBlink/Sigma-Aldrich
[OK] 541-53-7 | Dithiobiuret | files=1 | ChemBlink/Alfa-Aesar
[OK] 572-48-5 | DITHION | files=1 | Name-Search (msdspds.castrol.com)
[OK] 79-40-3 | Dithiooxamide | files=1 | ChemBlink/Alfa-Aesar
[OK] 97886-45-8 | Dithiopyr | files=1 | ChemBlink/Accu-Standard
[OK] 60-10-6 | dithizone | files=1 | ChemBlink/Alfa-Aesar
[OK] 1143-38-0 | Dithranol (anthralin) | files=1 | ChemBlink/Alfa-Aesar
[OK] 72869-86-4 | Diurethane dimethacrylate, mixture of isomers | files=1 | ChemBlink/Sigma-Aldrich
[OK] 330-54-1 | Diuron | files=1 | ChemBlink/Alfa-Aesar
[OK] 77-77-0 | Divinyl sulfone | files=1 | ChemBlink/Alfa-Aesar
[OK] 1321-74-0 | Divinylbenzene | files=1 | ChemBlink/Alfa-Aesar
[OK] 618-36-0 | DL-1-Phenylethylamine | files=1 | ChemBlink/Alfa-Aesar
[OK] 6168-72-5 | DL-2-Amino-1-propanol | files=1 | ChemBlink/Alfa-Aesar
[OK] 76326-31-3 | DL-2-Amino-5-phosphonopentanoic acid | files=1 | ChemBlink/Cayman
[OK] 63-84-3 | DL-3,4-dihydroxyphenylalanine (DL-DOPA) | files=1 | ChemBlink/Alfa-Aesar
[OK] 302-72-7 | DL-Alanine | files=1 | ChemBlink/Alfa-Aesar
[OK] 2835-06-5 | DL-alpha-Phenylglycine | files=1 | ChemBlink/Alfa-Aesar
[OK] 300-85-6 | DL-beta-hydroxybutyric acid | files=1 | ChemBlink/Alfa-Aesar
[OK] 3483-12-3 | DL-Dithiothreitol | files=1 | ChemBlink/Alfa-Aesar
[OK] 67-21-0 | DL-ethionine | files=1 | ChemBlink/Alfa-Aesar
[OK] 600-19-1 | DL-Glyceric acid | files=1 | Name-Search (www.angenechemical.com)
[OK] 111-03-5 | DL-Glycerol-1-monooleate | files=1 | ChemBlink/Sigma-Aldrich
[OK] 1637-73-6 | DL-Isocitric acid | files=1 | ChemBlink/Acros-Organics
[OK] 443-79-8 | DL-Isoleucine | files=1 | ChemBlink/Alfa-Aesar
[OK] 598-82-3 | DL-lactic acid | files=1 | ChemBlink/Alfa-Aesar
[OK] 16891-53-5 | DL-lactic acid lithium salt | files=1 | CAS-Search (datasheets.scbt.com)
[OK] 617-48-1 | DL-Malic acid | files=1 | CAS-Search (www.chemicalbook.com)
[OK] 90-64-2 | DL-Mandelic acid | files=1 | ChemBlink/Alfa-Aesar
[OK] 532-28-5 | DL-Mandelonitrile | files=1 | ChemBlink/Alfa-Aesar
[OK] 89-78-1 | DL-Menthol | files=1 | ChemBlink/Alfa-Aesar
[OK] 32221-81-1 | DL-Monosodium glutamate | files=1 | CAS-Search (file.medchemexpress.com)
[OK] 55-27-6 | DL-Norepinephrine | files=1 | ChemBlink/Sigma-Aldrich
[OK] 609-36-9 | DL-Proline | files=1 | ChemBlink/Alfa-Aesar
[OK] 1034-10-2 | DL-Thyronine | files=1 | ChemBlink/Combi-Blocks
[OK] 300-30-1 | DL-thyroxine | files=1 | ChemBlink/TCI
[OK] 54-12-6 | DL-Tryptophan | files=1 | ChemBlink/Alfa-Aesar
[OK] 7695-91-2 | DL-α-Tocopherol acetate | files=1 | ChemBlink/Alfa-Aesar
[NOTFOUND] 2312-76-7 | DNOC, sodium salt
[OK] 629-97-0 | Docosane | files=1 | ChemBlink/Alfa-Aesar
[OK] 12067-99-1 | Dodeca-Tungstophosphoric acid | files=1 | ChemBlink/Alfa-Aesar
[OK] 10203-28-8 | Dodecan-2-ol | files=1 | ChemBlink/Sigma-Aldrich
[OK] 112-40-3 | dodecane | files=1 | ChemBlink/Alfa-Aesar
[OK] 4543-66-2 | Dodecanedinitrile | files=1 | ChemBlink/Alfa-Aesar
[OK] 2437-25-4 | Dodecanenitrile | files=1 | ChemBlink/Alfa-Aesar
[OK] 645-66-9 | Dodecanoic anhydride | files=1 | ChemBlink/Oakwood
[OK] 27176-87-0 | Dodecyl benzenesulfonic acid solution | files=1 | ChemBlink/Alfa-Aesar
[OK] 1166-52-5 | Dodecyl gallate | files=1 | ChemBlink/Alfa-Aesar
[OK] 69227-93-6 | Dodecyl maltoside | files=1 | ChemBlink/Alfa-Aesar
[OK] 124-22-1 | dodecylamine | files=1 | ChemBlink/Alfa-Aesar
[OK] 25155-30-0 | Dodecylbenzene sulfonate sodium | files=1 | ChemBlink/Alfa-Aesar
[OK] 27193-86-8 | Dodecylphenols | files=1 | ChemBlink/Sigma-Aldrich
[OK] 1119-94-4 | Dodecyltrimethylammonium Bromide (DTAB) | files=1 | ChemBlink/Alfa-Aesar
[OK] 1593-77-7 | Dodemorph | files=1 | ChemBlink/Sigma-Aldrich
[OK] 2439-10-3 | Dodine | files=1 | ChemBlink/Sigma-Aldrich
[NOTFOUND] 69227-00-5 | Dolomite (CaMg(CO3)2), dead-burned refractory
[OK] 51-61-6 | Dopamine | files=1 | ChemBlink/Oakwood
[OK] 62-31-7 | Dopamine hydrochloride | files=1 | ChemBlink/Alfa-Aesar
[OK] 144550-36-7 | dosulfuron-methyl-sodium | files=1 | ChemBlink/Sigma-Aldrich
[NOTFOUND] 12640-54-9 | Dowex (50W x 8)
[OK] 69011-20-7 | Dowex 50 W | files=1 | ChemBlink/Alfa-Aesar
[OK] 69011-19-4 | Dowex® 1×4 chloride form | files=1 | ChemBlink/Alfa-Aesar
[OK] 69011-17-2 | Dowex® Marathon™ WBA free base | files=1 | CAS-Search (www.unitedchem.com)
[OK] 25316-40-9 | Doxorubicin hydrochloride | files=1 | ChemBlink/Alfa-Aesar
[OK] 24390-14-5 | Doxycycline hyclate | files=1 | ChemBlink/Alfa-Aesar
[OK] 5707-69-7 | Drazoxolon | files=1 | ChemBlink/Sigma-Aldrich
[OK] 9003-35-4 | Duolite XAD761 | files=1 | CAS-Search (file1.lookchem.com)
[OK] 95465-99-9 | Ebufos | files=1 | ChemBlink/Sigma-Aldrich
[OK] 80498-17-5 | EcoR I from Escherichia coli BS5 | files=1 | Name-Search (www.merckmillipore.com)
[NOTFOUND] 83589-02-0 | EcoR V from Escherichia coli
[OK] 1892-57-5 | EDC | files=1 | ChemBlink/Alfa-Aesar
[OK] 17109-49-8 | Edifenphos | files=1 | ChemBlink/Sigma-Aldrich
[OK] 6381-92-6 | EDTA disodium salt dihydrate | files=1 | ChemBlink/Alfa-Aesar
[OK] 67-42-5 | EGTA | files=1 | ChemBlink/Alfa-Aesar
[OK] 112-95-8 | Eicosane | files=1 | ChemBlink/Alfa-Aesar
[OK] 476-66-4 | Ellagic acid | files=1 | ChemBlink/Alfa-Aesar
[OK] 155569-91-8 | Emamectin benzoate | files=1 | ChemBlink/Sigma-Aldrich
[OK] 111-14-8 | Enanthoic Acid | files=1 | ChemBlink/Alfa-Aesar
[OK] 1031-07-8 | Endosulfan sulfate | files=1 | ChemBlink/Cayman
[OK] 72-20-8 | Endrin | files=1 | ChemBlink/Sigma-Aldrich
[OK] 7421-93-4 | Endrin aldehyde | files=1 | CAS-Search (www.agilent.com)
[OK] 53494-70-5 | Endrin ketone | files=1 | ChemBlink/Accu-Standard
[OK] 1435-48-9 | ene, 2,4-dichloro-1-fluoro- | files=1 | ChemBlink/Alfa-Aesar
[OK] 74011-58-8 | Enoxacin | files=1 | ChemBlink/Alfa-Aesar
[OK] 93106-60-6 | Enrofloxacin | files=1 | ChemBlink/Alfa-Aesar
[OK] 548-24-3 | Eosin B | files=1 | ChemBlink/Alfa-Aesar
[OK] 15086-94-9 | Eosin Y | files=1 | ChemBlink/Sigma-Aldrich
[OK] 481-29-8 | Epiandrosterone | files=1 | ChemBlink/Alfa-Aesar
[OK] 106-89-8 | Epichlorohydrin | files=1 | ChemBlink/Alfa-Aesar
[OK] 62253-63-8 | Epidermal Growth Factor, human | files=1 | ChemBlink/Sigma-Aldrich
[OK] 970-74-1 | epigallocatechin | files=1 | ChemBlink/Alfa-Aesar
[OK] 133855-98-8 | Epoxiconazole | files=1 | ChemBlink/Sigma-Aldrich
[OK] 105-60-2 | epsilon-Caprolactam | files=1 | ChemBlink/Alfa-Aesar
[OK] 474-86-2 | Equilin | files=1 | CAS-Search (file.medchemexpress.com)
[OK] 136-25-4 | Erbon | files=1 | CAS-Search (www.ichemistry.cn)
[OK] 60-79-7 | Ergometrine | files=1 | Name-Search (sds.edqm.eu)
[OK] 57-87-4 | ergosterol | files=1 | ChemBlink/Alfa-Aesar
[OK] 1787-61-7 | Eriochrome Black T | files=1 | ChemBlink/Alfa-Aesar
[OK] 3844-45-9 | Erioglaucine disodium salt | files=1 | ChemBlink/Alfa-Aesar
[OK] 12510-42-8 | Erionite | files=1 | CAS-Search (api.chemreg.net)
[OK] 114-07-8 | Erythromycin | files=1 | ChemBlink/Alfa-Aesar
[OK] 16423-68-0 | erythrosin B | files=1 | ChemBlink/Alfa-Aesar
[OK] 66230-04-4 | Esfenvalerate | files=1 | ChemBlink/Sigma-Aldrich
[OK] 50-28-2 | Estradiol | files=1 | ChemBlink/Alfa-Aesar
[OK] 50-27-1 | Estriol 98% | files=1 | ChemBlink/Sigma-Aldrich
[OK] 53-16-7 | Estrone | files=1 | ChemBlink/Sigma-Aldrich
[OK] 37894-46-5 | Etacelasil | files=1 | CAS-Search (pdf.benchchem.com)
[OK] 22668-01-5 | Etanidazole | files=1 | CAS-Search (file.medchemexpress.com)
[OK] 106264-79-3 | Ethacure 300 | files=1 | ChemBlink/Syn-Quest
[OK] 74-84-0 | Ethane | files=1 | ChemBlink/Alfa-Aesar
[OK] 594-45-6 | Ethanesulfonic acid | files=1 | ChemBlink/Alfa-Aesar
[OK] 594-44-5 | Ethanesulfonyl chloride | files=1 | ChemBlink/Alfa-Aesar
[OK] 75-08-1 | Ethanethiol | files=1 | ChemBlink/Alfa-Aesar
[OK] 141-43-5 | Ethanol amine | files=1 | ChemBlink/Alfa-Aesar
[OK] 1516-08-1 | Ethanol-d6 | files=1 | ChemBlink/Alfa-Aesar
[OK] 69094-18-4 | Ethanol, 2,2-dibromo-2-nitro- | files=1 | ChemBlink/Matrix
[NOTFOUND] 4275-28-9 | Ethanol, 2,2'-thiodi-, diacetate
[OK] 2002-24-6 | Ethanolamine Hydrochloride | files=1 | ChemBlink/Alfa-Aesar
[OK] 16672-87-0 | Ethephon | files=1 | ChemBlink/Alfa-Aesar
[OK] 60-29-7 | Ether | files=1 | ChemBlink/Alfa-Aesar
[OK] 1239-45-8 | Ethidium bromide | files=1 | ChemBlink/Alfa-Aesar
[OK] 29973-13-5 | ethiofencarb | files=1 | ChemBlink/Sigma-Aldrich
[OK] 563-12-2 | Ethion | files=1 | ChemBlink/Sigma-Aldrich
[OK] 181587-01-9 | Ethiprole | files=1 | ChemBlink/Sigma-Aldrich
[OK] 23947-60-6 | ethirimol | files=1 | ChemBlink/Sigma-Aldrich
[OK] 434-03-7 | Ethisterone | files=1 | ChemBlink/Alfa-Aesar
[OK] 116-01-8 | Ethoate-methyl | files=1 | Name-Search (tanqingsk-data.oss-cn-hangzhou.aliyuncs.com)
[OK] 80844-07-1 | Ethofenprox | files=1 | ChemBlink/Sigma-Aldrich
[OK] 26225-79-6 | Ethofumesate | files=1 | ChemBlink/Sigma-Aldrich
[OK] 91-53-2 | Ethoxyquin | files=1 | ChemBlink/Alfa-Aesar
[OK] 126801-58-9 | Ethoxysulfuron | files=1 | ChemBlink/Sigma-Aldrich
[OK] 1825-62-3 | Ethoxytrimethylsilane | files=1 | ChemBlink/Alfa-Aesar
[OK] 25319-90-8 | Ethyl ((4-chloro-o-tolyl)oxy)thioacetate | files=1 | ChemBlink/Sigma-Aldrich
[OK] 84332-86-5 | Ethyl (RS)-3-(3,5-dichlorophenyl)-5-methyl-2,4-dioxooxazolidine-5-carboxylate | files=1 | CAS-Search (pdf.benchchem.com)
[OK] 100501-62-0 | Ethyl 1-ethyl-6,7,8-trifluoro-1,4-dihydro-4-oxoquinoline-3-carboxylate | files=1 | ChemBlink/Alfa-Aesar
[OK] 2122-70-5 | Ethyl 1-naphthaleneacetate | files=1 | ChemBlink/Sigma-Aldrich
[OK] 20461-99-8 | Ethyl 1,3-dithiolane-2-carboxylate | files=1 | ChemBlink/Sigma-Aldrich
[OK] 533-68-6 | Ethyl 2-bromobutyrate | files=1 | ChemBlink/Alfa-Aesar
[OK] 535-11-5 | Ethyl 2-bromopropionate | files=1 | ChemBlink/Alfa-Aesar
[OK] 609-15-4 | Ethyl 2-chloroacetoacetate | files=1 | ChemBlink/Alfa-Aesar
[OK] 535-13-7 | Ethyl 2-chlorpropionate | files=1 | ChemBlink/Alfa-Aesar
[OK] 7085-85-0 | Ethyl 2-cyanoacrylate | files=1 | ChemBlink/Sigma-Aldrich
[OK] 2511-00-4 | ETHYL 2-CYCLOHEXYLPROPIONATE | files=1 | CAS-Search (www.chemicalbook.com)
[OK] 817-95-8 | Ethyl 2-ethoxyacetate | files=1 | ChemBlink/Sigma-Aldrich
[OK] 7452-79-1 | Ethyl 2-methylbutyrate | files=1 | ChemBlink/Alfa-Aesar
[OK] 80-55-7 | Ethyl 2-methyllactate | files=1 | ChemBlink/Alfa-Aesar
[OK] 623-71-2 | Ethyl 3-chloropropionate | files=1 | ChemBlink/Alfa-Aesar
[OK] 2969-81-5 | Ethyl 4-bromobutyrate | files=1 | ChemBlink/Alfa-Aesar
[OK] 638-07-3 | Ethyl 4-chloro-3-oxobutanoate | files=1 | ChemBlink/Alfa-Aesar
[OK] 120-47-8 | Ethyl 4-hydroxybenzoate | files=1 | ChemBlink/Alfa-Aesar
[OK] 1126-09-6 | Ethyl 4-piperidinecarboxylate | files=1 | ChemBlink/Alfa-Aesar
[OK] 372-31-6 | Ethyl 4,4,4-trifluoroacetoacetate | files=1 | ChemBlink/Alfa-Aesar
[OK] 510-15-6 | Ethyl 4,4'-dichlorobenzilate | files=1 | ChemBlink/Sigma-Aldrich
[OK] 4977-62-2 | Ethyl acetamidocyanoacetate | files=1 | ChemBlink/Alfa-Aesar
[OK] 141-78-6 | Ethyl acetate | files=1 | ChemBlink/Alfa-Aesar
[OK] 141-97-9 | Ethyl acetoacetate | files=1 | ChemBlink/Alfa-Aesar
[OK] 623-47-2 | Ethyl acetylenecarboxylate | files=1 | ChemBlink/Alfa-Aesar
[OK] 140-88-5 | Ethyl acrylate | files=1 | ChemBlink/Alfa-Aesar
[OK] 103-69-5 | Ethyl aniline | files=1 | ChemBlink/Alfa-Aesar
[OK] 87-25-2 | Ethyl anthranilate | files=1 | ChemBlink/Alfa-Aesar
[OK] 100-41-4 | Ethyl benzene | files=1 | ChemBlink/Alfa-Aesar
[OK] 93-89-0 | Ethyl benzoate | files=1 | ChemBlink/Alfa-Aesar
[OK] 94-02-0 | ethyl benzoylacetate | files=1 | ChemBlink/Alfa-Aesar
[OK] 74-96-4 | Ethyl bromide | files=1 | ChemBlink/Alfa-Aesar
[OK] 105-36-2 | Ethyl bromoacetate | files=1 | ChemBlink/Alfa-Aesar
[OK] 106-35-4 | Ethyl butyl ketone | files=1 | ChemBlink/Alfa-Aesar
[OK] 105-54-4 | Ethyl butyrate | files=1 | ChemBlink/Alfa-Aesar
[OK] 51-79-6 | Ethyl carbamate | files=1 | ChemBlink/Alfa-Aesar
[OK] 9004-57-3 | ethyl cellulose | files=1 | ChemBlink/Alfa-Aesar
[OK] 75-00-3 | Ethyl chloride | files=1 | ChemBlink/Apollo
[OK] 105-39-5 | Ethyl chloroacetate | files=1 | ChemBlink/Alfa-Aesar
[OK] 541-41-3 | Ethyl chloroformate | files=1 | ChemBlink/Alfa-Aesar
[OK] 4755-77-5 | Ethyl chloroglyoxylate | files=1 | ChemBlink/Alfa-Aesar
[OK] 623-70-1 | Ethyl crotonate | files=1 | ChemBlink/Alfa-Aesar
[OK] 105-56-6 | Ethyl cyanoacetate | files=1 | ChemBlink/Alfa-Aesar
[OK] 623-49-4 | Ethyl cyanoformate | files=1 | ChemBlink/Alfa-Aesar
[OK] 4606-07-9 | Ethyl cyclopropanecarboxylate | files=3 | ChemBlink/Alfa-Aesar, ChemBlink/Sigma-Aldrich, CAS-Search (www.chemicalbook.com)
[OK] 535-15-9 | Ethyl dichloroacetate | files=1 | ChemBlink/Sigma-Aldrich
[OK] 459-72-3 | Ethyl fluoroacetate | files=1 | ChemBlink/Alfa-Aesar
[OK] 109-94-4 | Ethyl formate | files=1 | ChemBlink/Alfa-Aesar
[OK] 623-50-7 | Ethyl glycolate | files=1 | ChemBlink/Alfa-Aesar
[OK] 356-27-4 | Ethyl heptafluorobutyrate | files=1 | ChemBlink/Alfa-Aesar
[OK] 123-66-0 | Ethyl hexanoate | files=1 | ChemBlink/Alfa-Aesar
[OK] 97-62-1 | Ethyl isobutyrate | files=1 | ChemBlink/Alfa-Aesar
[OK] 109-90-0 | Ethyl isocyanate | files=1 | ChemBlink/Alfa-Aesar
[OK] 2999-46-4 | ethyl isocyanoacetate | files=1 | ChemBlink/Alfa-Aesar
[OK] 108-64-5 | Ethyl isopentanoate | files=1 | ChemBlink/Alfa-Aesar
[OK] 542-85-8 | Ethyl isothiocyanate | files=1 | ChemBlink/Alfa-Aesar
[OK] 687-47-8 | Ethyl lactate | files=1 | ChemBlink/Alfa-Aesar
[OK] 106-33-2 | ethyl laurate | files=1 | ChemBlink/Alfa-Aesar
[OK] 97-63-2 | Ethyl methacrylate | files=1 | ChemBlink/Alfa-Aesar
[OK] 62-50-0 | Ethyl methanesulfonate | files=1 | ChemBlink/Alfa-Aesar
[OK] 623-53-0 | Ethyl methyl carbonate | files=1 | ChemBlink/Sigma-Aldrich
[OK] 96-29-7 | Ethyl methyl ketone oxime | files=1 | ChemBlink/Alfa-Aesar
[OK] 124-06-1 | Ethyl myristate | files=1 | ChemBlink/Alfa-Aesar
[OK] 625-58-1 | Ethyl nitrate | files=1 | Name-Search (www.chemicalbook.com)
[OK] 109-95-5 | Ethyl nitrite solution | files=1 | ChemBlink/Oakwood
[OK] 111-61-5 | Ethyl octadecanoate | files=1 | ChemBlink/Alfa-Aesar
[OK] 106-32-1 | Ethyl octanoate | files=1 | ChemBlink/Alfa-Aesar
[OK] 111-62-6 | Ethyl oleate | files=1 | ChemBlink/Alfa-Aesar
[OK] 1655-07-8 | ethyl oxocyclohexanecarboxylate, 2- | files=1 | ChemBlink/Alfa-Aesar
[OK] 628-97-7 | Ethyl palmitate | files=1 | ChemBlink/Alfa-Aesar
[OK] 663-35-4 | ethyl pentafluoropropionylacetate | files=1 | ChemBlink/Apollo
[OK] 539-82-2 | Ethyl pentanoate | files=1 | ChemBlink/Alfa-Aesar
[OK] 101-97-3 | Ethyl phenylacetate | files=1 | ChemBlink/Alfa-Aesar
[OK] 4553-07-5 | ethyl phenylcyanoacetate | files=1 | ChemBlink/Alfa-Aesar
[OK] 753-98-0 | Ethyl phosphonyl difluoride | files=1 | CAS-Search (pdf.benchchem.com)
[OK] 3938-95-2 | Ethyl pivalate | files=1 | ChemBlink/Alfa-Aesar
[OK] 105-37-3 | Ethyl propionate | files=1 | ChemBlink/Alfa-Aesar
[OK] 617-35-6 | Ethyl pyruvate | files=1 | ChemBlink/Alfa-Aesar
[OK] 542-90-5 | Ethyl thiocyanate | files=1 | ChemBlink/Sigma-Aldrich
[OK] 623-51-8 | Ethyl thioglycolate | files=1 | ChemBlink/Alfa-Aesar
[OK] 924-99-2 | Ethyl trans-3-dimethylaminoacrylate | files=1 | ChemBlink/Alfa-Aesar
[OK] 383-63-1 | Ethyl trifluoroacetate | files=1 | ChemBlink/Alfa-Aesar
[OK] 425-75-2 | Ethyl trifluoromethanesulfonate | files=1 | ChemBlink/Alfa-Aesar
[OK] 121-32-4 | Ethyl Vanillin | files=1 | ChemBlink/Alfa-Aesar
[OK] 109-92-2 | Ethyl vinyl ether | files=1 | ChemBlink/Alfa-Aesar
[OK] 2390-59-2 | Ethyl violet | files=1 | ChemBlink/Alfa-Aesar
[OK] 14324-55-1 | Ethyl Ziram | files=1 | ChemBlink/Alfa-Aesar
[OK] 582-33-2 | ethyl-3-aminobenzoate | files=1 | ChemBlink/Alfa-Aesar
[OK] 10287-53-3 | Ethyl-4-(Dimethylamino)Benzoate | files=1 | ChemBlink/Alfa-Aesar
[OK] 14794-31-1 | Ethyl-4-chloro-4-oxobutyrate | files=1 | ChemBlink/Alfa-Aesar
[OK] 36239-09-5 | Ethyl-chloroformylacetate | files=1 | ChemBlink/Alfa-Aesar
[OK] 2104-64-5 | Ethyl-O-(p-nitrophenyl) phenylphosphonothionate | files=1 | ChemBlink/Sigma-Aldrich
[OK] 4071-88-9 | Ethyl(trimethylsilyl)-acetate | files=1 | ChemBlink/Alfa-Aesar
[OK] 563-43-9 | Ethylaluminium dichloride | files=1 | ChemBlink/Alfa-Aesar
[OK] 75-04-7 | Ethylamine | files=1 | ChemBlink/Alfa-Aesar
[NOTFOUND] 12013-18-2 | Ethylamine, trichloro-
[OK] 538-07-8 | Ethylbis(2-chloroethyl)amine | files=1 | CAS-Search (www.abdurrahmanince.net)
[NOTFOUND] 1331-45-9 | ETHYLCYANOCYCLOHEXYL ACETATE
[OK] 1498-40-4 | Ethyldichlorophosphine | files=1 | ChemBlink/Strem
[OK] 74-85-1 | Ethylene | files=1 | ChemBlink/Alfa-Aesar
[OK] 96-49-1 | ethylene carbonate | files=1 | ChemBlink/Alfa-Aesar
[OK] 107-07-3 | Ethylene chlorohydrin | files=1 | ChemBlink/Alfa-Aesar
[OK] 97-90-5 | Ethylene dimethacrylate | files=1 | ChemBlink/Alfa-Aesar
[OK] 107-21-1 | Ethylene glycol | files=1 | ChemBlink/Alfa-Aesar
[OK] 123-81-9 | Ethylene glycol bis-mercaptoacetate | files=1 | ChemBlink/Ambeed
[OK] 629-14-1 | Ethylene glycol diethyl ether | files=1 | ChemBlink/Alfa-Aesar
[OK] 110-71-4 | Ethylene glycol dimethyl ether | files=1 | ChemBlink/Alfa-Aesar
[OK] 111-76-2 | Ethylene glycol monobutyl ether | files=1 | ChemBlink/Alfa-Aesar
[OK] 112-25-4 | Ethylene Glycol Monohexyl Ether | files=1 | ChemBlink/Alfa-Aesar
[OK] 109-86-4 | Ethylene glycol monomethyl ether | files=1 | ChemBlink/Alfa-Aesar
[NOTFOUND] 2514-53-6 | Ethylene glycol, bis(trichloroacetate)
[OK] 75-21-8 | Ethylene oxide | files=1 | ChemBlink/Sigma-Aldrich
[NOTFOUND] 33813-20-6 | ETHYLENE THIURAM MONOSULFIDE
[OK] 107-15-3 | Ethylenediamine | files=1 | ChemBlink/Alfa-Aesar
[OK] 6780-13-8 | Ethylenediamine monohydrate | files=1 | CAS-Search (www.angenechemical.com)
[OK] 5657-17-0 | ethylenediamine-N,N-diacetic acid | files=1 | ChemBlink/Alfa-Aesar
[OK] 60-00-4 | Ethylenediaminetetraacetic acid | files=1 | ChemBlink/Alfa-Aesar
[OK] 39208-15-6 | Ethylenediaminetetraacetic acid copper (II) disodium salt | files=1 | ChemBlink/Sigma-Aldrich
[OK] 29932-54-5 | Ethylenediaminetetraacetic acid disodium magnesium salt tetrahydrate | files=1 | ChemBlink/Sigma-Aldrich
[OK] 139-33-3 | Ethylenediaminetetraacetic acid disodium salt | files=1 | ChemBlink/Alfa-Aesar
[OK] 15708-41-5 | Ethylenediaminetetraacetic acid iron (III)-sodium salt | files=1 | ChemBlink/Alfa-Aesar
[OK] 13235-36-4 | Ethylenediaminetetraacetic acid Tetrasodium salt Tetrahydrate | files=1 | ChemBlink/Sigma-Aldrich
[OK] 7152-15-0 | ethylisobutyrylacetate | files=1 | ChemBlink/Alfa-Aesar
[OK] 57-63-6 | Ethylnylestradiol | files=1 | ChemBlink/Sigma-Aldrich
[OK] 4151-50-2 | Ethylperfluorooctanesulfonamide | files=1 | ChemBlink/Alfa-Aesar
[OK] 15845-66-6 | Ethylphosphonic acid | files=1 | CAS-Search (www.ichemistry.cn)
[OK] 78-07-9 | Ethyltriethoxysilane | files=1 | ChemBlink/Alfa-Aesar
[OK] 4736-60-1 | Ethyltriphenylphosphonium iodide | files=1 | ChemBlink/Alfa-Aesar
[OK] 927-80-0 | Ethynyl ethyl ether | files=1 | ChemBlink/Alfa-Aesar
[OK] 1271-47-2 | ethynyl ferrocene | files=1 | ChemBlink/Sigma-Aldrich
[OK] 30043-49-3 | etidimuron | files=1 | ChemBlink/Sigma-Aldrich
[OK] 53-42-9 | Etiocholan-3alpha-ol-17-one | files=1 | ChemBlink/Sigma-Aldrich
[OK] 153233-91-1 | Etoxazole | files=1 | ChemBlink/Sigma-Aldrich
[OK] 2593-15-9 | Etridiazole | files=1 | ChemBlink/Sigma-Aldrich
[OK] 38260-54-7 | Etrimfos | files=1 | ChemBlink/Sigma-Aldrich
[OK] 34788-82-4 | Eu(hfc)3 | files=1 | ChemBlink/Sigma-Aldrich
[OK] 8000-48-4 | Eucalyptus oil | files=1 | ChemBlink/Sigma-Aldrich
[OK] 97-53-0 | eugenol | files=1 | ChemBlink/Alfa-Aesar
[OK] 93-15-2 | Eugenol methyl ether | files=1 | ChemBlink/Alfa-Aesar
[OK] 13759-92-7 | Europium(III) chloride hexahydrate | files=1 | ChemBlink/Sigma-Aldrich
[OK] 1308-96-9 | Europium(III)oxide | files=1 | ChemBlink/Alfa-Aesar
[OK] 70356-09-1 | Eusolex 9020 | files=1 | ChemBlink/Sigma-Aldrich
[OK] 31895-21-3 | Evisect | files=1 | CAS-Search (admin.chemreg.net)
[NOTFOUND] 87172-89-2 | Exo-4-isopropyl-1-methyl-1,4-epoxycyclohexan-2-ol
[NOTFOUND] 122070-80-8 | Extract oils (coal), coal tar residual pyrolysis oils, naphthaleneoil, distn. residues
[NOTFOUND] 90640-99-6 | Extract oils (coal), light oil
[OK] 90641-00-2 | Extract oils (coal), naphthalene oils | files=1 | Name-Search (www.chemicalbook.com)
[NOTFOUND] 93821-38-6 | Extract residues (coal), benzole fraction acid
[OK] 122384-77-4 | Extract residues (coal), creosote oil acid | files=1 | Name-Search (www.chemicalbook.com)
[OK] 90641-01-3 | Extract residues (coal), light oil alk., acid ext. | files=1 | Name-Search (www.chemicalbook.com)
[NOTFOUND] 101316-62-5 | Extract residues (coal), light oil alk., acid ext., indene fraction
[OK] 90641-02-4 | Extract residues (coal), light oil alk., distn. overheads | files=1 | Name-Search (www.chemicalbook.com)
[OK] 90641-04-6 | Extract residues (coal), naphthalene oil alk., distn. overheads | files=1 | Name-Search (www.ichemistry.cn)
[OK] 90641-05-7 | Extract residues (coal), naphthalene oil alk., distn. residues | files=1 | Name-Search (www.chemicalbook.com)
[OK] 121620-47-1 | Extract residues (coal), naphthalene oil, alk. | files=1 | Name-Search (www.chemicalbook.com)
[NOTFOUND] 121620-48-2 | Extract residues (coal), naphthalene oil, alk., naphthalene-low
[OK] 90641-06-8 | Extract residues (coal), tar oil alk., carbonated, limed | files=1 | Name-Search (www.chemicalbook.com)
[NOTFOUND] 91995-68-5 | Extracts (petroleum), catalytic reformed light naphtha solvent
[OK] 64741-98-6 | Extracts (petroleum), heavy naphtha solvent | files=1 | CAS-Search (www.siplast.com)
[NOTFOUND] 97926-43-7 | Extracts (petroleum), heavy naphtha solvent, clay-treated
[OK] 93763-10-1 | Extracts (petroleum), heavy naphthenic distillate solvent, hydrodesulfurized | files=1 | Name-Search (www.chemicalbook.com)
[OK] 90641-07-9 | Extracts (petroleum), heavy naphthenic distillate solvent, hydrotreated | files=1 | Name-Search (www.chemicalbook.com)
[OK] 90641-08-0 | Extracts (petroleum), heavy paraffinic distillate solvent, hydrotreated | files=1 | Name-Search (www.chemicalbook.com)
[NOTFOUND] 91995-73-2 | Extracts (petroleum), hydrotreated light paraffinic distillate solvent
[NOTFOUND] 91995-75-4 | Extracts (petroleum), light naphthenic distillate solvent, hydrodesulfurized
[NOTFOUND] 100684-02-4 | Extracts (petroleum), light paraffinic distillate solvent, carbon-treated
[OK] 100684-03-5 | Extracts (petroleum), light paraffinic distillate solvent, clay-treated | files=1 | Name-Search (www.chemicalbook.com)
[OK] 90641-09-1 | Extracts (petroleum), light paraffinic distillate solvent, hydrotreated | files=1 | Name-Search (www.chemicalbook.com)
[OK] 91995-78-7 | Extracts (petroleum), light vacuum gas oil solvent | files=1 | Name-Search (www.chemicalbook.com)
[OK] 91995-79-8 | Extracts (petroleum), light vacuum gas oil solvent, hydrotreated | files=1 | Name-Search (www.chemicalbook.com)
[NOTFOUND] 100684-04-6 | Extracts (petroleum), light vacuum, gas oil solvent, carbon-treated
[NOTFOUND] 68783-04-0 | Extracts, petroleum, solvent-refined heavy paraffinic distillate solvent
[NOTFOUND] 106392-12-5 | F 127
[OK] 131807-57-3 | Famoxadone | files=1 | CAS-Search (cdn.caymanchem.com)
[OK] 14263-94-6 | Fast Blue B Salt | files=1 | ChemBlink/Sigma-Aldrich
[OK] 5486-84-0 | Fast blue BB salt | files=1 | ChemBlink/Alfa-Aesar
[OK] 14726-29-5 | Fast blue RR Salt | files=1 | ChemBlink/Sigma-Aldrich
[OK] 161326-34-7 | Fenamidone | files=1 | ChemBlink/Sigma-Aldrich
[OK] 140-56-7 | Fenaminosulf | files=1 | ChemBlink/Sigma-Aldrich
[OK] 60168-88-9 | Fenarimol | files=1 | ChemBlink/Sigma-Aldrich
[OK] 14255-88-0 | Fenazaflor | files=1 | ChemBlink/Sigma-Aldrich
[OK] 120928-09-8 | Fenazaquin | files=1 | ChemBlink/Sigma-Aldrich
[OK] 13356-08-6 | Fenbutatin oxide | files=1 | ChemBlink/Sigma-Aldrich
[OK] 126833-17-8 | Fenhexamid [ISO:BSI] | files=1 | ChemBlink/Sigma-Aldrich
[OK] 122-14-5 | Fenitrothion | files=1 | ChemBlink/Sigma-Aldrich
[OK] 62850-32-2 | Fenothiocarb | files=1 | ChemBlink/Sigma-Aldrich
[NOTFOUND] 73519-55-8 | Fenoxaprop [BSI:ISO]
[NOTFOUND] 82110-72-3 | Fenoxaprop ethyl ester
[OK] 66441-23-4 | Fenoxaprop-Et | files=1 | ChemBlink/Sigma-Aldrich
[OK] 71283-80-2 | Fenoxaprop-p-ethyl | files=1 | ChemBlink/Sigma-Aldrich
[OK] 79127-80-3 | Fenoxycarb | files=1 | CAS-Search (www.rayfull.net)
[OK] 74738-17-3 | Fenpiclonil | files=1 | ChemBlink/Sigma-Aldrich
[OK] 67564-91-4 | fenpropimorf | files=1 | ChemBlink/Alfa-Aesar
[OK] 80-38-6 | Fenson | files=1 | ChemBlink/Accu-Standard
[OK] 115-90-2 | Fensulfothion | files=1 | ChemBlink/Sigma-Aldrich
[OK] 55-38-9 | Fenthion | files=1 | ChemBlink/Sigma-Aldrich
[OK] 2597-03-7 | Fenthoate | files=1 | ChemBlink/Sigma-Aldrich
[OK] 900-95-8 | Fentin acetate | files=1 | ChemBlink/Alfa-Aesar
[OK] 76-87-9 | Fentin hydroxide | files=1 | ChemBlink/Alfa-Aesar
[OK] 158237-07-1 | Fentrazamide | files=1 | ChemBlink/Sigma-Aldrich
[OK] 101-42-8 | Fenuron | files=1 | ChemBlink/Sigma-Aldrich
[OK] 4482-55-7 | FENURON TRICHLOROACETATE | files=1 | ChemBlink/Accu-Standard
[OK] 51630-58-1 | Fenvalerate | files=1 | ChemBlink/Alfa-Aesar
[OK] 14484-64-1 | Ferbam | files=1 | ChemBlink/Sigma-Aldrich
[OK] 111687-36-6 | Ferrate(1-), ((N,N'-1,3-propanediylbis(N-((carboxy-kappaO)methyl)glycinato-kappaN,kappaO))(4-))-, | files=1 | CAS-Search (static.cymitquimica.com)
[OK] 2338-05-8 | Ferric citrate | files=1 | ChemBlink/Sigma-Aldrich
[OK] 1309-37-1 | Ferric oxide | files=1 | ChemBlink/Alfa-Aesar
[OK] 10045-86-0 | ferric phosphate | files=1 | ChemBlink/Alfa-Aesar
[OK] 102-54-5 | Ferrocene | files=1 | ChemBlink/Alfa-Aesar
[OK] 14634-91-4 | Ferroin indicator solution | files=1 | ChemBlink/Alfa-Aesar
[OK] 547-91-1 | Ferron | files=1 | ChemBlink/Alfa-Aesar
[OK] 69898-45-9 | Ferrozine | files=1 | ChemBlink/Alfa-Aesar
[OK] 1135-24-6 | Ferulic acid | files=1 | ChemBlink/Sigma-Aldrich
[OK] 537-98-4 | Ferulic acid,99% | files=1 | ChemBlink/Alfa-Aesar
[OK] 101-89-3 | Fest Garnet GBC salt, Dye content | files=1 | ChemBlink/Alfa-Aesar
[OK] 106096-93-9 | Fibroblast Growth Factor-Basic, human | files=1 | CAS-Search (www.chemicalbook.com)
[OK] 120068-37-3 | Fipronil | files=1 | ChemBlink/Alfa-Aesar
[OK] 8002-50-4 | Fish oil from menhaden | files=1 | ChemBlink/Sigma-Aldrich
[OK] 146-14-5 | Flavin adenine dinucleotide disodium salt | files=1 | ChemBlink/Carl-Roth
[OK] 529-53-3 | Flavonoids | files=1 | ChemBlink/Sigma-Aldrich
[OK] 104040-78-0 | flazasulfuron | files=1 | ChemBlink/Sigma-Aldrich
[OK] 79660-72-3 | Fleroxacin | files=1 | ChemBlink/Sigma-Aldrich
[OK] 90035-08-8 | Flocoumanfen | files=1 | ChemBlink/Sigma-Aldrich
[OK] 1343-88-0 | florisil 60-100 mesh | files=1 | ChemBlink/Alfa-Aesar
[OK] 11015-37-5 | Flovophospholipol | files=1 | ChemBlink/Sigma-Aldrich
[OK] 69335-91-7 | Fluazifop | files=1 | ChemBlink/Sigma-Aldrich
[OK] 69806-50-4 | Fluazifop-butyl | files=1 | ChemBlink/Sigma-Aldrich
[OK] 79241-46-6 | Fluazifop-p-butyl | files=1 | ChemBlink/Sigma-Aldrich
[OK] 37893-02-0 | flubenzimine | files=1 | ChemBlink/Sigma-Aldrich
[OK] 70124-77-5 | Flucythrinate | files=1 | ChemBlink/Sigma-Aldrich
[OK] 4301-50-2 | Fluenetil | files=1 | Name-Search (file.medchemexpress.com)
[OK] 142459-58-3 | Flufenacet | files=1 | ChemBlink/Sigma-Aldrich
[OK] 101463-69-8 | Flufenoxuron | files=1 | ChemBlink/Sigma-Aldrich
[OK] 42835-25-6 | Flumequine | files=1 | ChemBlink/Alfa-Aesar
[OK] 69770-45-2 | Flumethrin | files=1 | ChemBlink/Sigma-Aldrich
[OK] 62924-70-3 | Flumetralin | files=1 | ChemBlink/Sigma-Aldrich
[OK] 103361-09-7 | flumioxazin | files=1 | ChemBlink/Sigma-Aldrich
[OK] 16872-11-0 | Fluoboric acid | files=1 | ChemBlink/Alfa-Aesar
[OK] 2164-17-2 | Fluometuron | files=1 | ChemBlink/Sigma-Aldrich
[OK] 206-44-0 | Fluoranthene | files=1 | ChemBlink/Alfa-Aesar
[OK] 86-73-7 | Fluorene | files=1 | ChemBlink/Alfa-Aesar
[OK] 30084-90-3 | Fluorene-2-carboxaldehyde | files=1 | ChemBlink/Alfa-Aesar
[OK] 6284-80-6 | fluoreneacetic acid, 9- | files=1 | ChemBlink/Alfa-Aesar
[OK] 38183-12-9 | Fluorescamine | files=1 | ChemBlink/Alfa-Aesar
[OK] 27072-45-3 | fluorescein 5(6)-isothiocyanate | files=1 | ChemBlink/Sigma-Aldrich
[OK] 518-47-8 | Fluorescein sodium salt | files=1 | ChemBlink/Alfa-Aesar
[OK] 4404-43-7 | Fluorescent Brightener 28 | files=1 | ChemBlink/Sigma-Aldrich
[OK] 640-19-7 | Fluoroacetamide | files=1 | ChemBlink/Sigma-Aldrich
[OK] 144-49-0 | Fluoroacetic acid | files=1 | ChemBlink/Sigma-Aldrich
[OK] 462-06-6 | Fluorobenzene | files=1 | ChemBlink/Alfa-Aesar
[OK] 456-22-4 | fluorobenzoic acid, 4- | files=1 | ChemBlink/Alfa-Aesar
[OK] 353-36-6 | FLUOROETHANE | files=1 | ChemBlink/Alfa-Aesar
[OK] 75-46-7 | Fluoroform | files=1 | ChemBlink/Alfa-Aesar
[OK] 1011-15-0 | fluorophenylpiperazine, 1-(2- | files=1 | ChemBlink/Alfa-Aesar
[OK] 2252-63-3 | fluorophenylpiperazine, 1-(4- | files=1 | ChemBlink/Alfa-Aesar
[OK] 36404-90-7 | fluoropyridinecarboxaldehyde, 2-,3- | files=1 | ChemBlink/Sigma-Aldrich
[OK] 16961-83-4 | Fluorosilicic acid | files=1 | ChemBlink/Alfa-Aesar
[OK] 7789-21-1 | Fluorosulfonic acid | files=1 | ChemBlink/Sigma-Aldrich
[OK] 119126-15-7 | flupoxam | files=1 | CAS-Search (www.chemicalbook.com)
[OK] 136426-54-5 | fluquinconazole | files=1 | ChemBlink/Sigma-Aldrich
[OK] 72850-64-7 | flurazole | files=1 | CAS-Search (www.combi-blocks.com)
[OK] 69377-81-7 | Fluroxypyr | files=1 | ChemBlink/Sigma-Aldrich
[NOTFOUND] 154486-27-8 | fluroxypyr butoxypropyl ester
[OK] 96525-23-4 | flurtamone | files=1 | ChemBlink/Sigma-Aldrich
[OK] 85509-19-9 | Flusilazole | files=1 | ChemBlink/Sigma-Aldrich
[OK] 66332-96-5 | Flutolanil | files=1 | ChemBlink/Sigma-Aldrich
[OK] 82911-69-1 | Fmoc N-hydroxysuccinimide ester | files=1 | ChemBlink/Alfa-Aesar
[OK] 35661-39-3 | Fmoc-Ala-OH | files=1 | ChemBlink/Alfa-Aesar
[OK] 166108-71-0 | Fmoc-aminoethoxyethoxyacetic acid, 2-,2- | files=1 | ChemBlink/Alfa-Aesar
[OK] 71989-16-7 | Fmoc-Asn-OH | files=1 | ChemBlink/Alfa-Aesar
[OK] 132388-59-1 | Fmoc-Asn(Trt)-OH | files=1 | ChemBlink/Alfa-Aesar
[OK] 71989-14-5 | Fmoc-Asp(OtBu)-OH | files=1 | ChemBlink/Alfa-Aesar
[OK] 92122-45-7 | Fmoc-D-Lys(Boc)-OH | files=1 | ChemBlink/Alfa-Aesar
[OK] 71989-18-9 | Fmoc-Glu(OtBu)-OH | files=1 | ChemBlink/Alfa-Aesar
[OK] 29022-11-5 | Fmoc-Gly-OH | files=1 | ChemBlink/Alfa-Aesar
[OK] 109425-51-6 | Fmoc-His(Trt)-OH | files=1 | ChemBlink/Alfa-Aesar
[OK] 71989-23-6 | Fmoc-Ile-OH | files=1 | ChemBlink/Alfa-Aesar
[OK] 35661-60-0 | Fmoc-Leu-OH | files=1 | ChemBlink/Alfa-Aesar
[OK] 71989-26-9 | Fmoc-Lys(Boc)-OH | files=1 | ChemBlink/Alfa-Aesar
[OK] 71989-28-1 | Fmoc-Met-OH | files=1 | ChemBlink/Alfa-Aesar
[OK] 35661-40-6 | Fmoc-Phe-OH | files=1 | ChemBlink/Alfa-Aesar
[OK] 71989-31-6 | Fmoc-Pro-OH | files=1 | ChemBlink/Alfa-Aesar
[OK] 73724-45-5 | Fmoc-Ser-OH | files=1 | ChemBlink/Alfa-Aesar
[OK] 71989-33-8 | Fmoc-Ser(tBu)-OH | files=1 | ChemBlink/Alfa-Aesar
[OK] 71989-35-0 | Fmoc-Thr(tBu)-OH | files=1 | ChemBlink/Alfa-Aesar
[OK] 143824-78-6 | Fmoc-Trp(Boc)-OH | files=1 | ChemBlink/Alfa-Aesar
[OK] 71989-38-3 | Fmoc-Tyr(tBu)-OH | files=1 | ChemBlink/Alfa-Aesar
[OK] 68858-20-8 | Fmoc-Val-OH | files=1 | ChemBlink/Alfa-Aesar
[OK] 59-30-3 | Folic acid | files=1 | ChemBlink/Alfa-Aesar
[OK] 72178-02-0 | Fomesafen | files=1 | ChemBlink/Sigma-Aldrich
[OK] 944-22-9 | Fonofos | files=1 | ChemBlink/Sigma-Aldrich
[OK] 93924-31-3 | Foots oil (petroleum), acid-treated | files=1 | Name-Search (www.chemicalbook.com)
[OK] 64742-67-2 | Foots oil, petroleum | files=1 | CAS-Search (molgroup.info)
[NOTFOUND] 107-16-4 | Formaldehyde cyanohydrin
[OK] 462-95-3 | Formaldehyde diethyl acetal | files=1 | ChemBlink/Alfa-Aesar
[OK] 109-87-5 | Formaldehyde dimethyl acetal | files=1 | ChemBlink/Alfa-Aesar
[OK] 870-72-4 | Formaldehyde-sodium bisulfite adduct | files=1 | ChemBlink/Alfa-Aesar
[OK] 75-12-7 | Formamide | files=1 | ChemBlink/Alfa-Aesar
[OK] 124172-53-8 | Formamide, N,N'-1,6-hexanediylbis(N-(2,2,6,6-tetramethyl-4-piperidinyl)- | files=1 | ChemBlink/Ambeed
[OK] 64-18-6 | Formic acid | files=1 | ChemBlink/Alfa-Aesar
[OK] 15077-13-1 | Formic acid-triethylamine 5:2 | files=1 | ChemBlink/Oakwood
[OK] 2540-82-1 | Formothion | files=1 | ChemBlink/Accu-Standard
[OK] 7755-92-2 | formyl piperazine, 1- | files=1 | ChemBlink/Alfa-Aesar
[OK] 619-66-9 | formylbenzoic acid, 4- | files=1 | ChemBlink/Alfa-Aesar
[OK] 59682-52-9 | Fosamine | files=1 | Name-Search (www.chemicalbook.com)
[OK] 25954-13-6 | Fosamine ammonium salt | files=1 | CAS-Search (pim-resources.coleparmer.com)
[OK] 39148-24-8 | Fosetyl-aluminum | files=1 | ChemBlink/Accu-Standard
[OK] 98886-44-3 | Fosthiazate | files=1 | ChemBlink/Sigma-Aldrich
[OK] 124-73-2 | FREON 114B2 | files=1 | ChemBlink/Syn-Quest
[OK] 3878-19-1 | Fuberidazole | files=1 | ChemBlink/Sigma-Aldrich
[OK] 3244-88-0 | Fuchsin acid | files=1 | ChemBlink/Alfa-Aesar
[OK] 68476-26-6 | Fuel gases | files=1 | CAS-Search (www.industrialchemicals.gov.au)
[NOTFOUND] 68476-29-9 | Fuel gases, crude oil distillates
[OK] 68476-34-6 | Fuel oil no. 2-D | files=1 | CAS-Search (www.alpharesources.com)
[OK] 68476-31-3 | Fuel oil no. 4 | files=1 | CAS-Search (www.hess.com)
[OK] 68553-00-4 | Fuel oil no. 6 | files=1 | CAS-Search (file1.lookchem.com)
[OK] 68476-33-5 | Fuel oil tank bottoms | files=1 | CAS-Search (www.hess.com)
[OK] 64741-64-6 | full-range alkylate naphtha | files=1 | CAS-Search (www.vitol.com)
[OK] 110-17-8 | Fumaric acid | files=1 | ChemBlink/Alfa-Aesar
[OK] 117-52-2 | Fumarin | files=1 | ChemBlink/Sigma-Aldrich
[OK] 764-42-1 | Fumaronitrile | files=1 | ChemBlink/Alfa-Aesar
[OK] 627-63-4 | Fumaryl chloride | files=1 | ChemBlink/Alfa-Aesar
[OK] 57646-30-7 | furalaxyl | files=1 | ChemBlink/Sigma-Aldrich
[OK] 139-91-3 | Furaltadone | files=1 | ChemBlink/Sigma-Aldrich
[OK] 110-00-9 | Furan | files=1 | ChemBlink/Alfa-Aesar
[OK] 13331-23-2 | furanboronic acid, 2- | files=1 | ChemBlink/Alfa-Aesar
[OK] 65907-30-4 | Furathiocarb | files=1 | ChemBlink/Sigma-Aldrich
[OK] 67-45-8 | Furazolidone | files=1 | ChemBlink/Alfa-Aesar
[OK] 98-01-1 | Furfural | files=1 | ChemBlink/Alfa-Aesar
[OK] 98-00-0 | Furfuryl alcohol | files=1 | ChemBlink/Alfa-Aesar
[OK] 617-89-0 | Furfurylamine | files=1 | ChemBlink/Alfa-Aesar
[OK] 60568-05-0 | Furmecyclox | files=1 | ChemBlink/Sigma-Aldrich
[OK] 54-31-9 | Furosemide | files=1 | ChemBlink/Alfa-Aesar
[OK] 19598-90-4 | Gadolinium nitrate hexahydrate | files=1 | ChemBlink/Sigma-Aldrich
[OK] 12064-62-9 | Gadolinium(III)oxide | files=1 | ChemBlink/Alfa-Aesar
[OK] 149-91-7 | Gallic acid | files=1 | ChemBlink/Alfa-Aesar
[OK] 5995-86-8 | gallic acid monohydrate | files=1 | ChemBlink/Alfa-Aesar
[OK] 7440-55-3 | Gallium | files=1 | ChemBlink/Alfa-Aesar
[OK] 12024-21-4 | Gallium (III) oxide | files=1 | ChemBlink/Alfa-Aesar
[OK] 1303-00-0 | Gallium arsenide | files=1 | ChemBlink/Alfa-Aesar
[OK] 74405-53-8 | gallium standard solution | files=1 | Name-Search (www.kishida.co.jp)
[OK] 13450-90-3 | Gallium trichloride | files=1 | ChemBlink/Alfa-Aesar
[OK] 69365-72-6 | Gallium(III) nitrate hydrate | files=1 | ChemBlink/Alfa-Aesar
[OK] 695-06-7 | gamma caprolactone | files=1 | ChemBlink/Alfa-Aesar
[OK] 96-48-0 | gamma-Butyrolactone | files=1 | ChemBlink/Alfa-Aesar
[OK] 9007-83-4 | gamma-Globulins Human:From Cohn Fraction ll,lll | files=1 | ChemBlink/Alfa-Aesar
[OK] 99-85-4 | gamma-terpinene | files=1 | ChemBlink/Sigma-Aldrich
[NOTFOUND] 97862-78-7 | Gas oils, hydrotreated
[OK] 93924-33-5 | Gas oils, paraffinic | files=1 | Name-Search (www.chemicalbook.com)
[OK] 64742-86-5 | Gas oils, petroleum, hydrodesulfurized heavy vacuum | files=1 | Name-Search (www.hess.com)
[OK] 68527-18-4 | Gas oils, petroleum, steam-cracked | files=1 | CAS-Search (www.industrialchemicals.gov.au)
[NOTFOUND] 92045-15-3 | Gases (petroleum), gas oil diethanolamine scrubber off
[NOTFOUND] 92045-16-4 | Gases (petroleum), gas oil hydrodesulfurization effluent
[NOTFOUND] 92045-17-5 | Gases (petroleum), gas oil hydrodesulfurization purge
[OK] 92045-18-6 | Gases (petroleum), hydrogenator effluent flash drum off | files=1 | Name-Search (www.chemicalbook.com)
[OK] 92045-19-7 | Gases (petroleum), naphtha steam cracking high-pressure residual | files=1 | Name-Search (www.chemicalbook.com)
[NOTFOUND] 92045-22-2 | Gases (petroleum), steam-cracker C3-rich
[NOTFOUND] 68477-65-6 | Gases, petroleum, amine system feed
[NOTFOUND] 68477-66-7 | Gases, petroleum, benzene unit hydrodesulfurizer off
[NOTFOUND] 68602-82-4 | Gases, petroleum, benzene unit hydrotreater depentenizer overheads
[NOTFOUND] 68477-67-8 | Gases, petroleum, benzene unit recycle, hydrogen-rich
[NOTFOUND] 68477-68-9 | Gases, petroleum, blend oil, hydrogen-nitrogen-rich
[NOTFOUND] 68477-69-0 | Gases, petroleum, butane splitter overheads
[NOTFOUND] 68477-70-3 | Gases, petroleum, C2-3
[NOTFOUND] 68783-65-3 | Gases, petroleum, C2-4, sweetened
[NOTFOUND] 68477-84-9 | Gases, petroleum, C2-return stream
[NOTFOUND] 68131-75-9 | Gases, petroleum, C3-4
[NOTFOUND] 68477-33-8 | Gases, petroleum, C3-4, isobutane-rich
[NOTFOUND] 68477-85-0 | Gases, petroleum, C4-rich
[NOTFOUND] 68477-81-6 | Gases, petroleum, C6-8 catalytic reformer
[NOTFOUND] 68477-80-5 | Gases, petroleum, C6-8 catalytic reformer recycle
[NOTFOUND] 68477-82-7 | Gases, petroleum, C6-8 catalytic reformer recycle, hydrogen-rich
[NOTFOUND] 68952-76-1 | Gases, petroleum, catalytic cracked naphtha debutanizer
[NOTFOUND] 68477-73-6 | Gases, petroleum, catalytic cracked naphtha depropanizer overhead, C3-rich acid-free
[NOTFOUND] 68409-99-4 | Gases, petroleum, catalytic cracked overheads
[NOTFOUND] 68783-64-2 | Gases, petroleum, catalytic cracking
[NOTFOUND] 68477-76-9 | Gases, petroleum, catalytic polymd. naphtha stabilizer overhead, C2-4-rich
[NOTFOUND] 68477-77-0 | Gases, petroleum, catalytic reformed naphtha stripper overheads
[NOTFOUND] 68513-14-4 | Gases, petroleum, catalytic reformed straight-run naphtha stabilizer overheads
[NOTFOUND] 68477-79-2 | Gases, petroleum, catalytic reformer, C1-4-rich
[NOTFOUND] 68477-71-4 | Gases, petroleum, catalytic-cracked gas oil depropanizer bottoms, C4-rich acid-free
[NOTFOUND] 68477-72-5 | Gases, petroleum, catalytic-cracked naphtha debutanizer bottoms, C3-5-rich
[NOTFOUND] 68919-00-6 | Gases, petroleum, dehexanizer off
[NOTFOUND] 68477-87-2 | Gases, petroleum, deisobutanizer tower overheads
[NOTFOUND] 68477-91-8 | Gases, petroleum, depropanizer overheads
[NOTFOUND] 68919-01-7 | Gases, petroleum, distillate unifiner desulfurization stripper off
[NOTFOUND] 68477-92-9 | Gases, petroleum, dry sour, gas-concn-unit-off
[NOTFOUND] 68919-02-8 | Gases, petroleum, fluidized catalytic cracker fractionation off
[NOTFOUND] 68919-20-0 | Gases, petroleum, fluidized catalytic cracker splitter overheads
[NOTFOUND] 68513-15-5 | Gases, petroleum, full-range straight-run naphtha dehexanizer off
[NOTFOUND] 68477-93-0 | Gases, petroleum, gas concn. reabsorber distn.
[NOTFOUND] 68477-95-2 | Gases, petroleum, Girbatol unit feed
[NOTFOUND] 68783-06-2 | Gases, petroleum, hydrocracking low-pressure separator
[NOTFOUND] 68477-96-3 | Gases, petroleum, hydrogen absorber off
[NOTFOUND] 68477-97-4 | Gases, petroleum, hydrogen-rich
[NOTFOUND] 68911-58-0 | Gases, petroleum, hydrotreated sour kerosine depentanizer stabilizer off
[NOTFOUND] 68911-59-1 | Gases, petroleum, hydrotreated sour kerosine flash drum
[NOTFOUND] 68477-98-5 | Gases, petroleum, hydrotreater blend oil recycle, hydrogen-nitrogen-rich
[OK] 68955-28-2 | Gases, petroleum, light steam-cracked, butadiene conc. | files=1 | CAS-Search (www.shell.com)
[NOTFOUND] 68919-05-1 | Gases, petroleum, light straight run gasoline fractionation stabilizer off
[NOTFOUND] 68513-17-7 | Gases, petroleum, light straight-run naphtha stabilizer off
[NOTFOUND] 68527-15-1 | Gases, petroleum, oil refinery gas distn. off
[NOTFOUND] 68919-07-3 | Gases, petroleum, platformer stabilizer off, light ends fractionation
[NOTFOUND] 68919-08-4 | Gases, petroleum, preflash tower off, crude distn.
[NOTFOUND] 68478-00-2 | Gases, petroleum, recycle, hydrogen-rich
[NOTFOUND] 68783-07-3 | Gases, petroleum, refinery blend
[NOTFOUND] 68513-18-8 | Gases, petroleum, reformer effluent high-pressure flash drum off
[NOTFOUND] 68478-01-3 | Gases, petroleum, reformer make-up, hydrogen-rich
[NOTFOUND] 68478-04-6 | Gases, petroleum, reforming hydrotreater make-up, hydrogen-rich
[NOTFOUND] 68478-03-5 | Gases, petroleum, reforming hydrotreater, hydrogen-methane-rich
[NOTFOUND] 68602-84-6 | Gases, petroleum, secondary absorber off, fluidized catalytic cracker overheads fractionater
[NOTFOUND] 68955-34-0 | Gases, petroleum, straight-run naphtha catalytic reformer stabilizer overhead
[NOTFOUND] 68919-11-9 | Gases, petroleum, tar stripper off
[NOTFOUND] 68478-05-7 | Gases, petroleum, thermal cracking distn.
[NOTFOUND] 68919-12-0 | Gases, petroleum, unifiner stripper off
[OK] 94114-55-3 | Gasoline, coal solvent extn., hydrocracked naphtha | files=1 | Name-Search (www.chemicalbook.com)
[OK] 68606-10-0 | Gasoline, pyrolysis, debutanizer bottoms | files=1 | CAS-Search (www.vitol.com)
[OK] 94114-03-1 | Gasoline, pyrolysis, hydrogenated | files=1 | CAS-Search (hip-petrohemija.com)
[OK] 9000-70-8 | Gelatin | files=1 | ChemBlink/Alfa-Aesar
[OK] 91079-43-5 | gelatin hydrolysate | files=1 | CAS-Search (www.chemicalbook.com)
[OK] 71010-52-1 | Gellan Gum | files=1 | ChemBlink/Alfa-Aesar
[OK] 446-72-0 | Genistein Synthetic | files=1 | ChemBlink/Alfa-Aesar
[OK] 97-16-5 | Genite | files=1 | ChemBlink/Sigma-Aldrich
[OK] 1405-41-0 | Gentamicin sulfate salt | files=1 | ChemBlink/Alfa-Aesar
[OK] 10038-98-9 | Germanium(IV) chloride | files=1 | ChemBlink/Alfa-Aesar
[OK] 1310-53-8 | germanium(IV) oxide | files=1 | ChemBlink/Alfa-Aesar
[OK] 77-06-5 | Gibberellic acid | files=1 | ChemBlink/Alfa-Aesar
[OK] 101-38-2 | Gibbs reagent | files=1 | ChemBlink/Alfa-Aesar
[OK] 51811-82-6 | giemsa' stain | files=1 | ChemBlink/Alfa-Aesar
[OK] 65997-17-3 | Glass spheres | files=1 | ChemBlink/Sigma-Aldrich
[OK] 526-95-4 | Gluconic acid | files=1 | ChemBlink/Alfa-Aesar
[OK] 90-80-2 | gluconolactone | files=1 | ChemBlink/Alfa-Aesar
[OK] 9001-40-5 | Glucose-6-phosphate dehydrogenase | files=1 | ChemBlink/Alfa-Aesar
[OK] 77182-82-2 | Glufosinate ammonium | files=1 | ChemBlink/Alfa-Aesar
[OK] 111-30-8 | Glutardialdehyde | files=1 | ChemBlink/Alfa-Aesar
[OK] 110-94-1 | Glutaric acid | files=1 | ChemBlink/Alfa-Aesar
[OK] 544-13-8 | Glutaronitrile | files=1 | ChemBlink/Alfa-Aesar
[OK] 9001-48-3 | Glutathione reductase | files=1 | ChemBlink/Sigma-Aldrich
[OK] 556-50-3 | Gly-Gly | files=1 | ChemBlink/Alfa-Aesar
[OK] 869-19-2 | Gly-Leu | files=1 | ChemBlink/Sigma-Aldrich
[OK] 56-81-5 | Glycerine | files=1 | ChemBlink/Alfa-Aesar
[OK] 102-76-1 | Glycerol  triacetate | files=1 | ChemBlink/Alfa-Aesar
[OK] 96-24-2 | Glycerol alpha-monochlorohydrin | files=1 | ChemBlink/Alfa-Aesar
[OK] 27043-36-3 | Glycerol diglycidyl ether | files=1 | ChemBlink/Sigma-Aldrich
[OK] 60-01-5 | Glycerol tributyrate | files=1 | ChemBlink/Alfa-Aesar
[OK] 555-44-2 | Glycerol tripalmitate | files=1 | ChemBlink/Alfa-Aesar
[OK] 556-52-5 | Glycidol | files=1 | ChemBlink/Alfa-Aesar
[OK] 60456-23-7 | glycidol, S(-) | files=1 | ChemBlink/Alfa-Aesar
[OK] 113826-06-5 | glycidyl tosylate, 2R(-) | files=1 | ChemBlink/Alfa-Aesar
[OK] 3033-77-0 | Glycidyltrimethylammonium chloride | files=1 | ChemBlink/Sigma-Aldrich
[OK] 56-40-6 | Glycine | files=1 | ChemBlink/Alfa-Aesar
[OK] 5680-79-5 | glycine methyl ester hydrochloride | files=1 | ChemBlink/Alfa-Aesar
[NOTFOUND] 70393-85-0 | Glycine, N-(phosphonomethyl)-, sodium salt (2:3)
[OK] 623-33-6 | glycineethylesterhydrochloride | files=1 | ChemBlink/Alfa-Aesar
[OK] 9005-79-2 | Glycogen | files=1 | ChemBlink/Alfa-Aesar
[OK] 23147-58-2 | glycolaldehyde dimer | files=1 | ChemBlink/Sigma-Aldrich
[OK] 107-22-2 | Glyoxal | files=1 | ChemBlink/Alfa-Aesar
[OK] 4405-13-4 | Glyoxal trimer dihydrate | files=1 | ChemBlink/Alfa-Aesar
[OK] 563-96-2 | glyoxylic acid monohydrate | files=1 | ChemBlink/Alfa-Aesar
[OK] 1071-83-6 | Glyphosate | files=1 | ChemBlink/Alfa-Aesar
[OK] 70901-20-1 | Glyphosate potassium salt | files=1 | CAS-Search (www.austcrop.com.au)
[OK] 40465-66-5 | Glyphosate-ammonium | files=1 | CAS-Search (go.lupinsys.com)
[NOTFOUND] 34494-03-6 | Glyphosate-sodium
[OK] 2439-99-8 | glyphosine | files=1 | ChemBlink/Sigma-Aldrich
[OK] 16961-25-4 | GOLD (III) CHLORIDE TRIHYDRATE 99.9+% | files=1 | ChemBlink/Alfa-Aesar
[OK] 27988-77-8 | gold chloride hydrate | files=1 | ChemBlink/Alfa-Aesar
[OK] 506-65-0 | Gold cyanide (auric cyanide trihydrate, cyanoauric acid trihydarte) | files=1 | ChemBlink/Alfa-Aesar
[OK] 10294-29-8 | Gold(I) chloride | files=1 | ChemBlink/Alfa-Aesar
[OK] 13967-50-5 | Gold(I)potassium cyanide | files=1 | ChemBlink/Alfa-Aesar
[OK] 13453-07-1 | Gold(III) chloride anhydrous | files=1 | ChemBlink/Alfa-Aesar
[OK] 9002-70-4 | gonadrotopin | files=1 | ChemBlink/Sigma-Aldrich
[OK] 7782-42-5 | Graphite | files=1 | ChemBlink/Alfa-Aesar
[OK] 119914-60-2 | Grepafloxacin | files=1 | ChemBlink/Ambeed
[OK] 9059-09-0 | GSK-3 Beta | files=1 | CAS-Search (www.chemicalbook.com)
[OK] 115044-19-4 | GTA | files=1 | ChemBlink/Sigma-Aldrich
[OK] 593-85-1 | guanidine carbonate | files=1 | ChemBlink/Alfa-Aesar
[OK] 50-01-1 | Guanidine monohydrochloride | files=1 | ChemBlink/Alfa-Aesar
[OK] 112-65-2 | Guanidine, dodecyl- | files=1 | Name-Search (kernred.co.kern.ca.us)
[OK] 506-93-4 | Guanidinium nitrate | files=1 | ChemBlink/Alfa-Aesar
[OK] 593-84-0 | Guanidinium thiocyanate | files=1 | ChemBlink/Alfa-Aesar
[OK] 73-40-5 | guanine | files=1 | ChemBlink/Alfa-Aesar
[OK] 108173-90-6 | Guazatine | files=1 | Name-Search (www.chemicalbook.com)
[OK] 0009-01-5 | gum arabic | files=1 | Name-Search (hummelcroton.com)
[OK] 9000-29-7 | Gum Guaiac | files=1 | ChemBlink/Sigma-Aldrich
[OK] 9000-40-2 | Gum, locust bean | files=1 | ChemBlink/Alfa-Aesar
[OK] 517-28-2 | haematoxylin | files=1 | ChemBlink/Alfa-Aesar
[OK] 111872-58-3 | Halfenprox | files=1 | ChemBlink/Sigma-Aldrich
[OK] 59128-97-1 | Haloxazolam | files=1 | CAS-Search (www.ichemistry.cn)
[OK] 69806-34-4 | Haloxyfop | files=1 | ChemBlink/Sigma-Aldrich
[OK] 87237-48-7 | haloxyfop ethoxyethyl ester | files=1 | ChemBlink/Sigma-Aldrich
[OK] 69806-40-2 | Haloxyfop-methyl | files=1 | ChemBlink/Sigma-Aldrich
[OK] 64741-61-3 | heavy catalytically cracked distillate | files=1 | CAS-Search (slovnaft.sk)
[OK] 64741-53-3 | heavy naphthenic distillate | files=1 | CAS-Search (msds.ergon.com)
[OK] 64742-04-7 | heavy paraffinic distillate solvent extract | files=1 | CAS-Search (www.recarroll.com)
[NOTFOUND] 64741-41-9 | heavy straight-run naphtha
[NOTFOUND] 64741-83-9 | heavy thermally cracked naphtha
[OK] 7440-59-7 | Helium | files=1 | ChemBlink/Alfa-Aesar
[OK] 16009-13-5 | Hemin | files=1 | ChemBlink/Alfa-Aesar
[OK] 9008-02-0 | hemoglobin from bovine blood | files=1 | ChemBlink/Alfa-Aesar
[OK] 629-94-7 | heneicosane | files=1 | ChemBlink/Alfa-Aesar
[OK] 9041-08-1 | Heparin sodium salt | files=1 | ChemBlink/Alfa-Aesar
[OK] 9005-49-6 | HEPES | files=1 | Name-Search (pdf.benchchem.com)
[OK] 75277-39-3 | HEPES sodium salt | files=1 | ChemBlink/Alfa-Aesar
[OK] 76-44-8 | Heptachlor | files=1 | ChemBlink/Sigma-Aldrich
[OK] 1024-57-3 | Heptachlor epoxide | files=1 | ChemBlink/Sigma-Aldrich
[OK] 506-12-7 | heptadecanoic acid | files=1 | ChemBlink/Alfa-Aesar
[OK] 375-22-4 | Heptafluorobutyric acid | files=1 | ChemBlink/Alfa-Aesar
[OK] 375-16-6 | Heptafluorobutyryl chloride | files=1 | ChemBlink/Alfa-Aesar
[OK] 111-71-7 | Heptanal | files=1 | ChemBlink/Alfa-Aesar
[OK] 3074-71-3 | Heptane, 2,3-dimethyl- | files=1 | ChemBlink/Sigma-Aldrich
[OK] 646-20-8 | Heptanedinitrile | files=1 | ChemBlink/Alfa-Aesar
[NOTFOUND] 89575-10-0 | Heptoyl vanillylamide
[OK] 111-68-2 | Heptylamine | files=1 | ChemBlink/Alfa-Aesar
[OK] 69097-99-0 | Hesperetin | files=1 | ChemBlink/Sigma-Aldrich
[OK] 520-26-3 | Hesperidin | files=1 | ChemBlink/Alfa-Aesar
[OK] 23162-64-3 | hexabromoacetone | files=1 | ChemBlink/Sigma-Aldrich
[OK] 13939-06-5 | Hexacarbonylmolybdenum | files=1 | ChemBlink/Alfa-Aesar
[OK] 116-16-5 | Hexachloroacetone | files=1 | ChemBlink/Alfa-Aesar
[OK] 118-74-1 | Hexachlorobenzene | files=1 | ChemBlink/Alfa-Aesar
[OK] 608-73-1 | Hexachlorocyclohexane | files=1 | ChemBlink/Sigma-Aldrich
[OK] 77-47-4 | Hexachlorocyclopentadiene | files=1 | ChemBlink/Alfa-Aesar
[OK] 67-72-1 | Hexachloroethane | files=1 | ChemBlink/Alfa-Aesar
[OK] 57876-28-5 | Hexachloroiridium(IV) acid hydrate | files=1 | Name-Search (aladdin-for-icloud-store.oss-cn-hangzhou.aliyuncs.com)
[OK] 70-30-4 | Hexachlorophene | files=1 | ChemBlink/Sigma-Aldrich
[OK] 16941-12-1 | Hexachloroplatinic acid Hydrate | files=1 | ChemBlink/Alfa-Aesar
[OK] 1888-71-7 | Hexachloropropene | files=1 | ChemBlink/Alfa-Aesar
[OK] 79983-71-4 | Hexaconazole | files=1 | ChemBlink/Sigma-Aldrich
[OK] 630-01-3 | hexacosane | files=1 | ChemBlink/Alfa-Aesar
[OK] 544-76-3 | Hexadecane | files=1 | ChemBlink/Alfa-Aesar
[OK] 1943-84-6 | Hexadecyl isocyanate, 97% | files=1 | ChemBlink/Sigma-Aldrich
[OK] 143-27-1 | Hexadecylamine | files=1 | ChemBlink/Alfa-Aesar
[OK] 57-09-0 | Hexadecyltrimethylammonium bromide | files=1 | ChemBlink/Alfa-Aesar
[OK] 112-02-7 | Hexadecyltrimethylammonium chloride | files=1 | ChemBlink/Alfa-Aesar
[OK] 138-32-9 | Hexadecyltrimethylammonium p-toluenesulfonate | files=1 | ChemBlink/Sigma-Aldrich
[OK] 2283-11-6 | Hexaethyltriaminophosphine | files=1 | ChemBlink/Alfa-Aesar
[OK] 34202-69-2 | hexafluoroacetone trihydrate | files=1 | ChemBlink/Alfa-Aesar
[OK] 76-16-4 | Hexafluoroethane | files=1 | ChemBlink/Alfa-Aesar
[OK] 16940-81-1 | hexafluorophosphoric acid | files=1 | ChemBlink/Alfa-Aesar
[OK] 116-15-4 | Hexafluoropropylene | files=1 | ChemBlink/Alfa-Aesar
[OK] 85-42-7 | Hexahydrophthalic anhydride | files=1 | ChemBlink/Alfa-Aesar
[OK] 1450-14-2 | Hexamethyldisilane | files=1 | ChemBlink/Alfa-Aesar
[OK] 999-97-3 | Hexamethyldisilazane | files=1 | ChemBlink/Alfa-Aesar
[OK] 107-46-0 | Hexamethyldisiloxane | files=1 | ChemBlink/Alfa-Aesar
[OK] 100-97-0 | Hexamethylenetetramine | files=1 | ChemBlink/Alfa-Aesar
[OK] 111-49-9 | Hexamethylenimine | files=1 | ChemBlink/Alfa-Aesar
[OK] 680-31-9 | Hexamethylphosphoramide | files=1 | ChemBlink/Sigma-Aldrich
[OK] 1608-26-0 | Hexamethyltriaminophosphine | files=1 | ChemBlink/Alfa-Aesar
[OK] 110-54-3 | Hexane | files=1 | ChemBlink/Alfa-Aesar
[OK] 111-69-3 | Hexanedinitrile | files=1 | ChemBlink/Alfa-Aesar
[OK] 20062-22-0 | Hexanitrostilbene | files=1 | CAS-Search (www.hrd-aerosystems.com)
[OK] 14986-84-6 | HEXASODIUM TRETRAPHOSPHATE | files=1 | CAS-Search (asset.fujifilm.com)
[OK] 51235-04-2 | Hexazinone | files=1 | ChemBlink/Sigma-Aldrich
[OK] 142-92-7 | Hexyl acetate | files=1 | ChemBlink/Alfa-Aesar
[OK] 2499-95-8 | hexyl acrylate | files=1 | ChemBlink/Alfa-Aesar
[OK] 112-59-4 | Hexyl Carbitol | files=1 | ChemBlink/Alfa-Aesar
[OK] 54549-24-5 | hexyl D-glucoside | files=1 | CAS-Search (www.chemicalbook.com)
[OK] 111-26-2 | Hexylamine | files=1 | ChemBlink/Alfa-Aesar
[OK] 78587-05-0 | Hexythiazox | files=1 | ChemBlink/Sigma-Aldrich
[OK] 826-62-0 | Himic anhydride | files=1 | ChemBlink/Alfa-Aesar
[OK] 9075-67-6 | HinfI restriction enzyme | files=1 | Name-Search (biobasic-asia.com)
[OK] 532-94-5 | Hippuric acid sodium salt | files=1 | ChemBlink/Alfa-Aesar
[OK] 56-92-8 | Histamine Dihydrochloride | files=1 | ChemBlink/Alfa-Aesar
[OK] 1415-93-6 | Humic acid | files=1 | ChemBlink/Alfa-Aesar
[OK] 68131-04-4 | Humic acid, sodium salt | files=1 | ChemBlink/Alfa-Aesar
[OK] 37326-33-3 | Hyaluronidase from bovine testes | files=1 | ChemBlink/Sigma-Aldrich
[OK] 121-54-0 | Hyamine® 1622 | files=1 | ChemBlink/Alfa-Aesar
[OK] 461-72-3 | hydantoin | files=1 | ChemBlink/Alfa-Aesar
[OK] 5341-61-7 | Hydrazine Dihydrochloride | files=1 | ChemBlink/Alfa-Aesar
[OK] 10217-52-4 | Hydrazine hydrate | files=1 | CAS-Search (www.chemicalbook.com)
[OK] 10034-93-2 | Hydrazine hydrogen sulfate | files=1 | ChemBlink/Alfa-Aesar
[OK] 7803-57-8 | Hydrazine monohydrate | files=1 | ChemBlink/Alfa-Aesar
[OK] 5950-69-6 | Hydrindantin dihydrate | files=1 | ChemBlink/Sigma-Aldrich
[OK] 579-43-1 | Hydrobenzoin | files=1 | ChemBlink/Alfa-Aesar
[OK] 10035-10-6 | Hydrobromic acid | files=1 | ChemBlink/Alfa-Aesar
[OK] 100801-63-6 | Hydrocarbon oils, arom., mixed with polyethylene and polypropylene, pyrolyzed, light oil fraction | files=1 | Name-Search (www.chemicalbook.com)
[NOTFOUND] 100801-65-8 | Hydrocarbon oils, arom., mixed with polyethylene, pyrolyzed, lightoil fraction
[NOTFOUND] 100801-66-9 | Hydrocarbon oils, arom., mixed with polystyrene, pyrolyzed, light oil fraction
[OK] 68514-31-8 | Hydrocarbons, C1-4 | files=1 | Name-Search (www.chemicalbook.com)
[NOTFOUND] 68527-19-5 | Hydrocarbons, C1-4, debutanizer fraction
[OK] 68514-36-3 | Hydrocarbons, C1-4, sweetened | files=1 | CAS-Search (www.ichemistry.cn)
[NOTFOUND] 97722-09-3 | Hydrocarbons, C13-27, solvent-extd. light naphthenic
[NOTFOUND] 97722-06-0 | Hydrocarbons, C17-40, hydrotreated solvent-deaphalted distillation residue, vacuum distillation ligh
[NOTFOUND] 68606-25-7 | Hydrocarbons, C2-4
[OK] 68476-49-3 | Hydrocarbons, C2-4, C3-rich | files=1 | Name-Search (www.epa.gov)
[NOTFOUND] 68476-47-1 | Hydrocarbons, C2-6, C6-8 catalytic reformer
[NOTFOUND] 93924-61-9 | Hydrocarbons, C20-50, residual oil hydrogenation vacuum distillate
[NOTFOUND] 90640-95-2 | Hydrocarbons, C20-50, solvent-dewaxed heavy paraffinic, hydrotreated
[NOTFOUND] 97926-70-0 | Hydrocarbons, C20-58, hydrotreated
[NOTFOUND] 97722-04-8 | Hydrocarbons, C26-55, arom.-rich
[NOTFOUND] 97926-71-1 | Hydrocarbons, C27-42, naphthenic
[NOTFOUND] 97926-68-6 | Hydrocarbons, C27-45, dearomatized
[OK] 68606-26-8 | Hydrocarbons, C3 | files=1 | CAS-Search (www.rosneft.de)
[OK] 68476-40-4 | Hydrocarbons, C3-4 | files=1 | CAS-Search (arexons.it)
[OK] 68512-91-4 | Hydrocarbons, C3-4-rich, petroleum distillates | files=1 | CAS-Search (file1.lookchem.com)
[NOTFOUND] 102110-14-5 | Hydrocarbons, C3-6, C5-rich, steam-cracked naphtha
[NOTFOUND] 95371-08-7 | Hydrocarbons, C37-65, hydrotreated deasphalted vacuum distillation residues
[NOTFOUND] 95371-07-6 | Hydrocarbons, C37-68, dewaxed deasphalted hydrotreated vacuum distillation residues
[OK] 87741-01-3 | Hydrocarbons, C4 | files=1 | CAS-Search (www.eni-datenblatt.de)
[NOTFOUND] 92045-63-1 | Hydrocarbons, C4-11, naphtha cracking, arom.-free
[OK] 92045-61-9 | Hydrocarbons, C4-12, naphtha-cracking, hydrotreated | files=1 | CAS-Search (slovnaft.sk)
[NOTFOUND] 68476-42-6 | Hydrocarbons, C4-5
[OK] 91995-38-9 | Hydrocarbons, C4-6, depentanizer lights, arom. Hydrotreater | files=1 | CAS-Search (boatpaint.co.uk)
[OK] 95465-89-7 | Hydrocarbons, C4, 1,3-butadiene- and isobutene-free | files=1 | CAS-Search (hongrunplastics.com)
[OK] 92045-23-3 | Hydrocarbons, C4, steam-cracker distillate | files=1 | CAS-Search (www.shell.com)
[OK] 68476-55-1 | Hydrocarbons, C5-rich | files=1 | CAS-Search (www.novachem.com)
[NOTFOUND] 102110-15-6 | Hydrocarbons, C5-rich, dicyclopentadiene-containing
[NOTFOUND] 101316-66-9 | Hydrocarbons, C6-8, hydrogenated sorption-dearomatized, toluene raffination
[NOTFOUND] 101316-67-0 | Hydrocarbons, C6-rich, hydrotreated light naphtha distillates, solvent-refined
[NOTFOUND] 93572-35-1 | Hydrocarbons, C7-12, C>9-arom.-rich, reforming heavy fraction
[NOTFOUND] 92045-62-0 | Hydrocarbons, C8-11, naphtha-cracking, toluene cut
[NOTFOUND] 101794-97-2 | Hydrocarbons, C8-12, catalytic cracker distillates
[NOTFOUND] 101896-28-0 | Hydrocarbons, C8-12, catalytic cracking, chem. neutralized, sweetened
[OK] 92128-94-4 | Hydrocarbons, C8-12, catalytic-cracking, chem. Neutralized | files=1 | Name-Search (www.chemicalbook.com)
[NOTFOUND] 93763-34-9 | Hydrocarbons, C9-12, hydrotreated, dearomatized
[NOTFOUND] 93763-38-3 | Hydrocarbons, hydrocracked paraffinic distillation residues, solvent-dewaxed
[OK] 92045-55-1 | Hydrocarbons, hydrotreated light naphtha distillates, solvent-refined | files=1 | Name-Search (www.chemicalbook.com)
[OK] 501-52-0 | Hydrocinnamic acid | files=1 | ChemBlink/Alfa-Aesar
[OK] 50-23-7 | Hydrocortisone | files=1 | ChemBlink/Alfa-Aesar
[OK] 64742-80-9 | hydrodesulfurized middle distillate | files=1 | CAS-Search (www.crcindustries.com)
[OK] 7664-39-3 | Hydrofluoric acid, anhydrous | files=1 | ChemBlink/Alfa-Aesar
[OK] 1333-74-0 | Hydrogen | files=1 | ChemBlink/Sigma-Aldrich
[OK] 7722-84-1 | Hydrogen peroxide | files=1 | ChemBlink/Alfa-Aesar
[OK] 7783-06-4 | Hydrogen sulfide | files=1 | ChemBlink/Sigma-Aldrich
[OK] 10034-85-2 | Hydroiodic acid | files=1 | ChemBlink/Alfa-Aesar
[OK] 123-31-9 | Hydroquinone | files=1 | ChemBlink/Alfa-Aesar
[OK] 103-16-2 | Hydroquinone monobenzyl ether | files=1 | ChemBlink/Alfa-Aesar
[OK] 21799-87-1 | Hydroquinone monosulfonic acid potassium salt | files=1 | ChemBlink/Alfa-Aesar
[OK] 64742-48-9 | Hydrotreated heavy naphtha | files=1 | ChemBlink/LOBA
[OK] 64742-55-8 | hydrotreated light paraffinic distillate | files=1 | CAS-Search (www.chemos.de)
[OK] 118-93-4 | hydroxy acetophenone, 2'- | files=1 | ChemBlink/Alfa-Aesar
[OK] 9004-64-2 | Hydroxy Propyl Cellulose | files=1 | ChemBlink/Alfa-Aesar
[OK] 51-35-4 | hydroxy-L-proline, trans-4- | files=1 | ChemBlink/Alfa-Aesar
[OK] 116-09-6 | Hydroxyacetone | files=1 | ChemBlink/Alfa-Aesar
[OK] 99-93-4 | hydroxyacetophenone, 4- | files=1 | ChemBlink/Alfa-Aesar
[OK] 1306-06-5 | Hydroxyapatite | files=1 | ChemBlink/Alfa-Aesar
[OK] 99-06-9 | hydroxybenzoic acid, 3- | files=1 | ChemBlink/Alfa-Aesar
[OK] 99-96-7 | hydroxybenzoic acid, 4- | files=1 | ChemBlink/Alfa-Aesar
[OK] 123333-53-9 | hydroxybenzotriazole hydrate, 1- | files=1 | ChemBlink/Alfa-Aesar
[OK] 444-30-4 | hydroxybenzotrifluoride, 2- | files=1 | ChemBlink/Alfa-Aesar
[OK] 2233-18-3 | hydroxydimethylbenzaldehyde, 4-, -3,5- | files=1 | ChemBlink/Alfa-Aesar
[OK] 85563-48-0 | HYDROXYETHYL CETYLDIMONIUM PHOSPHATE | files=1 | CAS-Search (www.chemicalbook.com)
[OK] 103-76-4 | hydroxyethylpiperazine, 1-(2- | files=1 | ChemBlink/Alfa-Aesar
[OK] 5470-11-1 | Hydroxylamine hydrochloride | files=1 | ChemBlink/Alfa-Aesar
[OK] 7803-49-8 | Hydroxylamine solution | files=1 | ChemBlink/Alfa-Aesar
[OK] 10039-54-0 | Hydroxylamine sulfate | files=1 | ChemBlink/Alfa-Aesar
[OK] 2950-43-8 | Hydroxylamine-O-sulfonic acid | files=1 | ChemBlink/Alfa-Aesar
[OK] 672-13-9 | hydroxymethoxybenzaldehyde, 2-, -5- | files=1 | ChemBlink/Alfa-Aesar
[OK] 613-84-3 | hydroxymethylbenzaldehyde, 2-, -5- | files=1 | ChemBlink/Sigma-Aldrich
[OK] 4415-82-1 | Hydroxymethylcyclobutane | files=1 | ChemBlink/Alfa-Aesar
[OK] 63451-35-4 | Hydroxynaphthol blue | files=1 | ChemBlink/Acros-Organics
[OK] 42454-06-8 | hydroxynitrobenzaldehyde, 2-, -5- | files=1 | ChemBlink/Alfa-Aesar
[OK] 524-38-9 | hydroxyphthalimide, N- | files=1 | ChemBlink/Alfa-Aesar
[OK] 5382-16-1 | hydroxypiperidine, 4- | files=1 | ChemBlink/Alfa-Aesar
[OK] 109-78-4 | hydroxypropionitrile, 3- | files=1 | ChemBlink/Alfa-Aesar
[OK] 70-70-2 | hydroxypropiophenone, 4- | files=1 | ChemBlink/Alfa-Aesar
[OK] 923-26-2 | Hydroxypropyl methacrylate | files=1 | ChemBlink/Alfa-Aesar
[OK] 9004-65-3 | Hydroxypropyl Methyl Cellulose | files=1 | ChemBlink/Alfa-Aesar
[OK] 142-08-5 | hydroxypyridine, 2- | files=1 | ChemBlink/Alfa-Aesar
[OK] 611-36-9 | hydroxyquinoline, 4- | files=1 | ChemBlink/Alfa-Aesar
[OK] 31282-04-9 | Hygromycin B solution | files=1 | ChemBlink/Alfa-Aesar
[OK] 10004-44-1 | Hymexazol | files=1 | ChemBlink/Alfa-Aesar
[OK] 101-31-5 | Hyoscyamine | files=1 | ChemBlink/Carl-Roth
[OK] 6303-21-5 | Hypophosphorus acid solution | files=1 | ChemBlink/Alfa-Aesar
[OK] 300-84-5 | Hypotaurine | files=1 | ChemBlink/Sigma-Aldrich
[OK] 68-94-0 | Hypoxanthine | files=1 | ChemBlink/Alfa-Aesar
[OK] 51146-56-6 | Ibuprofen | files=1 | ChemBlink/Sigma-Aldrich
[OK] 23210-58-4 | ifenprodil tartrate salt | files=1 | ChemBlink/Sigma-Aldrich
[OK] 35554-44-0 | Imazalil | files=1 | ChemBlink/Sigma-Aldrich
[OK] 33586-66-2 | Imazalil nitrate (unstated stereochemistry) | files=1 | CAS-Search (www.ichemistry.cn)
[OK] 58594-72-2 | imazalil sulfate | files=1 | ChemBlink/Sigma-Aldrich
[OK] 114311-32-9 | imazamox | files=1 | ChemBlink/Sigma-Aldrich
[OK] 81334-34-1 | Imazapyr acid | files=1 | ChemBlink/Alfa-Aesar
[OK] 81335-37-7 | Imazaquin acid | files=1 | ChemBlink/Sigma-Aldrich
[OK] 81335-47-9 | Imazaquin ammonium | files=1 | CAS-Search (www.siteone.com)
[OK] 81335-77-5 | Imazethapyr | files=1 | ChemBlink/Sigma-Aldrich
[OK] 122548-33-8 | Imazosulfuron | files=1 | ChemBlink/Sigma-Aldrich
[OK] 138261-41-3 | Imidacloprid | files=1 | ChemBlink/Alfa-Aesar
[OK] 288-32-4 | Imidazole | files=1 | ChemBlink/Alfa-Aesar
[OK] 56-18-8 | Iminobispropylamine | files=1 | ChemBlink/Alfa-Aesar
[OK] 13516-27-3 | Iminoctadine | files=1 | CAS-Search (chemreg.net)
[OK] 142-73-4 | Iminodiacetic acid | files=1 | ChemBlink/Alfa-Aesar
[OK] 72963-72-5 | Imiprothrin | files=1 | ChemBlink/Sigma-Aldrich
[OK] 82211-24-3 | Inabenfide | files=1 | ChemBlink/Sigma-Aldrich
[OK] 496-11-7 | Indan | files=1 | ChemBlink/Alfa-Aesar
[OK] 482-89-3 | Indigo | files=1 | ChemBlink/Sigma-Aldrich
[OK] 860-22-0 | Indigo Carmine | files=1 | ChemBlink/Alfa-Aesar
[OK] 7440-74-6 | indium | files=1 | ChemBlink/Alfa-Aesar
[OK] 10025-82-8 | Indium(III) chloride hydrate | files=1 | ChemBlink/Alfa-Aesar
[OK] 207398-97-8 | Indium(III) nitrate hydrate | files=1 | ChemBlink/Alfa-Aesar
[OK] 1312-43-2 | Indium(III) oxide | files=1 | ChemBlink/Alfa-Aesar
[OK] 120-72-9 | Indole | files=1 | ChemBlink/Alfa-Aesar
[OK] 771-51-7 | Indole-3-acetonitrile | files=1 | ChemBlink/Alfa-Aesar
[OK] 133-32-4 | Indole-3-butyric acid | files=1 | ChemBlink/Alfa-Aesar
[OK] 60096-23-3 | Indole-3-butyric acid potassium salt | files=1 | ChemBlink/Sigma-Aldrich
[OK] 830-96-6 | Indole-3-propionic acid | files=1 | ChemBlink/Alfa-Aesar
[OK] 53-86-1 | Indomethacin | files=1 | ChemBlink/Alfa-Aesar
[OK] 144171-61-9 | Indoxacarb | files=1 | ChemBlink/Sigma-Aldrich
[OK] 58-63-9 | Inosine | files=1 | ChemBlink/Alfa-Aesar
[OK] 9001-57-4 | Invertase | files=1 | ChemBlink/Sigma-Aldrich
[OK] 7782-68-5 | Iodic acid | files=1 | ChemBlink/Alfa-Aesar
[OK] 7553-56-2 | Iodine | files=1 | ChemBlink/Alfa-Aesar
[OK] 7789-33-5 | Iodine monobromide | files=1 | ChemBlink/Alfa-Aesar
[OK] 7790-99-0 | Iodine monochloride | files=1 | ChemBlink/Alfa-Aesar
[OK] 7753-56-2 | Iodine sublimated | files=1 | CAS-Search (www.loudwolf.com)
[OK] 865-44-1 | Iodine trichloride | files=1 | ChemBlink/Alfa-Aesar
[OK] 144-48-9 | Iodoacetamide | files=1 | ChemBlink/Alfa-Aesar
[OK] 623-48-3 | Iodoacetic acid ethyl ester | files=1 | ChemBlink/Alfa-Aesar
[OK] 624-75-9 | Iodoacetonitrile | files=1 | ChemBlink/Alfa-Aesar
[OK] 13329-40-3 | iodoacetophenone | files=1 | ChemBlink/Alfa-Aesar
[OK] 591-50-4 | Iodobenzene | files=1 | ChemBlink/Alfa-Aesar
[OK] 3240-34-4 | iodobenzene diacetate | files=1 | ChemBlink/Alfa-Aesar
[OK] 75-03-6 | Iodoethane | files=1 | ChemBlink/Alfa-Aesar
[OK] 75-47-8 | Iodoform | files=1 | ChemBlink/Alfa-Aesar
[OK] 74-88-4 | Iodomethane | files=1 | ChemBlink/Alfa-Aesar
[OK] 865-50-9 | Iodomethane-d3 | files=1 | ChemBlink/Sigma-Aldrich
[OK] 4206-67-1 | Iodomethyl-trimethylsilane | files=1 | ChemBlink/Alfa-Aesar
[OK] 558-17-8 | iodomethylpropane, 2-, 2- | files=1 | ChemBlink/Alfa-Aesar
[OK] 146-68-9 | Iodonitrotetrazolium chloride | files=1 | ChemBlink/Alfa-Aesar
[OK] 71786-70-4 | Iodonium, bis(4-dodecylphenyl)-, (OC-6-11)-hexafluoroantimonate(1-) | files=1 | ChemBlink/Ambeed
[OK] 2712-78-9 | iodosobenzenebis(trifluoroacetate) | files=1 | ChemBlink/Alfa-Aesar
[OK] 516-12-1 | iodosuccinimide | files=1 | ChemBlink/Alfa-Aesar
[OK] 2314-97-8 | Iodotrifluoromethane | files=1 | ChemBlink/Alfa-Aesar
[OK] 696-33-3 | Iodoxybenzene | files=1 | Name-Search (pdf.benchchem.com)
[OK] 1689-83-4 | Ioxynil | files=1 | ChemBlink/Alfa-Aesar
[OK] 26087-47-8 | Iprobenfos | files=1 | ChemBlink/Sigma-Aldrich
[OK] 36734-19-7 | Iprodione | files=1 | ChemBlink/Sigma-Aldrich
[OK] 14885-29-1 | Ipronidazole | files=1 | ChemBlink/Sigma-Aldrich
[OK] 140923-17-7 | Iprovalicarb | files=1 | ChemBlink/Sigma-Aldrich
[OK] 367-93-1 | IPTG | files=1 | ChemBlink/Alfa-Aesar
[OK] 10025-83-9 | Iridium(III) chloride | files=1 | ChemBlink/Alfa-Aesar
[OK] 14996-61-3 | Iridium(III) chloride hydrate | files=1 | ChemBlink/Alfa-Aesar
[OK] 7439-89-6 | Iron | files=1 | ChemBlink/Alfa-Aesar
[OK] 3094-87-9 | Iron (II) acetate | files=1 | ChemBlink/Alfa-Aesar
[OK] 7782-63-0 | Iron (II) sulfate heptahydrate | files=1 | ChemBlink/Alfa-Aesar
[OK] 1317-37-9 | Iron (II) sulfide | files=1 | ChemBlink/Alfa-Aesar
[OK] 10025-77-1 | Iron (III) Chloride hexahydrate | files=1 | ChemBlink/Alfa-Aesar
[OK] 13463-40-6 | Iron pentacarbonyl | files=1 | ChemBlink/Alfa-Aesar
[OK] 32760-80-8 | Iron(1+), (eta5-2,4-cyclopentadien-1-yl)((1,2,3,4,5,6-eta)-(1-methylethyl)benzene)-, hexafluoropho | files=1 | ChemBlink/Ambeed
[OK] 1317-61-9 | Iron(II,III) oxide | files=1 | ChemBlink/Alfa-Aesar
[OK] 10045-89-3 | Iron(II) ammonium sulfate | files=1 | CAS-Search (www.chemos.de)
[OK] 141-01-5 | Iron(II) fumarate | files=1 | ChemBlink/Alfa-Aesar
[OK] 7720-78-7 | Iron(II) sulfate | files=1 | CAS-Search (regenesis.com)
[OK] 13463-43-9 | iron(II) sulfate, hydrate | files=1 | ChemBlink/Sigma-Aldrich
[OK] 13478-10-9 | Iron(II)chloride tetrahydrate | files=1 | ChemBlink/Alfa-Aesar
[OK] 14024-18-1 | Iron(III) acetylacetonate | files=1 | ChemBlink/Alfa-Aesar
[OK] 10031-26-2 | Iron(III) bromide | files=1 | ChemBlink/Alfa-Aesar
[OK] 7705-08-0 | Iron(III) chloride | files=1 | ChemBlink/Alfa-Aesar
[OK] 7782-61-8 | Iron(III) nitrate nonahydrate | files=1 | ChemBlink/Alfa-Aesar
[OK] 15244-10-7 | iron(III) sulfate hydrate | files=1 | ChemBlink/Alfa-Aesar
[OK] 118-48-9 | isatoic anhydride | files=1 | ChemBlink/Alfa-Aesar
[OK] 42509-80-8 | Isazofos | files=1 | ChemBlink/Sigma-Aldrich
[OK] 4138-26-5 | Iso Nipecotamide | files=1 | ChemBlink/Sigma-Aldrich
[OK] 123-92-2 | Isoamyl acetate | files=1 | ChemBlink/Alfa-Aesar
[OK] 106-27-4 | Isoamyl butyrate | files=1 | ChemBlink/Alfa-Aesar
[OK] 110-45-2 | Isoamyl Formate | files=1 | ChemBlink/Sigma-Aldrich
[OK] 105-68-0 | Isoamyl propionate | files=1 | ChemBlink/Sigma-Aldrich
[OK] 297-78-9 | Isobenzan | files=1 | ChemBlink/Sigma-Aldrich
[OK] 115-31-1 | Isobornyl thiocyanatoacetate | files=1 | Name-Search (www.chemeo.com)
[OK] 75-28-5 | Isobutane | files=1 | ChemBlink/Sigma-Aldrich
[OK] 115-11-7 | Isobutene | files=1 | ChemBlink/Sigma-Aldrich
[OK] 563-47-3 | Isobutenyl chloride | files=1 | ChemBlink/Alfa-Aesar
[OK] 110-19-0 | Isobutyl acetate | files=1 | ChemBlink/Alfa-Aesar
[OK] 106-63-8 | Isobutyl acrylate | files=1 | ChemBlink/Alfa-Aesar
[OK] 78-83-1 | Isobutyl alcohol | files=1 | ChemBlink/Alfa-Aesar
[OK] 543-27-1 | Isobutyl chloroformate | files=1 | ChemBlink/Alfa-Aesar
[OK] 542-55-2 | Isobutyl formate | files=1 | ChemBlink/Sigma-Aldrich
[OK] 513-44-0 | Isobutyl mercaptan | files=1 | ChemBlink/Sigma-Aldrich
[OK] 97-86-9 | Isobutyl methacrylate | files=1 | ChemBlink/Alfa-Aesar
[OK] 542-56-3 | Isobutyl Nitrite | files=1 | ChemBlink/Alfa-Aesar
[OK] 540-42-1 | Isobutyl propionate | files=1 | ChemBlink/Alfa-Aesar
[OK] 78-81-9 | Isobutylamine | files=1 | ChemBlink/Alfa-Aesar
[OK] 538-93-2 | Isobutylbenzene | files=1 | ChemBlink/Alfa-Aesar
[OK] 111439-76-0 | Isobutylisopropyldimethoxysilane | files=1 | ChemBlink/Ambeed
[OK] 78-84-2 | Isobutyraldehyde | files=1 | ChemBlink/Alfa-Aesar
[OK] 79-31-2 | Isobutyric acid | files=1 | ChemBlink/Alfa-Aesar
[OK] 97-72-3 | Isobutyric anhydride | files=1 | ChemBlink/Alfa-Aesar
[OK] 78-82-0 | Isobutyronitrile | files=1 | ChemBlink/Alfa-Aesar
[OK] 79-30-1 | Isobutyryl chloride | files=1 | ChemBlink/Alfa-Aesar
[OK] 465-73-6 | Isodrin | files=1 | ChemBlink/Sigma-Aldrich
[OK] 26675-46-7 | Isoflurane | files=1 | ChemBlink/Alfa-Aesar
[NOTFOUND] 31394-54-4 | Isoheptanes (mixture)
[OK] 119-38-0 | Isolan | files=1 | CAS-Search (abdurrahmanince.net)
[OK] 55-22-1 | Isonicotinic acid | files=1 | ChemBlink/Alfa-Aesar
[OK] 29590-42-9 | Isooctyl Acrylate | files=1 | ChemBlink/Sigma-Aldrich
[OK] 25103-09-7 | Isooctylthioglycolate | files=1 | ChemBlink/Alfa-Aesar
[OK] 64742-88-7 | ISOPARAFFINIC PETROLEUM HYDROCARBONS, SYMTHETIC | files=1 | CAS-Search (pim-resources.coleparmer.com)
[OK] 503-74-2 | Isopentanoic acid | files=1 | ChemBlink/Alfa-Aesar
[OK] 116057-53-5 | Isopentenyl pyrophosphate triammonium salt | files=1 | CAS-Search (www.angenechemical.com)
[OK] 110-46-3 | Isopentyl nitrite | files=1 | ChemBlink/Alfa-Aesar
[OK] 107-85-7 | Isopentylamine | files=1 | ChemBlink/Alfa-Aesar
[OK] 78-59-1 | Isophorone | files=1 | ChemBlink/Alfa-Aesar
[OK] 2855-13-2 | Isophorone diamine | files=1 | ChemBlink/Sigma-Aldrich
[OK] 4098-71-9 | Isophorone diisocyanate | files=1 | ChemBlink/Alfa-Aesar
[OK] 626-19-7 | isophthalaldehyde | files=1 | ChemBlink/Alfa-Aesar
[OK] 121-91-5 | Isophthalic acid | files=1 | ChemBlink/Alfa-Aesar
[OK] 626-17-5 | Isophthalonitrile | files=1 | ChemBlink/Alfa-Aesar
[OK] 99-63-8 | Isophthaloyl dichloride | files=1 | ChemBlink/Alfa-Aesar
[OK] 78-79-5 | Isoprene | files=1 | ChemBlink/Alfa-Aesar
[OK] 2631-40-5 | Isoprocarb | files=1 | ChemBlink/Sigma-Aldrich
[OK] 108-22-5 | Isopropenyl acetate | files=1 | ChemBlink/Alfa-Aesar
[OK] 108-21-4 | Isopropyl acetate | files=1 | ChemBlink/Alfa-Aesar
[OK] 638-11-9 | Isopropyl butyrate | files=1 | ChemBlink/Sigma-Aldrich
[OK] 109-59-1 | Isopropyl cellosolve | files=1 | ChemBlink/Alfa-Aesar
[OK] 108-23-6 | Isopropyl chloroformate | files=1 | ChemBlink/TCI
[OK] 7780-06-5 | Isopropyl cinnamate | files=1 | ChemBlink/Alfa-Aesar
[OK] 625-55-8 | Isopropyl formate | files=1 | ChemBlink/Alfa-Aesar
[OK] 4016-14-2 | Isopropyl glycidyl ether | files=1 | ChemBlink/Acros-Organics
[OK] 110-27-0 | Isopropyl myristate | files=1 | ChemBlink/Alfa-Aesar
[OK] 637-78-5 | Isopropyl Propionate | files=1 | ChemBlink/Alfa-Aesar
[OK] 19165-11-8 | Isopropyl β-D-1-thioglucopyranoside | files=1 | ChemBlink/Sigma-Aldrich
[OK] 75-31-0 | Isopropylamine | files=1 | ChemBlink/Alfa-Aesar
[OK] 141362-77-8 | isopropylidenebis (4-benzyl-2-oxazoline), [R(R',R')]-(+)-2,2'- | files=1 | ChemBlink/Strem
[OK] 50512-35-1 | Isoprothiolane | files=1 | ChemBlink/Sigma-Aldrich
[OK] 34123-59-6 | Isoproturon | files=1 | ChemBlink/Sigma-Aldrich
[OK] 119-65-3 | Isoquinoline | files=1 | ChemBlink/Alfa-Aesar
[OK] 480-19-3 | isorhamnetin | files=1 | ChemBlink/Sigma-Aldrich
[OK] 36614-38-7 | isothioate | files=1 | CAS-Search (chemreg.net)
[OK] 590-86-3 | Isovaleraldehyde | files=1 | ChemBlink/Alfa-Aesar
[OK] 108-12-3 | Isovaleryl chloride | files=1 | ChemBlink/Alfa-Aesar
[OK] 621-59-0 | Isovanillin | files=1 | ChemBlink/Alfa-Aesar
[OK] 82558-50-7 | Isoxaben | files=1 | ChemBlink/Sigma-Aldrich
[OK] 141112-29-0 | Isoxaflutole | files=1 | ChemBlink/Sigma-Aldrich
[OK] 18854-01-8 | Isoxathion | files=1 | ChemBlink/Sigma-Aldrich
[OK] 288-14-2 | Isoxazole | files=1 | ChemBlink/Alfa-Aesar
[OK] 2170-03-8 | Itaconic anhydride | files=1 | ChemBlink/Alfa-Aesar
[OK] 176763-62-5 | Jacobsen Co(II) complex, (R,R) | files=1 | ChemBlink/Sigma-Aldrich
[OK] 2869-83-2 | Janus Green | files=1 | ChemBlink/Alfa-Aesar
[OK] 481-39-0 | Juglone | files=1 | ChemBlink/Alfa-Aesar
[OK] 520-18-3 | Kaempferol | files=1 | ChemBlink/Alfa-Aesar
[OK] 70560-51-9 | Kanamycin sulfate | files=1 | ChemBlink/Sigma-Aldrich
[OK] 25389-94-0 | Kanamycin sulfate from Streptomyces kanamyceticus | files=1 | ChemBlink/Alfa-Aesar
[OK] 1332-58-7 | Kaolin | files=1 | ChemBlink/Alfa-Aesar
[OK] 1318-74-7 | Kaolinite | files=1 | ChemBlink/Sigma-Aldrich
[OK] 131-72-6 | Karathane | files=1 | ChemBlink/Sigma-Aldrich
[OK] 19408-46-9 | Kasugamycin | files=1 | ChemBlink/Sigma-Aldrich
[OK] 4234-79-1 | Kelevan | files=1 | CAS-Search (file1.lookchem.com)
[OK] 143-50-0 | Kepone | files=1 | ChemBlink/Sigma-Aldrich
[OK] 23950-58-5 | Kerb | files=1 | ChemBlink/Sigma-Aldrich
[NOTFOUND] 85116-55-8 | Kerosine (petroleum), hydrodesulfurized thermal cracked
[OK] 101631-19-0 | Kerosine (petroleum), hydrotreated | files=1 | CAS-Search (www.siplast.com)
[NOTFOUND] 97488-94-3 | Kerosine (petroleum), solvent-refined hydrodesulfurized
[OK] 92045-36-8 | Kerosine (petroleum), solvent-refined sweetened | files=1 | Name-Search (www.chemicalbook.com)
[OK] 91770-15-9 | Kerosine (petroleum), sweetened | files=1 | CAS-Search (www.shell-moh.com)
[OK] 63231-67-4 | Kieselgel | files=1 | ChemBlink/Alfa-Aesar
[OK] 525-79-1 | kinetin | files=1 | ChemBlink/Alfa-Aesar
[OK] 42588-37-4 | Kinoprene | files=1 | CAS-Search (cdn.chemservice.com)
[OK] 461054-93-3 | Ko143 | files=1 | ChemBlink/Matrix
[OK] 501-30-4 | Kojic acid | files=1 | ChemBlink/Alfa-Aesar
[OK] 11078-31-2 | Konjac powder | files=1 | CAS-Search (www.zxchem.com)
[OK] 143390-89-0 | Kresoxim-methyl | files=1 | ChemBlink/Sigma-Aldrich
[NOTFOUND] 69878-46-2 | Kryptofix 222 D
[OK] 63-91-2 | L-(-)-Phenylalanine | files=1 | ChemBlink/Alfa-Aesar
[OK] 73-22-3 | L-(-)-Tryptophane | files=1 | ChemBlink/Alfa-Aesar
[OK] 74-79-3 | L-(+)-Arginin | files=1 | ChemBlink/Alfa-Aesar
[OK] 70-47-3 | L-(+)-Asparagine | files=1 | ChemBlink/Alfa-Aesar
[OK] 79-33-4 | L-(+)-Lactic acid | files=1 | ChemBlink/Alfa-Aesar
[OK] 87-69-4 | L-(+)-Tartaric acid | files=1 | ChemBlink/Alfa-Aesar
[OK] 20859-02-3 | L-2-(t-Butyl)glycine | files=1 | ChemBlink/Alfa-Aesar
[OK] 1118-90-7 | L-2-Aminoadipic acid | files=1 | ChemBlink/Alfa-Aesar
[OK] 51-43-4 | L-Adrenaline | files=1 | ChemBlink/Alfa-Aesar
[OK] 56-41-7 | L-Alanine | files=1 | ChemBlink/Alfa-Aesar
[OK] 1492-24-6 | L-alpha-amino-n-butyric acid | files=1 | ChemBlink/Alfa-Aesar
[OK] 97281-52-2 | L-alpha-phosphatidy linositol | files=1 | ChemBlink/Apollo
[OK] 63-89-8 | L-alpha-phosphatidyl choline, dipalmitoyl | files=1 | ChemBlink/Sigma-Aldrich
[OK] 9000-89-9 | L-amino acid oxidase | files=1 | ChemBlink/Sigma-Aldrich
[OK] 87-72-9 | L-arabinose | files=1 | ChemBlink/Alfa-Aesar
[OK] 1119-34-2 | L-Arginine hydrochloride | files=1 | ChemBlink/Alfa-Aesar
[OK] 50-81-7 | L-Ascorbic acid | files=1 | ChemBlink/Alfa-Aesar
[OK] 113170-55-1 | L-Ascorbic acid 2- phosphate sesquimagnesium salt hydrate | files=1 | ChemBlink/Cayman
[OK] 5794-13-8 | L-asparagine monohydrate | files=1 | ChemBlink/Alfa-Aesar
[OK] 56-84-8 | L-Aspartic acid | files=1 | ChemBlink/Alfa-Aesar
[OK] 37925-07-5 | L-Aspartic acid sodium salt | files=1 | Name-Search (aksci.com)
[OK] 20312-36-1 | L-beta-Phenyllactic acid | files=1 | ChemBlink/Alfa-Aesar
[OK] 52-90-4 | L-Cysteine | files=1 | ChemBlink/Alfa-Aesar
[OK] 52-89-1 | L-Cysteine hydrochloride | files=1 | ChemBlink/Alfa-Aesar
[OK] 345909-32-2 | L-Cysteine hydrochloride hydrate | files=1 | ChemBlink/Matrix
[OK] 7048-04-6 | L-Cysteine hydrochloride monohydrate | files=1 | ChemBlink/Alfa-Aesar
[OK] 18598-63-5 | L-Cysteine methyl ester hydrochloride | files=1 | ChemBlink/Alfa-Aesar
[OK] 56-89-3 | L-cystine | files=1 | ChemBlink/Alfa-Aesar
[NOTFOUND] 1259-69-4 | L-cystine-di-bata-naphthylamide
[OK] 59-92-7 | L-Dopa | files=1 | ChemBlink/Alfa-Aesar
[OK] 56-86-0 | L-Glutamic Acid | files=1 | ChemBlink/Alfa-Aesar
[OK] 142-47-2 | L-Glutamic acid monosodium salt hydrate | files=1 | ChemBlink/Alfa-Aesar
[OK] 7300-59-6 | L-Glutamic acid γ-(4-nitroanilide) | files=1 | ChemBlink/Alfa-Aesar
[OK] 56-85-9 | L-glutamine | files=1 | ChemBlink/Alfa-Aesar
[OK] 70-18-8 | L-Glutathione Reduced | files=1 | ChemBlink/Alfa-Aesar
[OK] 71-00-1 | L-Histidine | files=1 | ChemBlink/Alfa-Aesar
[OK] 645-35-2 | L-Histidine, hydrochloride (1:1) | files=1 | ChemBlink/Matrix
[OK] 31828-68-9 | L-Homocysteine thiolactone hydrochloride | files=1 | ChemBlink/Sigma-Aldrich
[OK] 73-32-5 | L-Isoleucine | files=1 | ChemBlink/Alfa-Aesar
[OK] 61-90-5 | L-Leucine | files=1 | ChemBlink/Alfa-Aesar
[OK] 893-36-7 | L-Leucine β-naphthylamide hydrochloride | files=1 | ChemBlink/Sigma-Aldrich
[OK] 56-87-1 | L-Lysine | files=1 | ChemBlink/Alfa-Aesar
[OK] 657-27-2 | L-Lysine Monohydrochloride | files=1 | ChemBlink/Alfa-Aesar
[OK] 2216-51-5 | L-Menthol | files=1 | ChemBlink/Alfa-Aesar
[OK] 63-68-3 | L-Methionine | files=1 | ChemBlink/Alfa-Aesar
[OK] 500-44-7 | L-mimosine | files=1 | ChemBlink/Sigma-Aldrich
[OK] 108341-18-0 | L-Norepinephrine (+) Bitartrate salt monohydrate | files=1 | ChemBlink/Sigma-Aldrich
[OK] 327-57-1 | L-norleucine | files=1 | ChemBlink/Alfa-Aesar
[OK] 3184-13-2 | L-ornithine hydrochloride | files=1 | ChemBlink/Alfa-Aesar
[OK] 1113-41-3 | L-penicillamine | files=1 | ChemBlink/Alfa-Aesar
[OK] 3105-95-1 | L-pipecolic acid | files=1 | ChemBlink/Alfa-Aesar
[OK] 147-85-3 | L-Proline | files=1 | ChemBlink/Alfa-Aesar
[OK] 10030-85-0 | L-Rhamnose monohydrate | files=1 | ChemBlink/Alfa-Aesar
[OK] 56-45-1 | L-Serine | files=1 | ChemBlink/Alfa-Aesar
[OK] 72-19-5 | L-Threonine | files=1 | ChemBlink/Alfa-Aesar
[OK] 60-18-4 | L-Tyrosine | files=1 | ChemBlink/Alfa-Aesar
[OK] 3417-91-2 | L-Tyrosine, methyl ester, hydrochloride | files=1 | ChemBlink/Alfa-Aesar
[OK] 72-18-4 | L-Valine | files=1 | ChemBlink/Alfa-Aesar
[OK] 4004-05-1 | L-α-Phosphatidylethanolamine, dioleoyl | files=1 | ChemBlink/Apollo
[OK] 97-67-6 | L(-)Malic acid | files=1 | ChemBlink/Alfa-Aesar
[OK] 39665-12-8 | L(+)-Lysine monohydrate | files=1 | ChemBlink/Alfa-Aesar
[OK] 9001-60-9 | lactate dehydrogenase,porcine heart | files=1 | ChemBlink/Alfa-Aesar
[OK] 50-21-5 | Lactic acid | files=1 | ChemBlink/Alfa-Aesar
[OK] 78-97-7 | Lactonitrile | files=1 | ChemBlink/Sigma-Aldrich
[OK] 63-42-3 | Lactose | files=1 | ChemBlink/Sigma-Aldrich
[OK] 10039-26-6 | Lactose hydrate | files=1 | ChemBlink/LOBA
[OK] 64044-51-5 | Lactose monohydrate | files=1 | ChemBlink/Alfa-Aesar
[OK] 2783-94-0 | Lake Sunset Yellow FCF | files=1 | ChemBlink/Sigma-Aldrich
[OK] 9008-22-4 | Laminarin from Laminaria digitata | files=1 | ChemBlink/Alfa-Aesar
[OK] 8006-54-0 | Lanolin | files=1 | ChemBlink/Alfa-Aesar
[OK] 79-63-0 | lanosterol | files=1 | ChemBlink/Alfa-Aesar
[OK] 10277-43-7 | Lanthanum (III)Nitrate hexahydrate | files=1 | ChemBlink/Alfa-Aesar
[OK] 10099-58-8 | Lanthanum chloride, anhydrous | files=1 | ChemBlink/Alfa-Aesar
[OK] 10025-84-0 | Lanthanum chloride, heptahydrate | files=1 | ChemBlink/Alfa-Aesar
[OK] 20211-76-1 | Lanthanum chloride, hydrated | files=1 | ChemBlink/Sigma-Aldrich
[OK] 1312-81-8 | Lanthanum oxide | files=1 | ChemBlink/Alfa-Aesar
[OK] 15972-60-8 | Lasso | files=1 | ChemBlink/Sigma-Aldrich
[OK] 143-07-7 | Lauric acid | files=1 | ChemBlink/Alfa-Aesar
[OK] 112-54-9 | laurinaldehyde | files=1 | ChemBlink/Alfa-Aesar
[OK] 112-16-3 | Lauroyl chloride | files=1 | ChemBlink/Alfa-Aesar
[OK] 105-74-8 | lauroyl peroxide | files=1 | ChemBlink/Alfa-Aesar
[OK] 142-90-5 | Lauryl methacrylate | files=1 | ChemBlink/Alfa-Aesar
[OK] 1314-87-0 | Lead (II)sulfide | files=1 | ChemBlink/Alfa-Aesar
[OK] 301-04-2 | Lead acetate | files=1 | CAS-Search (file1.lookchem.com)
[OK] 7758-97-6 | Lead chromate | files=1 | ChemBlink/Alfa-Aesar
[OK] 1317-36-8 | Lead oxide | files=1 | ChemBlink/Alfa-Aesar
[OK] 7446-27-7 | Lead phosphate | files=1 | ChemBlink/Alfa-Aesar
[OK] 15245-44-0 | Lead styphnate | files=1 | CAS-Search (prd-sc102-cdn.rtx.com)
[OK] 592-87-0 | Lead thiocyanate | files=1 | ChemBlink/LOBA
[OK] 1314-41-6 | Lead(II,IV) oxide | files=1 | ChemBlink/Alfa-Aesar
[OK] 6080-56-4 | Lead(II) acetate trihydrate | files=1 | ChemBlink/Alfa-Aesar
[OK] 598-63-0 | Lead(II) Carbonate | files=1 | ChemBlink/Alfa-Aesar
[OK] 1319-46-6 | Lead(II) carbonate,basic | files=1 | ChemBlink/Alfa-Aesar
[OK] 7758-95-4 | Lead(II) Chloride | files=1 | ChemBlink/Alfa-Aesar
[OK] 13814-96-5 | Lead(II) fluoborate | files=1 | ChemBlink/Alfa-Aesar
[OK] 7783-46-2 | Lead(II) fluoride | files=1 | ChemBlink/Alfa-Aesar
[OK] 1335-32-6 | Lead(II) hydroxide acetate | files=1 | ChemBlink/Alfa-Aesar
[OK] 17570-76-2 | Lead(II) methanesulfonate | files=1 | ChemBlink/Sigma-Aldrich
[OK] 10099-74-8 | Lead(II) nitrate | files=1 | ChemBlink/Alfa-Aesar
[OK] 7446-14-2 | Lead(II) sulfate | files=1 | ChemBlink/Alfa-Aesar
[OK] 815-84-9 | lead(II) tartrate | files=1 | ChemBlink/Alfa-Aesar
[OK] 10101-63-0 | Lead(II)iodide | files=1 | ChemBlink/Alfa-Aesar
[OK] 546-67-8 | Lead(IV) acetate | files=1 | ChemBlink/Alfa-Aesar
[OK] 1309-60-0 | Lead(IV) oxide | files=1 | ChemBlink/Alfa-Aesar
[OK] 8002-43-5 | Lecithin, granular | files=1 | ChemBlink/Alfa-Aesar
[OK] 63231-57-2 | Lectin from Phytolacca americana (pokeweed) | files=1 | CAS-Search (www.iilfast.com)
[OK] 2164-08-1 | Lenacil | files=1 | ChemBlink/Sigma-Aldrich
[OK] 491-35-0 | Lepidine | files=1 | ChemBlink/Alfa-Aesar
[OK] 112-56-1 | Lethane | files=1 | ChemBlink/Sigma-Aldrich
[OK] 7298-84-2 | Leu-Ala hydrate | files=1 | ChemBlink/Biosynth
[OK] 1187-50-4 | Leu-Gly-Gly | files=1 | ChemBlink/Sigma-Aldrich
[OK] 112245-13-3 | leucinol, L-tert- | files=1 | ChemBlink/Sigma-Aldrich
[OK] 16595-80-5 | Levamisol hydrochloride | files=1 | ChemBlink/Sigma-Aldrich
[OK] 123-76-2 | levulinic acid | files=1 | ChemBlink/Alfa-Aesar
[OK] 40334-69-8 | Lewisite 2 | files=1 | Name-Search (www.chemeo.com)
[OK] 6108-05-0 | Lidocaine hydrochloride monohydrate | files=1 | ChemBlink/Alfa-Aesar
[OK] 21306-56-9 | lidocaine n-ethyl bromide | files=1 | ChemBlink/Alfa-Aesar
[OK] 64741-52-2 | light naphthenic distillate | files=1 | Name-Search (www.recarroll.com)
[OK] 64742-03-6 | light naphthenic distillate solvent extract | files=1 | CAS-Search (harwick.com)
[OK] 90641-11-5 | Light oil (coal), semi-coking process | files=1 | Name-Search (www.chemicalbook.com)
[OK] 64741-50-0 | light paraffinic distillate | files=1 | CAS-Search (msds.ergon.com)
[OK] 64742-05-8 | light paraffinic distillate solvent extract | files=1 | CAS-Search (www.harwick.com)
[OK] 64741-63-5 | light reformed naphtha | files=1 | Name-Search (hongrunplastics.com)
[NOTFOUND] 64742-83-2 | light steam-cracked naphtha
[OK] 64741-82-8 | light thermally cracked distillate | files=1 | CAS-Search (slovnaft.sk)
[NOTFOUND] 64741-74-8 | light thermally cracked naphtha
[OK] 8068-05-1 | Lignin, alkali | files=1 | ChemBlink/Sigma-Aldrich
[NOTFOUND] 8068-03-9 | lignin,orgahosolv
[OK] 8061-52-7 | Lignosulfonic acid calcium salt | files=1 | ChemBlink/Sigma-Aldrich
[OK] 8061-51-6 | Lignosulfonic acid,sodium salt | files=1 | ChemBlink/Sigma-Aldrich
[OK] 1317-65-3 | Limestone | files=1 | ChemBlink/GFS
[OK] 138-86-3 | Limonene | files=1 | ChemBlink/Alfa-Aesar
[OK] 58-89-9 | Lindane | files=1 | ChemBlink/Sigma-Aldrich
[OK] 60-33-3 | Linoleic acid | files=1 | ChemBlink/Alfa-Aesar
[OK] 463-40-1 | Linolenic Acid | files=1 | ChemBlink/Sigma-Aldrich
[OK] 8001-26-1 | linseed oil | files=1 | ChemBlink/Sigma-Aldrich
[OK] 1077-28-7 | lipoic acid, DL-alpha | files=1 | ChemBlink/Alfa-Aesar
[OK] 68476-85-7 | Liquified petroleum gas | files=1 | CAS-Search (media.lifeandhome.com)
[OK] 3087-16-9 | Lissamine™ Green B | files=1 | ChemBlink/Alfa-Aesar
[OK] 7439-93-2 | Lithium | files=1 | ChemBlink/Alfa-Aesar
[OK] 546-89-4 | LITHIUM  ACETATE | files=1 | ChemBlink/Alfa-Aesar
[OK] 6108-17-4 | Lithium acetate dihydrate | files=1 | ChemBlink/Alfa-Aesar
[OK] 6867-30-7 | Lithium acetylide-ethylene diamine complex | files=1 | ChemBlink/Alfa-Aesar
[OK] 16853-85-3 | Lithium aluminium hydride | files=1 | ChemBlink/Alfa-Aesar
[OK] 7782-89-0 | Lithium amide | files=1 | ChemBlink/Alfa-Aesar
[OK] 16949-15-8 | Lithium borohydride | files=1 | ChemBlink/Alfa-Aesar
[OK] 7550-35-8 | lithium bromide | files=1 | ChemBlink/Alfa-Aesar
[OK] 554-13-2 | Lithium carbonate | files=1 | ChemBlink/Alfa-Aesar
[OK] 7447-41-8 | Lithium chloride | files=1 | ChemBlink/Alfa-Aesar
[OK] 3585-33-9 | Lithium dimethylamide | files=1 | ChemBlink/Strem
[OK] 7789-24-4 | Lithium fluoride | files=1 | ChemBlink/Alfa-Aesar
[OK] 29935-35-1 | Lithium hexafluoroarsenate(V) | files=1 | ChemBlink/Sigma-Aldrich
[OK] 21324-40-3 | Lithium hexafluorophosphate | files=1 | ChemBlink/Alfa-Aesar
[OK] 4039-32-1 | Lithium hexamethyldisilazide | files=1 | ChemBlink/Alfa-Aesar
[OK] 7580-67-8 | Lithium hydride | files=1 | ChemBlink/Alfa-Aesar
[OK] 1310-65-2 | Lithium hydroxide | files=1 | ChemBlink/Alfa-Aesar
[OK] 1310-66-3 | Lithium hydroxide monohydrate | files=1 | ChemBlink/Alfa-Aesar
[OK] 90076-65-6 | Lithium imide Selectipur | files=1 | ChemBlink/Alfa-Aesar
[OK] 10377-51-2 | Lithium iodide | files=1 | ChemBlink/Alfa-Aesar
[OK] 865-34-9 | Lithium methoxide | files=1 | ChemBlink/Alfa-Aesar
[OK] 12031-65-1 | Lithium nickel dioxide | files=1 | ChemBlink/Sigma-Aldrich
[OK] 7790-69-4 | Lithium nitrate | files=1 | ChemBlink/Alfa-Aesar
[OK] 12057-24-8 | Lithium oxide | files=1 | ChemBlink/Alfa-Aesar
[OK] 7791-03-9 | Lithium perchlorate | files=1 | ChemBlink/Alfa-Aesar
[OK] 13453-78-6 | Lithium perchlorate trihydrate | files=1 | ChemBlink/Alfa-Aesar
[OK] 10102-25-7 | Lithium sulfate monohydrate | files=1 | ChemBlink/Alfa-Aesar
[OK] 12007-60-2 | Lithium tetraborate | files=1 | ChemBlink/Alfa-Aesar
[OK] 14283-07-9 | Lithium tetrafluoroborate | files=1 | ChemBlink/Alfa-Aesar
[OK] 556-65-0 | LITHIUM THIOCYANATE | files=1 | ChemBlink/Alfa-Aesar
[OK] 17476-04-9 | Lithium tri-tert-butoxyaluminohydride | files=1 | ChemBlink/Alfa-Aesar
[OK] 33454-82-9 | Lithium trifluoromethanesulfonate | files=1 | ChemBlink/Alfa-Aesar
[OK] 4111-54-0 | Lithiumdiisopropylamide | files=1 | ChemBlink/Sigma-Aldrich
[OK] 1393-92-6 | Litmus | files=1 | ChemBlink/Acros-Organics
[OK] 74869-21-9 | Lubricating greases | files=1 | CAS-Search (msdspds.bp.com)
[OK] 101316-69-2 | Lubricating oils (petroleum), C>25, solvent-extd., deasphalted, dewaxed, hydrogenated | files=1 | CAS-Search (mollubrificanti.it)
[OK] 101316-70-5 | Lubricating oils (petroleum), C17-32, solvent-extd., dewaxed, hydrogenated | files=1 | CAS-Search (uploads-ssl.webflow.com)
[NOTFOUND] 92045-42-6 | Lubricating oils (petroleum), C17-35, solvent-extd., dewaxed, hydrotreated
[NOTFOUND] 97488-95-4 | Lubricating oils (petroleum), C18-27, hydrocracked solvent dewaxed
[NOTFOUND] 92045-43-7 | Lubricating oils (petroleum), hydrocracked non arom. solvent-deparaffined
[OK] 72623-86-0 | Lubricating oils, petroleum, C15-30, hydrotreated neutral oil-based | files=1 | CAS-Search (msds.ergon.com)
[OK] 72623-87-1 | Lubricating oils, petroleum, C20-50, hydrotreated neutral oil-based | files=1 | CAS-Search (sdda.semadata.org)
[OK] 71206-95-6 | Lucifer Yellow CH dipotassium salt | files=1 | ChemBlink/Sigma-Aldrich
[OK] 103055-07-8 | Lufenuron | files=1 | ChemBlink/Sigma-Aldrich
[OK] 934389-88-5 | LY-294002 hydrochloride | files=1 | ChemBlink/Sigma-Aldrich
[OK] 82-58-6 | Lysergic acid and its salts | files=1 | CAS-Search (pim-resources.coleparmer.com)
[OK] 9011-93-2 | Lysostaphin from Staphylococcus | files=1 | ChemBlink/Sigma-Aldrich
[OK] 12650-88-3 | Lysozyme | files=1 | ChemBlink/Alfa-Aesar
[OK] 9066-59-5 | Lysozyme chloride | files=1 | ChemBlink/Sigma-Aldrich
[OK] 37340-57-1 | LYTICASE CRUDE FROM ARTHROBACTER LUTEUS | files=1 | CAS-Search (www.mpbio.com)
[OK] 536-90-3 | m-Anisidine | files=1 | ChemBlink/Alfa-Aesar
[OK] 108-39-4 | m-Cresol | files=1 | ChemBlink/Alfa-Aesar
[OK] 2303-01-7 | m-Cresol Purple | files=1 | ChemBlink/Alfa-Aesar
[NOTFOUND] 5689-72-5 | m-Dioxane, 4-(p-methoxyphenyl)-5-methyl-
[OK] 541-69-5 | m-Phenylenediamine dihydrochloride | files=1 | ChemBlink/Alfa-Aesar
[OK] 2094-99-7 | M-tetramethylxylene isocyanate | files=1 | ChemBlink/TCI
[OK] 620-23-5 | m-Tolualdehyde | files=1 | ChemBlink/Alfa-Aesar
[OK] 99-04-7 | m-Toluic acid | files=1 | ChemBlink/Alfa-Aesar
[OK] 108-44-1 | m-Toluidine | files=1 | ChemBlink/Alfa-Aesar
[OK] 108-38-3 | m-Xylene | files=1 | ChemBlink/Alfa-Aesar
[OK] 23184-66-9 | Machette | files=1 | ChemBlink/Sigma-Aldrich
[OK] 142-72-3 | Magnesium acetate | files=1 | ChemBlink/Alfa-Aesar
[OK] 16674-78-5 | Magnesium acetate tetrahydrate | files=1 | ChemBlink/Alfa-Aesar
[OK] 12068-51-8 | magnesium aluminate | files=1 | ChemBlink/Sigma-Aldrich
[OK] 39409-82-0 | Magnesium Carbonate light | files=1 | ChemBlink/Alfa-Aesar
[OK] 7786-30-3 | Magnesium chloride | files=1 | ChemBlink/Alfa-Aesar
[OK] 7791-18-6 | Magnesium chloride hexahydrate | files=1 | ChemBlink/Alfa-Aesar
[OK] 2414-98-4 | Magnesium ethoxide | files=1 | ChemBlink/Alfa-Aesar
[OK] 7783-40-6 | Magnesium fluoride | files=1 | ChemBlink/Alfa-Aesar
[OK] 1309-42-8 | Magnesium hydroxide | files=1 | ChemBlink/Alfa-Aesar
[OK] 13446-18-9 | Magnesium nitrate hexahydrate | files=1 | ChemBlink/Alfa-Aesar
[OK] 1309-48-4 | Magnesium oxide | files=1 | ChemBlink/Alfa-Aesar
[OK] 10034-81-8 | Magnesium perchlorate | files=1 | ChemBlink/Alfa-Aesar
[OK] 53408-95-0 | Magnesium phosphate hydrate | files=1 | ChemBlink/Sigma-Aldrich
[OK] 7487-88-9 | Magnesium sulfate anhydrous | files=1 | ChemBlink/Alfa-Aesar
[OK] 10034-99-8 | Magnesium sulfate heptahydrate | files=1 | ChemBlink/Alfa-Aesar
[OK] 60871-83-2 | Magnesium trifluoromethanesulfonate | files=1 | ChemBlink/Alfa-Aesar
[OK] 17830-18-1 | magnesiumsulfat-6-hydrat | files=1 | ChemBlink/Alfa-Aesar
[OK] 569-64-2 | Malachite Green | files=1 | ChemBlink/Sigma-Aldrich
[OK] 2437-29-8 | Malachite green oxalate | files=1 | ChemBlink/Alfa-Aesar
[OK] 9001-64-3 | malate dehydrogenase, porcine heart | files=1 | ChemBlink/Sigma-Aldrich
[OK] 121-75-5 | Malathion | files=1 | ChemBlink/Sigma-Aldrich
[OK] 110-16-7 | Maleic acid | files=1 | ChemBlink/Alfa-Aesar
[OK] 3105-55-3 | Maleic acid sodium salt | files=1 | ChemBlink/Sigma-Aldrich
[OK] 108-31-6 | Maleic anhydride | files=1 | ChemBlink/Alfa-Aesar
[OK] 123-33-1 | Maleic hydrazide acid | files=1 | ChemBlink/Alfa-Aesar
[OK] 64987-85-5 | maleimidomethylcyclohexanecarboxylic acid N-hydroxysuccinimide ester, 4-N-,-1- | files=1 | ChemBlink/Alfa-Aesar
[OK] 92921-24-9 | maleimidomethylcyclohexanecarboxylic acid sulfo-N-hydroxysuccinimide ester, 4-N-,-1-,3- | files=1 | ChemBlink/Alfa-Aesar
[OK] 6915-15-7 | Malic acid | files=1 | ChemBlink/Alfa-Aesar
[OK] 100683-54-3 | Malondialdehyde tetrabutylammonium salt | files=1 | ChemBlink/Sigma-Aldrich
[OK] 141-82-2 | malonic acid | files=1 | ChemBlink/Alfa-Aesar
[OK] 109-77-3 | Malononitrile | files=1 | ChemBlink/Alfa-Aesar
[OK] 1663-67-8 | Malonyl dichloride | files=1 | ChemBlink/Alfa-Aesar
[OK] 8002-48-0 | Malt Extract | files=1 | ChemBlink/Sigma-Aldrich
[OK] 9050-36-6 | Maltodextrin | files=1 | ChemBlink/Alfa-Aesar
[OK] 34620-76-3 | Maltopentaose | files=1 | ChemBlink/Sigma-Aldrich
[OK] 69-79-4 | maltose | files=1 | ChemBlink/Oakwood
[OK] 34612-38-9 | Maltotetraose | files=1 | ChemBlink/Apollo
[OK] 1109-28-0 | maltotriose | files=1 | ChemBlink/Alfa-Aesar
[OK] 8018-01-7 | Mancozeb | files=1 | ChemBlink/Sigma-Aldrich
[OK] 611-71-2 | mandelic acid, D-(-) | files=1 | ChemBlink/Alfa-Aesar
[OK] 17199-29-0 | mandelic acid, L-(+) | files=1 | ChemBlink/Alfa-Aesar
[OK] 12427-38-2 | Maneb | files=1 | ChemBlink/Sigma-Aldrich
[OK] 7439-96-5 | Manganese | files=1 | ChemBlink/Alfa-Aesar
[OK] 14284-89-0 | MANGANESE ( III )  ACETYL - ACETONATE | files=1 | ChemBlink/Alfa-Aesar
[OK] 10034-96-5 | Manganese (II) sulfate monohydrate | files=1 | ChemBlink/Alfa-Aesar
[OK] 1317-34-6 | Manganese (III) oxide | files=1 | CAS-Search (7cad390533514c32acc8-75d23ce06fcfaf780446d85d50c33f7b.ssl.cf6.rackcdn.com)
[OK] 1313-13-9 | Manganese dioxide | files=1 | ChemBlink/Alfa-Aesar
[OK] 15244-36-7 | manganese sulfate hydrate | files=1 | ChemBlink/Sigma-Aldrich
[OK] 18820-29-6 | Manganese sulfide | files=1 | ChemBlink/Alfa-Aesar
[OK] 6156-78-1 | Manganese(II) acetate tetrahydrate | files=1 | ChemBlink/Alfa-Aesar
[OK] 7773-01-5 | Manganese(II) chloride | files=1 | ChemBlink/Alfa-Aesar
[OK] 13446-34-9 | Manganese(II) chloride tetrahydrate | files=1 | ChemBlink/Alfa-Aesar
[OK] 10377-66-9 | Manganese(II) nitrate | files=1 | ChemBlink/Alfa-Aesar
[OK] 20694-39-7 | Manganese(II) nitrate tetrahydrate | files=1 | ChemBlink/Alfa-Aesar
[OK] 598-62-9 | Manganese(II)carbonate | files=1 | ChemBlink/Alfa-Aesar
[OK] 115550-35-1 | Marbofloxacin | files=1 | ChemBlink/Sigma-Aldrich
[OK] 7440-42-8 | Matallic Boron | files=1 | ChemBlink/Alfa-Aesar
[OK] 94-74-6 | MCPA | files=1 | ChemBlink/Alfa-Aesar
[OK] 94-81-5 | MCPB | files=1 | ChemBlink/Alfa-Aesar
[OK] 7085-19-0 | MCPP | files=1 | ChemBlink/Sigma-Aldrich
[OK] 2595-54-2 | Mecarbam | files=1 | ChemBlink/Sigma-Aldrich
[OK] 6385-02-0 | Meclofenamic acid sodium salt | files=1 | ChemBlink/Cayman
[OK] 93-65-2 | Mecoprop (unstated stereochemistry) | files=1 | ChemBlink/Alfa-Aesar
[NOTFOUND] 2487-01-6 | medinoterb acetate
[OK] 71-58-9 | medroxyprogesterone, acetate | files=1 | ChemBlink/Sigma-Aldrich
[OK] 73250-68-7 | mefenacet | files=1 | ChemBlink/Sigma-Aldrich
[OK] 15356-60-2 | menthol, (+)- | files=1 | ChemBlink/Alfa-Aesar
[OK] 63187-91-7 | Menthone 1,2-glycerol ketal | files=1 | ChemBlink/Ambeed
[OK] 40248-63-3 | menthyloxyacetic acid, (-)- | files=1 | ChemBlink/Sigma-Aldrich
[OK] 64257-84-7 | Meothrin | files=1 | CAS-Search (www.chemicalbook.com)
[OK] 950-10-7 | Mephosfolan | files=1 | ChemBlink/Sigma-Aldrich
[OK] 24307-26-4 | Mepiquat chloride | files=1 | ChemBlink/Sigma-Aldrich
[OK] 55814-41-0 | Mepronil | files=1 | ChemBlink/Sigma-Aldrich
[OK] 68-11-1 | Mercaptoacetic acid | files=1 | ChemBlink/Alfa-Aesar
[OK] 583-39-1 | mercaptobenzimidazole, 2- | files=1 | ChemBlink/Alfa-Aesar
[OK] 2382-96-9 | mercaptobenzoxazole, 2- | files=1 | ChemBlink/Alfa-Aesar
[OK] 2032-65-7 | Mercaptodimethur | files=1 | ChemBlink/Sigma-Aldrich
[OK] 6112-76-1 | mercaptopurine monohydrate, 6- | files=1 | ChemBlink/Alfa-Aesar
[OK] 1121-31-9 | mercaptopyridine-1-oxide, 2- | files=1 | ChemBlink/Alfa-Aesar
[OK] 2637-34-5 | mercaptopyridine, 2- | files=1 | ChemBlink/Alfa-Aesar
[OK] 1450-85-7 | mercaptopyrimidine, 2- | files=1 | ChemBlink/Alfa-Aesar
[OK] 21908-53-2 | Mercuric oxide | files=1 | ChemBlink/Alfa-Aesar
[OK] 1335-31-5 | Mercuric oxycyanide | files=1 | ChemBlink/Fujifilm
[OK] 1344-48-5 | Mercuric sulfide | files=1 | ChemBlink/Alfa-Aesar
[OK] 592-85-8 | Mercuric thiocyanate | files=1 | ChemBlink/Alfa-Aesar
[OK] 129-16-8 | mercurochrome | files=1 | ChemBlink/Alfa-Aesar
[OK] 7439-97-6 | Mercury | files=1 | ChemBlink/Alfa-Aesar
[OK] 7782-86-7 | Mercury (I) nitrate hydrate | files=1 | ChemBlink/Sigma-Aldrich
[OK] 1600-27-7 | Mercury (II) acetate | files=1 | ChemBlink/Alfa-Aesar
[OK] 7789-47-1 | Mercury (II) bromide | files=1 | ChemBlink/Alfa-Aesar
[OK] 7774-29-0 | Mercury (II) iodide | files=1 | ChemBlink/Alfa-Aesar
[OK] 7783-34-8 | Mercury (II) nitrate monohydrate | files=1 | ChemBlink/Alfa-Aesar
[OK] 7487-94-7 | Mercury bichloride | files=1 | ChemBlink/Alfa-Aesar
[OK] 10112-91-1 | Mercury chloride | files=1 | ChemBlink/Alfa-Aesar
[OK] 628-86-4 | Mercury fulminate | files=1 | Name-Search (safety.charlotte.edu)
[OK] 14836-60-3 | Mercury(I) nitrate dihydrate | files=1 | ChemBlink/Carl-Roth
[OK] 7783-36-0 | Mercury(I) sulfate | files=1 | ChemBlink/Sigma-Aldrich
[OK] 7783-35-9 | Mercury(II) sulfate | files=1 | ChemBlink/Alfa-Aesar
[OK] 13257-51-7 | Mercury(II) trifluoroacetate | files=1 | ChemBlink/Alfa-Aesar
[OK] 55844-94-5 | merrifield's peptide resin | files=1 | ChemBlink/Alfa-Aesar
[OK] 1266615-59-1 | MES hydrate | files=1 | ChemBlink/Alfa-Aesar
[OK] 487-68-3 | mesitaldehyde | files=1 | ChemBlink/Alfa-Aesar
[OK] 108-67-8 | Mesitylene | files=1 | ChemBlink/Alfa-Aesar
[OK] 104206-82-8 | Mesotrione | files=1 | ChemBlink/Sigma-Aldrich
[OK] 456-88-2 | meta-Fluoro-DL-Phenylalanine | files=1 | ChemBlink/Sigma-Aldrich
[OK] 760-93-0 | Metacrylic anhydride | files=1 | ChemBlink/Alfa-Aesar
[OK] 30674-80-7 | Metacryloyloxyethyl isocyanate | files=1 | ChemBlink/Sigma-Aldrich
[OK] 920-46-7 | Metacryolyl chloride | files=1 | ChemBlink/Alfa-Aesar
[OK] 70630-17-0 | Metalaxyl-M | files=1 | ChemBlink/Sigma-Aldrich
[OK] 9002-91-9 | Metaldehyde | files=1 | ChemBlink/Sigma-Aldrich
[OK] 6734-80-1 | Metam-sodium dihydrate | files=1 | ChemBlink/Accu-Standard
[OK] 41394-05-2 | metamitron | files=1 | ChemBlink/Sigma-Aldrich
[OK] 121-47-1 | Metanilic acid | files=1 | ChemBlink/Alfa-Aesar
[OK] 37267-86-0 | Metaphosphoric acid | files=1 | CAS-Search (www.cdhfinechemical.com)
[OK] 67129-08-2 | Metazachlor | files=1 | ChemBlink/Sigma-Aldrich
[OK] 18691-97-9 | Methabenzthiazuron | files=1 | ChemBlink/Sigma-Aldrich
[OK] 62610-77-9 | Methacrifos | files=1 | ChemBlink/Sigma-Aldrich
[OK] 79-41-4 | Methacrylic acid | files=1 | ChemBlink/Alfa-Aesar
[OK] 10265-92-6 | Methamidophos | files=1 | ChemBlink/Sigma-Aldrich
[OK] 79723-02-7 | Methanaminium, N,N,N-trimethyl-, 1,2-benzenedicarboxylate (1:1) | files=1 | ChemBlink/Alfa-Aesar
[OK] 74-82-8 | Methane | files=1 | ChemBlink/Alfa-Aesar
[OK] 107-44-8 | METHANEFLUOROPHOSPHONATE | files=1 | CAS-Search (www.abdurrahmanince.net)
[OK] 993-13-5 | Methanephosphonic acid | files=1 | ChemBlink/Alfa-Aesar
[OK] 75-75-2 | Methanesulfonic acid | files=1 | ChemBlink/Alfa-Aesar
[OK] 7143-01-3 | Methanesulfonic anhydride | files=1 | ChemBlink/Alfa-Aesar
[OK] 124-63-0 | Methanesulfonyl chloride | files=1 | ChemBlink/Alfa-Aesar
[OK] 811-98-3 | Methanol-d4 | files=1 | ChemBlink/Alfa-Aesar
[OK] 950-37-8 | Methidathion | files=1 | ChemBlink/Sigma-Aldrich
[OK] 59-51-8 | Methionine | files=1 | ChemBlink/Alfa-Aesar
[OK] 16752-77-5 | Methomyl | files=1 | ChemBlink/Alfa-Aesar
[OK] 5878-19-3 | Methoxy-2-propanone | files=1 | ChemBlink/Alfa-Aesar
[OK] 39637-99-5 | methoxy-alpha-trifluoromethylacetyl chloride, R(-)-alpha- | files=1 | ChemBlink/Alfa-Aesar
[OK] 20445-33-4 | methoxy-alpha-trifluoromethylacetyl chloride, S(+)-alpha- | files=1 | ChemBlink/Alfa-Aesar
[OK] 625-45-6 | Methoxyacetic acid | files=1 | ChemBlink/Alfa-Aesar
[OK] 1738-36-9 | Methoxyacetonitrile | files=1 | ChemBlink/Alfa-Aesar
[OK] 579-74-8 | methoxyacetophenone, 2'- | files=1 | ChemBlink/Alfa-Aesar
[OK] 38870-89-2 | Methoxyacetyl chloride | files=1 | ChemBlink/Alfa-Aesar
[OK] 135-02-4 | methoxybenzaldehyde, 2- | files=1 | ChemBlink/Alfa-Aesar
[OK] 2393-23-9 | methoxybenzylamine, 4- | files=1 | ChemBlink/Alfa-Aesar
[OK] 72-43-5 | Methoxychlor | files=1 | ChemBlink/Alfa-Aesar
[OK] 62935-72-2 | methoxycoumarin acetic acid, 7-, -4- | files=1 | ChemBlink/Alfa-Aesar
[OK] 161050-58-4 | Methoxyfenozide | files=1 | ChemBlink/Sigma-Aldrich
[OK] 20265-37-6 | methoxynitropyridine, 3-, 2- | files=1 | ChemBlink/Alfa-Aesar
[OK] 62373-80-2 | methoxyphenoxybenzaldehyde, 3-(4- | files=1 | ChemBlink/Alfa-Aesar
[OK] 3966-32-3 | methoxyphenylacetic acid, (R)-(-)-apha- | files=1 | ChemBlink/Alfa-Aesar
[OK] 16015-71-7 | methoxyphenylpiperazine, 1-(3- | files=1 | ChemBlink/Alfa-Aesar
[OK] 116-11-0 | methoxypropene, 2- | files=1 | ChemBlink/Alfa-Aesar
[OK] 5332-73-0 | methoxypropylamine, 3- | files=1 | ChemBlink/Alfa-Aesar
[OK] 14470-28-1 | methoxytriphenylchloromethane, 4- | files=1 | ChemBlink/Alfa-Aesar
[OK] 17392-83-5 | Methyl (R)-(+)-lactate | files=1 | ChemBlink/Sigma-Aldrich
[OK] 39562-27-1 | Methyl 2-(2-nitrobenzylidene)acetoacetate | files=1 | ChemBlink/Apollo
[OK] 5445-17-0 | Methyl 2-bromopropionate | files=1 | ChemBlink/Alfa-Aesar
[OK] 4755-81-1 | Methyl 2-chloroacetoacetate | files=1 | ChemBlink/Sigma-Aldrich
[OK] 17639-93-9 | Methyl 2-chloropropionate | files=1 | ChemBlink/Alfa-Aesar
[OK] 24589-99-9 | Methyl 3-formyl-4-hydroxybenzoate | files=1 | ChemBlink/Sigma-Aldrich
[OK] 32807-28-6 | Methyl 4-chloroacetoacetate | files=1 | ChemBlink/Alfa-Aesar
[OK] 3153-37-5 | Methyl 4-chlorobutyrate | files=1 | ChemBlink/Alfa-Aesar
[OK] 18179-39-0 | Methyl 4-iodosalicylate | files=1 | ChemBlink/Alfa-Aesar
[OK] 80-48-8 | Methyl 4-toluenesulfonate | files=1 | ChemBlink/Alfa-Aesar
[OK] 79-20-9 | Methyl acetate | files=1 | ChemBlink/Alfa-Aesar
[OK] 105-45-3 | Methyl acetoacetate | files=1 | ChemBlink/Alfa-Aesar
[OK] 96-33-3 | Methyl acrylate | files=1 | ChemBlink/Alfa-Aesar
[OK] 126-98-7 | Methyl acrylonitrile | files=1 | ChemBlink/Alfa-Aesar
[OK] 67-56-1 | Methyl alcohol | files=1 | ChemBlink/Alfa-Aesar
[OK] 2734-47-6 | Methyl all-cis-5,8,11,14,17-eicosapentaenoate | files=1 | ChemBlink/Sigma-Aldrich
[OK] 2566-89-4 | Methyl Arachidonate | files=1 | ChemBlink/Sigma-Aldrich
[OK] 76-89-1 | Methyl benzilate | files=1 | ChemBlink/Alfa-Aesar
[OK] 93-58-3 | Methyl benzoate | files=1 | ChemBlink/Alfa-Aesar
[OK] 28983-56-4 | Methyl Blue | files=1 | ChemBlink/Alfa-Aesar
[OK] 74-83-9 | Methyl bromide | files=1 | ChemBlink/Sigma-Aldrich
[OK] 96-32-2 | Methyl bromoacetate | files=1 | ChemBlink/Alfa-Aesar
[OK] 623-42-7 | Methyl butanoate | files=1 | ChemBlink/Alfa-Aesar
[OK] 111-11-5 | methyl caprylate | files=1 | ChemBlink/Alfa-Aesar
[OK] 598-55-0 | methyl carbamate | files=1 | ChemBlink/Alfa-Aesar
[OK] 110-49-6 | Methyl cellosolve acetate | files=1 | ChemBlink/Alfa-Aesar
[OK] 74-87-3 | Methyl chloride | files=1 | ChemBlink/Sigma-Aldrich
[OK] 96-34-4 | Methyl chloroacetate | files=1 | ChemBlink/Alfa-Aesar
[OK] 79-22-1 | Methyl chlorocarbonate | files=1 | ChemBlink/Sigma-Aldrich
[OK] 812-01-1 | Methyl chlorosulphate | files=1 | ChemBlink/Ambeed
[OK] 1937-63-9 | METHYL CIS-11-OCTADECENOATE | files=1 | ChemBlink/Sigma-Aldrich
[OK] 2463-02-7 | Methyl cis-11,14-eicosadienoate C20:2 | files=1 | ChemBlink/Sigma-Aldrich
[OK] 55682-88-7 | Methyl cis-11,14,17-eicosatrienoate C20:3 | files=1 | ChemBlink/Sigma-Aldrich
[OK] 61012-47-3 | Methyl cis-13,16-docosadienoate C22:2 | files=1 | ChemBlink/Sigma-Aldrich
[OK] 108698-01-7 | Methyl cis-13,16,19-docosatrienoate C22:3 | files=1 | ChemBlink/Sigma-Aldrich
[OK] 2733-88-2 | Methyl cis-15-tetracosenoate (Nervonate) C24:1 | files=1 | ChemBlink/Sigma-Aldrich
[OK] 2566-90-7 | Methyl cis-4,7,10,13,16,19-Docosahexenoate C22:6 | files=1 | ChemBlink/Sigma-Aldrich
[OK] 2777-58-4 | Methyl cis-6-octadecenoate | files=1 | ChemBlink/Accu-Standard
[OK] 1783-84-2 | Methyl cis-8,11,14-eicosatrienoate (Hommogamma linolenate) C20:3 | files=1 | ChemBlink/TCI
[OK] 1120-25-8 | Methyl cis-9-Hexadecenoate | files=1 | ChemBlink/Sigma-Aldrich
[OK] 112-62-9 | Methyl cis-9-octadecenoate | files=1 | ChemBlink/Alfa-Aesar
[OK] 623-43-8 | Methyl crotonate | files=1 | ChemBlink/Alfa-Aesar
[OK] 105-34-0 | Methyl cyanoacetate | files=1 | ChemBlink/Alfa-Aesar
[OK] 2868-37-3 | Methyl cyclopropanecarboxylate | files=1 | ChemBlink/Alfa-Aesar
[OK] 97-30-3 | METHYL D-GLUCOSIDE | files=1 | ChemBlink/Alfa-Aesar
[OK] 116-54-1 | Methyl dichloroacetate | files=1 | ChemBlink/Alfa-Aesar
[NOTFOUND] 676-99-3 | METHYL DIFLUOROPHOSPHITE
[OK] 115-10-6 | Methyl ether | files=1 | ChemBlink/Sigma-Aldrich
[OK] 78-93-3 | Methyl ethyl ketone | files=1 | ChemBlink/Alfa-Aesar
[OK] 1338-23-4 | Methyl ethyl ketone peroxide | files=1 | CAS-Search (rcc-corrosion.com)
[OK] 123-39-7 | Methyl Formamide | files=1 | ChemBlink/Alfa-Aesar
[OK] 107-31-3 | Methyl formate | files=1 | ChemBlink/Alfa-Aesar
[OK] 16326-32-2 | Methyl g-linolenate | files=1 | ChemBlink/Sigma-Aldrich
[OK] 1731-92-6 | Methyl heptadecanoate | files=1 | ChemBlink/Sigma-Aldrich
[OK] 106-73-0 | Methyl heptanoate | files=1 | ChemBlink/Alfa-Aesar
[OK] 9032-42-2 | Methyl hydroxyethyl cellulose | files=1 | ChemBlink/Sigma-Aldrich
[OK] 942-24-5 | Methyl indole-3-carboxylate | files=1 | ChemBlink/Alfa-Aesar
[OK] 110-12-3 | Methyl isoamyl ketone | files=1 | ChemBlink/Alfa-Aesar
[OK] 108-11-2 | Methyl isobutyl carbinol | files=1 | ChemBlink/Alfa-Aesar
[OK] 108-10-1 | Methyl isobutyl ketone | files=1 | ChemBlink/Alfa-Aesar
[OK] 37206-20-5 | Methyl isobutyl ketone peroxide | files=1 | CAS-Search (www.evergreenchemicals.cn)
[OK] 547-63-7 | Methyl isobutyrate | files=1 | ChemBlink/Alfa-Aesar
[OK] 563-80-4 | Methyl isopropyl ketone | files=1 | ChemBlink/Alfa-Aesar
[OK] 556-61-6 | Methyl isothiocyanate | files=1 | ChemBlink/Alfa-Aesar
[OK] 547-64-8 | Methyl lactate | files=1 | ChemBlink/Alfa-Aesar
[OK] 112-63-0 | Methyl Linoleate | files=1 | ChemBlink/Alfa-Aesar
[OK] 2566-97-4 | Methyl linolelaidate (Linoelaidate) C18:2 | files=1 | ChemBlink/Sigma-Aldrich
[OK] 301-00-8 | Methyl Linolenate | files=1 | ChemBlink/Sigma-Aldrich
[OK] 75-16-1 | Methyl magnesium bromide | files=1 | ChemBlink/Alfa-Aesar
[OK] 51513-29-2 | methyl malonate monoamide | files=1 | ChemBlink/Alfa-Aesar
[OK] 74-93-1 | Methyl mercaptan | files=1 | ChemBlink/Sigma-Aldrich
[OK] 80-62-6 | Methyl methacrylate | files=1 | ChemBlink/Alfa-Aesar
[OK] 66-27-3 | Methyl methanesulfonate | files=1 | ChemBlink/Alfa-Aesar
[OK] 6290-49-9 | Methyl methoxyacetate | files=1 | ChemBlink/Alfa-Aesar
[OK] 110-43-0 | Methyl n-amyl ketone | files=1 | ChemBlink/Alfa-Aesar
[OK] 547-58-0 | Methyl orange | files=1 | ChemBlink/Alfa-Aesar
[OK] 99-76-3 | Methyl paraben | files=1 | ChemBlink/Alfa-Aesar
[OK] 298-00-0 | Methyl parathion | files=1 | ChemBlink/Sigma-Aldrich
[OK] 101-41-7 | Methyl phenylacetate | files=1 | ChemBlink/Alfa-Aesar
[OK] 676-83-5 | Methyl phosphonous dichloride | files=1 | ChemBlink/Strem
[OK] 3279-26-3 | Methyl phosphorodichloridite | files=1 | ChemBlink/Sigma-Aldrich
[OK] 606-35-9 | Methyl picrate | files=1 | Name-Search (www.ijpsjournal.com)
[OK] 598-98-1 | Methyl pivalate | files=1 | ChemBlink/Alfa-Aesar
[OK] 922-67-8 | Methyl propiolate | files=1 | ChemBlink/Alfa-Aesar
[OK] 554-12-1 | Methyl propionate | files=1 | ChemBlink/Alfa-Aesar
[OK] 1340-02-9 | Methyl purple solution | files=1 | ChemBlink/Alfa-Aesar
[OK] 493-52-7 | Methyl red | files=1 | ChemBlink/Alfa-Aesar
[OK] 845-10-3 | Methyl red sodium salt | files=1 | ChemBlink/Alfa-Aesar
[OK] 141-24-2 | Methyl Ricinoleate | files=1 | ChemBlink/Sigma-Aldrich
[OK] 27871-49-4 | Methyl S-(-)-lactate | files=1 | ChemBlink/Alfa-Aesar
[OK] 119-36-8 | Methyl salicylate | files=1 | ChemBlink/Alfa-Aesar
[OK] 112-61-8 | Methyl stearate | files=1 | ChemBlink/Alfa-Aesar
[OK] 556-64-9 | Methyl thiocyanate | files=1 | ChemBlink/Alfa-Aesar
[OK] 2365-48-2 | Methyl thioglycollate | files=1 | ChemBlink/Alfa-Aesar
[OK] 7439-44-3 | Methyl trans-13-docosenoate (Brassidate) C22:1 | files=1 | ChemBlink/Accu-Standard
[OK] 431-47-0 | Methyl trifluoroacetate | files=1 | ChemBlink/Alfa-Aesar
[OK] 333-27-7 | Methyl trifluoromethanesulfonate | files=1 | ChemBlink/Alfa-Aesar
[OK] 953-17-3 | methyl trithion | files=1 | CAS-Search (docs.accustandard.com)
[OK] 1731-86-8 | Methyl undecanoate | files=1 | ChemBlink/Alfa-Aesar
[OK] 624-24-8 | Methyl valerate | files=1 | ChemBlink/Alfa-Aesar
[OK] 3680-02-2 | Methyl vinyl sulfone | files=1 | ChemBlink/Alfa-Aesar
[OK] 128446-36-6 | methyl-beta-cyclodextrin | files=1 | ChemBlink/Alfa-Aesar
[OK] 617-04-9 | Methyl-D-mannopyranoside | files=1 | ChemBlink/Alfa-Aesar
[OK] 103-89-9 | methylacetanilide, 4'- | files=1 | ChemBlink/Alfa-Aesar
[OK] 74-89-5 | Methylamine | files=1 | ChemBlink/Alfa-Aesar
[OK] 593-51-1 | Methylamine hydrochloride | files=1 | ChemBlink/Alfa-Aesar
[OK] 124-58-3 | Methylarsonic acid | files=1 | CAS-Search (cdn.chemservice.com)
[OK] 592-62-1 | Methylazoxymethanol acetate | files=1 | CAS-Search (www.angenechemical.com)
[OK] 104-81-4 | methylbenzyl bromide, 4- | files=1 | ChemBlink/Alfa-Aesar
[OK] 23294-41-9 | methylbenzylamine, [R-(R*,R*)] (+) bis(alpha- | files=1 | ChemBlink/Alfa-Aesar
[OK] 1129-41-5 | Methylcarbamic acid 3-methylphenyl ester | files=1 | ChemBlink/Sigma-Aldrich
[OK] 9004-67-5 | Methylcellulose | files=1 | ChemBlink/Alfa-Aesar
[OK] 108-87-2 | Methylcyclohexane | files=1 | ChemBlink/Alfa-Aesar
[OK] 25639-42-3 | Methylcyclohexanol | files=1 | CAS-Search (chemreg.net)
[OK] 1193-18-6 | methylcyclohexenone, 3-, 2- | files=1 | ChemBlink/Alfa-Aesar
[OK] 26472-00-4 | Methylcyclopentadiene | files=1 | ChemBlink/Alfa-Aesar
[OK] 96-37-7 | Methylcyclopentane | files=1 | ChemBlink/Alfa-Aesar
[NOTFOUND] 593-89-5 | Methyldichloroarsine
[OK] 15715-41-0 | Methyldiethoxyphosphine | files=1 | ChemBlink/Alfa-Aesar
[NOTFOUND] 144-54-7 | Methyldithiocarbamate
[OK] 111-82-0 | Methyldodecanoate (laurate) C12:0 | files=1 | ChemBlink/Alfa-Aesar
[OK] 1192-37-6 | Methylencyclohexane | files=1 | ChemBlink/Alfa-Aesar
[OK] 61-73-4 | Methylene blue | files=1 | ChemBlink/Apollo
[OK] 122965-43-9 | Methylene blue hydrate | files=1 | ChemBlink/Alfa-Aesar
[OK] 7220-79-3 | Methylene Blue trihydrate | files=1 | ChemBlink/Alfa-Aesar
[OK] 74-95-3 | Methylene bromide | files=1 | ChemBlink/Alfa-Aesar
[OK] 101-68-8 | Methylene diphenyl diisocyanate | files=1 | ChemBlink/Alfa-Aesar
[OK] 6586-05-6 | Methylene Thimol - blue | files=1 | ChemBlink/Sigma-Aldrich
[OK] 5124-30-1 | Methylene-bis(4-Cyclohexylisocyanate) | files=1 | ChemBlink/Alfa-Aesar
[OK] 132098-54-5 | methylenebis(tert-butyloxazoline), (S,S)-2,2',4-,2- | files=1 | ChemBlink/Sigma-Aldrich
[OK] 110-26-9 | methylenebisacrylamide, N,N'- | files=1 | ChemBlink/Alfa-Aesar
[OK] 1984-15-2 | Methylenediphosphonic acid | files=1 | ChemBlink/Alfa-Aesar
[OK] 25550-51-0 | Methylhexahydrophthalic anhydride | files=1 | ChemBlink/Syn-Quest
[OK] 917-54-4 | Methyllithium | files=1 | ChemBlink/Alfa-Aesar
[OK] 676-58-4 | Methylmagnesium chloride | files=1 | ChemBlink/Alfa-Aesar
[OK] 917-64-6 | Methylmagnesium iodide | files=1 | ChemBlink/Alfa-Aesar
[OK] 37517-81-0 | methylmalonyl chloride | files=1 | ChemBlink/Alfa-Aesar
[OK] 25134-21-8 | Methylnorbornene-2,3-dicarboxylic anhydride | files=1 | ChemBlink/Alfa-Aesar
[OK] 149-74-6 | Methylphenyldichlorosilane | files=1 | ChemBlink/Alfa-Aesar
[OK] 676-97-1 | Methylphosphonic dichloride | files=1 | ChemBlink/Alfa-Aesar
[OK] 50782-69-9 | Methylphosphonothioic acid S-[2-[bis(1-methylethyl)amino]ethyl] O-ethyl ester | files=1 | CAS-Search (www.abdurrahmanince.net)
[OK] 824-42-0 | methylsalicylaldehyde | files=1 | ChemBlink/Sigma-Aldrich
[OK] 1319-73-9 | Methylstyrene | files=1 | ChemBlink/Sigma-Aldrich
[OK] 56-04-2 | Methylthiouracil | files=1 | ChemBlink/Alfa-Aesar
[OK] 1185-55-3 | Methyltrimethoxysilane | files=1 | ChemBlink/Alfa-Aesar
[OK] 5137-55-3 | Methyltrioctylammonium chloride | files=1 | ChemBlink/Sigma-Aldrich
[OK] 124-70-9 | Methylvinyldichlorosilane | files=1 | ChemBlink/Alfa-Aesar
[OK] 9006-42-2 | Metiram | files=1 | ChemBlink/Sigma-Aldrich
[OK] 3060-89-7 | Metobromuron | files=1 | ChemBlink/Sigma-Aldrich
[OK] 51218-45-2 | Metolachlor | files=1 | ChemBlink/Sigma-Aldrich
[OK] 19937-59-8 | Metoxuron | files=1 | ChemBlink/Sigma-Aldrich
[OK] 21087-64-9 | Metribuzin | files=1 | ChemBlink/Sigma-Aldrich
[OK] 443-48-1 | Metronidazole | files=1 | ChemBlink/Alfa-Aesar
[NOTFOUND] 21452-18-6 | Metsulfovax
[OK] 79510-48-8 | Metsulfuron | files=1 | CAS-Search (www.ichemistry.cn)
[OK] 74223-64-6 | Metsulfuron Me | files=1 | ChemBlink/Sigma-Aldrich
[OK] 51596-10-2 | Mibemectin | files=1 | ChemBlink/Cayman
[OK] 8042-47-5 | Mineral oil | files=1 | ChemBlink/Alfa-Aesar
[OK] 64742-18-3 | MINERAL OIL, PETROLEUM DISTILLATES, ACIS-TREATED HEAVY NAPHTHENIC | files=1 | CAS-Search (msds.uapinc.com)
[OK] 2385-85-5 | Mirex | files=1 | ChemBlink/Sigma-Aldrich
[OK] 50-07-7 | Mitomycin C | files=1 | ChemBlink/Alfa-Aesar
[OK] 13194-48-4 | Mocap | files=1 | ChemBlink/Sigma-Aldrich
[OK] 63231-69-6 | Molecular sieve 13X | files=1 | ChemBlink/Alfa-Aesar
[OK] 308080-99-1 | molecular sieve, 3A | files=1 | ChemBlink/Alfa-Aesar
[OK] 69912-79-4 | Molecular Sieves 5A | files=1 | ChemBlink/Alfa-Aesar
[OK] 2212-67-1 | Molinate | files=1 | ChemBlink/Sigma-Aldrich
[OK] 7439-98-7 | Molybdenum | files=1 | ChemBlink/Alfa-Aesar
[OK] 1317-33-5 | Molybdenum(IV) sulfide | files=1 | ChemBlink/Alfa-Aesar
[OK] 10241-05-1 | Molybdenum(V) chloride | files=1 | ChemBlink/Alfa-Aesar
[OK] 1313-27-5 | Molybdenum(VI) oxide | files=1 | ChemBlink/Alfa-Aesar
[OK] 7782-91-4 | Molybdic acid | files=1 | ChemBlink/Alfa-Aesar
[OK] 22373-78-0 | Monensin sodium salt | files=1 | ChemBlink/Alfa-Aesar
[OK] 1877-71-0 | mono-Methyl isophthalate | files=1 | ChemBlink/Alfa-Aesar
[OK] 4376-18-5 | mono-Methyl phthalate | files=1 | ChemBlink/Alfa-Aesar
[OK] 1679-64-7 | mono-Methyl terephthalate | files=1 | ChemBlink/Alfa-Aesar
[OK] 26446-35-5 | monoacetin | files=1 | ChemBlink/Alfa-Aesar
[OK] 108-86-1 | Monobromobenzene | files=1 | ChemBlink/Alfa-Aesar
[NOTFOUND] 2157-98-4 | Monocrotophos
[OK] 1746-81-2 | Monolinuron | files=1 | ChemBlink/Sigma-Aldrich
[OK] 60-34-4 | Monomethyl hydrazine | files=1 | ChemBlink/Sigma-Aldrich
[OK] 100-61-8 | Monomethylaniline | files=1 | ChemBlink/Alfa-Aesar
[OK] 70693-62-8 | Monopersulfate compound | files=1 | ChemBlink/Alfa-Aesar
[OK] 542-44-9 | monoplamitin standard | files=1 | ChemBlink/Sigma-Aldrich
[OK] 2163-80-6 | Monosodium acid methanearsonate | files=1 | ChemBlink/Sigma-Aldrich
[OK] 123-94-4 | Monostearin | files=1 | ChemBlink/Sigma-Aldrich
[OK] 1318-93-0 | Montmorillonite KSF | files=1 | ChemBlink/Alfa-Aesar
[OK] 150-68-5 | Monuron | files=1 | ChemBlink/Alfa-Aesar
[OK] 1132-61-2 | MOPS | files=1 | ChemBlink/Alfa-Aesar
[OK] 71119-22-7 | MOPS sodium salt | files=1 | ChemBlink/Alfa-Aesar
[OK] 6470-98-0 | Mordant Yellow 12 | files=1 | CAS-Search (www.chemicalbook.com)
[OK] 6472-38-4 | Morin | files=1 | ChemBlink/LOBA
[OK] 110-91-8 | Morpholine | files=1 | ChemBlink/Alfa-Aesar
[OK] 15159-40-7 | Morpholine-4-carbonyl chloride | files=1 | ChemBlink/Alfa-Aesar
[OK] 65756-41-4 | Morpholinium, 4-ethyl-4-methyl-, bromide | files=1 | ChemBlink/Matrix
[NOTFOUND] 129217-90-9 | MP-2000
[OK] 101204-49-3 | MRS 2179 ammonium salt hydrate | files=1 | ChemBlink/Cayman
[OK] 84082-64-4 | mucin typeII | files=1 | ChemBlink/Sigma-Aldrich
[OK] 1302-93-8 | Mullite | files=1 | ChemBlink/Alfa-Aesar
[OK] 63231-60-7 | Multiwax®, W-445 | files=1 | CAS-Search (file1.lookchem.com)
[OK] 3051-09-0 | Murexide (ammonium purpurate) metal indicator | files=1 | ChemBlink/Alfa-Aesar
[OK] 88671-89-0 | Myclobutanil | files=1 | ChemBlink/Alfa-Aesar
[OK] 87-89-8 | myo-Inositol | files=1 | ChemBlink/Alfa-Aesar
[OK] 123-35-3 | Myrcene | files=1 | ChemBlink/Alfa-Aesar
[OK] 529-44-2 | Myricetin | files=1 | ChemBlink/Alfa-Aesar
[OK] 544-63-8 | Myristic acid | files=1 | ChemBlink/Alfa-Aesar
[OK] 112-64-1 | Myristoyl chloride | files=1 | ChemBlink/Alfa-Aesar
[OK] 1465-25-4 | N-(1-Naphthyl)ethylenediamine dihydrochloride | files=1 | ChemBlink/Alfa-Aesar
[OK] 7365-82-4 | N-(2-Acetamido)-2-aminoethanesulfonic acid | files=1 | ChemBlink/Alfa-Aesar
[OK] 1760-24-3 | N-(2-Aminoethyl-3-aminopropyl)trimethoxysilane | files=1 | ChemBlink/Alfa-Aesar
[OK] 4461-39-6 | N-(2-Hydroxyethyl)-1,3-diaminopropane | files=1 | ChemBlink/Sigma-Aldrich
[OK] 3040-44-6 | N-(2-Hydroxyethyl)-piperidine | files=1 | ChemBlink/Alfa-Aesar
[OK] 18190-44-8 | N-(2-Hydroxylethyl)-succinide | files=1 | ChemBlink/Sigma-Aldrich
[OK] 77732-09-3 | N-(2,6-Dimethylphenyl)-2-methoxy-N-(2-oxo-3-oxazolidinyl)acetamide | files=1 | ChemBlink/Sigma-Aldrich
[OK] 5205-93-6 | N-(3-(dimethylamino) propyl) methacrylamide | files=1 | ChemBlink/Sigma-Aldrich
[OK] 883-44-3 | N-(3-Hydroxypropyl)-phthalimide | files=1 | ChemBlink/Sigma-Aldrich
[NOTFOUND] 719-96-0 | N-(Dichlorofluoromethylthio)phthalimide
[OK] 59227-88-2 | N-(n-Octyl)-delta-caprolactam | files=1 | CAS-Search (www.chemicalbook.com)
[OK] 133-07-3 | N-(Trichloromethylthio)phthalimide | files=1 | ChemBlink/Sigma-Aldrich
[OK] 5704-04-1 | N-(Tris-(hydroxymethyl)methyl)glycine | files=1 | ChemBlink/Alfa-Aesar
[OK] 143537-62-6 | N-(β-Ketocaproyl)-L-homoserine lactone | files=1 | ChemBlink/Sigma-Aldrich
[OK] 169396-88-7 | N-[2-(Fmoc-amino)-ethyl]-Gly-OtBu HCl | files=1 | ChemBlink/Sigma-Aldrich
[OK] 616-91-1 | N-ACETYL-L-(+)-CYSTEINE | files=1 | ChemBlink/Alfa-Aesar
[OK] 142-26-7 | N-Acetylethanolamine | files=1 | ChemBlink/Alfa-Aesar
[OK] 109-57-9 | N-Allylthiourea | files=1 | ChemBlink/Alfa-Aesar
[OK] 638-49-3 | n-Amyl Formate | files=1 | ChemBlink/Alfa-Aesar
[OK] 3483-82-7 | N-Benzoyl-L-tyrosine ethyl ester | files=1 | ChemBlink/Alfa-Aesar
[OK] 54799-93-8 | N-Benzoyl-Phe-Val-Arg-p-nitroanilide hydrochloride | files=1 | ChemBlink/Sigma-Aldrich
[OK] 92-59-1 | N-Benzyl-N-ethylaniline | files=1 | ChemBlink/Alfa-Aesar
[OK] 3378-72-1 | N-Benzyl-tert-butylamine | files=1 | ChemBlink/Alfa-Aesar
[OK] 103-32-2 | N-Benzylaniline | files=1 | ChemBlink/Alfa-Aesar
[OK] 14321-27-8 | N-Benzylethylamine | files=1 | ChemBlink/Alfa-Aesar
[OK] 103-67-3 | N-Benzylmethylamine | files=1 | ChemBlink/Alfa-Aesar
[OK] 5332-26-3 | N-Bromomethylphthalimide | files=1 | ChemBlink/Alfa-Aesar
[OK] 128-08-5 | N-Bromosuccinimide | files=1 | ChemBlink/Alfa-Aesar
[OK] 628-81-9 | n-Butyl ethyl ether | files=1 | ChemBlink/Alfa-Aesar
[OK] 2426-08-6 | n-Butyl glycidyl ether | files=1 | ChemBlink/Alfa-Aesar
[OK] 111-36-4 | n-Butyl isocyanate | files=1 | ChemBlink/Alfa-Aesar
[OK] 138-22-7 | n-Butyl lactate | files=1 | ChemBlink/Sigma-Aldrich
[OK] 532-34-3 | n-BUTYL MESITYL OXIDE OXALATE | files=1 | ChemBlink/Accu-Standard
[OK] 590-01-2 | n-Butyl propionate | files=1 | ChemBlink/Alfa-Aesar
[OK] 109-73-9 | n-Butylamine | files=1 | ChemBlink/Alfa-Aesar
[OK] 102-79-4 | N-Butyldiethanolamine | files=1 | ChemBlink/Alfa-Aesar
[OK] 110-68-9 | N-Butylmethylamine | files=1 | ChemBlink/Alfa-Aesar
[OK] 107-92-6 | n-Butyric acid | files=1 | ChemBlink/Alfa-Aesar
[OK] 6004-24-6 | N-Cetylpyridinium chloride monohydrate | files=1 | ChemBlink/Alfa-Aesar
[OK] 128-09-6 | N-Chlorosuccinimide | files=1 | ChemBlink/Alfa-Aesar
[OK] 100-60-7 | N-Cyclohexylmethylamine | files=1 | ChemBlink/Alfa-Aesar
[OK] 477-30-5 | n-Deacetyl-n-methylcolchicine | files=1 | ChemBlink/Alfa-Aesar
[OK] 124-18-5 | n-Decane | files=1 | ChemBlink/Alfa-Aesar
[OK] 15163-30-1 | N-Dodecyl-N,N-(dimethylammonio)butyrate | files=1 | Name-Search (pdf.benchchem.com)
[OK] 4327-84-8 | N-Ethyl-N-(2-hydroxyethyl)-1,4-phenylenediammonium sulfate monohydrate | files=1 | ChemBlink/Sigma-Aldrich
[OK] 86-28-2 | N-Ethylcarbazole | files=1 | ChemBlink/Alfa-Aesar
[OK] 7175-49-7 | N-Ethyldicyclohexylamine | files=1 | ChemBlink/Sigma-Aldrich
[OK] 7087-68-5 | N-Ethyldiisopropylamine | files=1 | ChemBlink/Alfa-Aesar
[OK] 110-72-5 | N-Ethylethylenediamine | files=1 | ChemBlink/Alfa-Aesar
[OK] 128-53-0 | N-Ethylmaleimide | files=1 | ChemBlink/Alfa-Aesar
[OK] 100-74-3 | n-Ethylmorpholine | files=1 | ChemBlink/Alfa-Aesar
[OK] 5308-25-8 | N-Ethylpiperazine | files=1 | ChemBlink/Alfa-Aesar
[OK] 53-96-3 | N-Fluoren-2-ylacetamide | files=1 | ChemBlink/Sigma-Aldrich
[OK] 142-82-5 | n-Heptane | files=1 | ChemBlink/Alfa-Aesar
[OK] 111-27-3 | n-Hexanol | files=1 | ChemBlink/Alfa-Aesar
[OK] 6066-82-6 | N-Hydroxysuccinimide | files=1 | ChemBlink/Alfa-Aesar
[OK] 127-07-1 | N-Hydroxyurea | files=1 | ChemBlink/Alfa-Aesar
[OK] 101-72-4 | N-Isopropyl-N'-phenyl-1,4-phenylenediamine | files=1 | ChemBlink/Alfa-Aesar
[OK] 2210-25-5 | N-Isopropylacrylamide | files=1 | ChemBlink/Alfa-Aesar
[OK] 19522-67-9 | N-Isopropylethylenediamine | files=1 | ChemBlink/Alfa-Aesar
[OK] 7631-98-3 | N-lauroylsarcosine sodium salt | files=1 | CAS-Search (www.chemicalbook.com)
[OK] 7423-55-4 | N-Maleoyl-beta-alanine | files=1 | ChemBlink/Alfa-Aesar
[OK] 24589-78-4 | N-Methyl-N-(trimethylsilyl) trifluoroacetamide | files=1 | ChemBlink/Alfa-Aesar
[OK] 70-25-7 | N-methyl-N'-nitro-N-nitrosoguanidine | files=1 | ChemBlink/Sigma-Aldrich
[OK] 611-21-2 | N-Methyl-o-toluidine | files=1 | ChemBlink/Matrix
[OK] 623-08-5 | N-Methyl-p-toluidine | files=1 | ChemBlink/Sigma-Aldrich
[OK] 79-16-3 | N-methylacetamide | files=1 | ChemBlink/Alfa-Aesar
[OK] 107-97-1 | N-Methylaminoacetic acid | files=1 | ChemBlink/Alfa-Aesar
[OK] 4455-26-9 | N-Methyldioctylamine | files=1 | ChemBlink/Alfa-Aesar
[OK] 109-83-1 | N-Methylethanolamine | files=1 | ChemBlink/Alfa-Aesar
[OK] 109-81-9 | N-Methylethylenediamine | files=1 | ChemBlink/Alfa-Aesar
[OK] 93-61-8 | N-methylformanilide | files=1 | ChemBlink/Alfa-Aesar
[OK] 616-47-7 | N-Methylimidazole | files=1 | ChemBlink/Alfa-Aesar
[OK] 598-52-7 | N-Methylthiourea | files=1 | ChemBlink/Alfa-Aesar
[OK] 1116-54-7 | N-nitrosodiethanolamine | files=1 | CAS-Search (cdn.chemservice.com)
[OK] 62-75-9 | N-Nitrosodimethylamine | files=1 | ChemBlink/Sigma-Aldrich
[OK] 621-64-7 | N-nitrosodipropylamine | files=1 | ChemBlink/Sigma-Aldrich
[OK] 111-84-2 | n-Nonane | files=1 | ChemBlink/Alfa-Aesar
[OK] 13177-41-8 | N-Octadecyl-N,N-Dimethyl-3-Ammonio-1-Propane Sulfonate | files=1 | ChemBlink/Sigma-Aldrich
[OK] 111-65-9 | n-Octane | files=1 | ChemBlink/Alfa-Aesar
[OK] 2687-94-7 | N-octyl pyrrolidone | files=1 | ChemBlink/Sigma-Aldrich
[OK] 2083-68-3 | n-Octyltrimethylammonium Bromide | files=1 | ChemBlink/Alfa-Aesar
[OK] 102-77-2 | N-oxydiethylenebenzothiazole-2-sulfenamide | files=1 | ChemBlink/Sigma-Aldrich
[OK] 463-04-7 | n-Pentyl nitrite | files=1 | CAS-Search (file1.lookchem.com)
[OK] 110-58-7 | n-Pentylamine | files=1 | ChemBlink/Alfa-Aesar
[OK] 135-88-6 | N-Phenyl-2-naphthylamine | files=1 | ChemBlink/Alfa-Aesar
[OK] 941-69-5 | N-Phenylmaleimide | files=1 | ChemBlink/Alfa-Aesar
[OK] 92-54-6 | N-Phenylpiperazine | files=1 | ChemBlink/Alfa-Aesar
[OK] 103-85-5 | N-Phenylthiourea | files=1 | ChemBlink/Alfa-Aesar
[OK] 109-60-4 | n-Propyl acetate | files=1 | ChemBlink/Alfa-Aesar
[NOTFOUND] 83-59-0 | n-Propyl isome
[OK] 103-65-1 | n-Propylbenzene | files=1 | ChemBlink/Alfa-Aesar
[OK] 52299-14-6 | N-Succinyl-Ala-Ala-Ala-p-nitroanilide | files=1 | ChemBlink/Biosynth
[OK] 70968-04-6 | N-Succinyl-Ala-Ala-Pro-Leu p-nitroanilide | files=1 | ChemBlink/Sigma-Aldrich
[OK] 70967-97-4 | N-succinyl-ala-ala-pro-phe-p-nitroanilide | files=1 | ChemBlink/Matrix
[OK] 77377-52-7 | N-tert-Butyldimethylsilyl-N-methyltrifluoro acetamide | files=1 | ChemBlink/Alfa-Aesar
[OK] 629-50-5 | n-tridecane | files=1 | ChemBlink/Alfa-Aesar
[OK] 1546-79-8 | N-Trifluoroacetylimidazole | files=1 | ChemBlink/Alfa-Aesar
[OK] 1120-21-4 | n-Undecane | files=1 | ChemBlink/Alfa-Aesar
[OK] 1484-13-5 | N-Vinyl carbazole | files=1 | ChemBlink/Alfa-Aesar
[OK] 696-44-6 | N,3-dimethyl-benzenamine | files=1 | ChemBlink/Sigma-Aldrich
[NOTFOUND] 51-75-2 | N,N-bis(2-Chloroethyl)methylamine
[OK] 91273-04-0 | N,N-Bis(2-ethylhexyl)-((1,2,4-triazol-1-yl)methyl)amine | files=1 | CAS-Search (go.lupinsys.com)
[OK] 105-83-9 | N,N-Bis(3-aminopropyl)methylamine | files=1 | ChemBlink/Alfa-Aesar
[OK] 102-83-0 | N,N-Dibutyl-1,3-propanediamine | files=1 | ChemBlink/Alfa-Aesar
[OK] 134-62-3 | N,N-Diethyl-3-methylbenzamide | files=1 | ChemBlink/Alfa-Aesar
[OK] 93-05-0 | N,N-Diethyl-p-phenylenediamine | files=1 | ChemBlink/Sigma-Aldrich
[OK] 6283-63-2 | N,N-Diethyl-p-phenylenediamine sulfate | files=1 | ChemBlink/Alfa-Aesar
[OK] 91-66-7 | N,N-Diethylaniline | files=1 | ChemBlink/Alfa-Aesar
[OK] 617-84-5 | N,N-Diethylformamide | files=1 | ChemBlink/Alfa-Aesar
[OK] 3710-84-7 | N,N-Diethylhydroxylamine | files=1 | ChemBlink/Alfa-Aesar
[OK] 693-13-0 | N,N-Diisopropylcarbodiimide | files=1 | ChemBlink/Alfa-Aesar
[OK] 109-55-7 | N,N-Dimethyl-1,3-propanediamine | files=1 | ChemBlink/Alfa-Aesar
[OK] 536-46-9 | N,N-Dimethyl-1,4-phenylenediamine dihydrochloride | files=1 | ChemBlink/Alfa-Aesar
[OK] 121-72-2 | N,N-dimethyl-m-toluidine | files=1 | ChemBlink/Alfa-Aesar
[OK] 609-72-3 | N,N-Dimethyl-o-toluidine | files=1 | ChemBlink/Sigma-Aldrich
[OK] 99-97-8 | N,N-Dimethyl-p-toluidine | files=1 | ChemBlink/Alfa-Aesar
[OK] 127-19-5 | N,N-Dimethylacetamide | files=1 | ChemBlink/Alfa-Aesar
[OK] 18871-66-4 | N,N-Dimethylacetamide dimethyl acetal | files=1 | ChemBlink/Alfa-Aesar
[OK] 2155-94-4 | N,N-Dimethylallylamine | files=1 | ChemBlink/Sigma-Aldrich
[OK] 611-74-5 | N,N-Dimethylbenzamide | files=1 | ChemBlink/Alfa-Aesar
[OK] 121-69-7 | N,N-Dimethylbenzenamine | files=1 | ChemBlink/Alfa-Aesar
[OK] 103-83-3 | N,N-Dimethylbenzylamine | files=1 | ChemBlink/Alfa-Aesar
[OK] 98-94-2 | N,N-Dimethylcyclohexylamine | files=1 | ChemBlink/Alfa-Aesar
[OK] 1120-24-7 | N,N-Dimethyldecylamine | files=1 | ChemBlink/Sigma-Aldrich
[OK] 108-01-0 | N,N-Dimethylethanolamine | files=1 | ChemBlink/Alfa-Aesar
[OK] 108-00-9 | N,N-Dimethylethylenediamine | files=1 | ChemBlink/Alfa-Aesar
[OK] 1188-33-6 | N,N-Dimethylformamide diethyl acetal | files=1 | ChemBlink/Alfa-Aesar
[OK] 4637-24-5 | N,N-Dimethylformamide dimethyl acetal | files=1 | ChemBlink/Alfa-Aesar
[OK] 6006-65-1 | N,N-Dimethylformamide dipropyl acetal | files=1 | ChemBlink/Alfa-Aesar
[OK] 36805-97-7 | N,N-Dimethylformamidedi-tert.-butylacetal | files=1 | ChemBlink/Alfa-Aesar
[OK] 1118-68-9 | N,N-Dimethylglycine | files=1 | ChemBlink/Alfa-Aesar
[OK] 99-98-9 | N,N-Dimethylphenylenediamine | files=1 | ChemBlink/Alfa-Aesar
[OK] 13360-57-1 | N,N-Dimethylsulfamoyl chloride | files=1 | ChemBlink/Alfa-Aesar
[OK] 83-01-2 | N,N-Diphenylcarbamoyl chloride | files=1 | ChemBlink/Alfa-Aesar
[OK] 637-01-4 | N,N,N,'N'-tetramethyl-1,4-phenylenediamine dihydrochloride | files=1 | ChemBlink/Alfa-Aesar
[OK] 123-12-6 | N,N,N',N'-Tetraethyldiethylenetriamine | files=1 | ChemBlink/Sigma-Aldrich
[OK] 100-22-1 | N,N,N',N'-Tetramethyl-p-phenylenediamine | files=1 | ChemBlink/Alfa-Aesar
[OK] 366-29-0 | N,N,N',N'-Tetramethylbenzidine | files=1 | ChemBlink/CDH
[OK] 51-80-9 | N,N,N',N'-Tetramethyldiaminomethane | files=1 | ChemBlink/Alfa-Aesar
[OK] 110-18-9 | N,N,N',N'-tetramethylethylenediamine | files=1 | ChemBlink/Alfa-Aesar
[OK] 80-70-6 | N,N,N',N'-Tetramethylguanidine | files=1 | ChemBlink/Alfa-Aesar
[OK] 3030-47-5 | N,N,N',N'',N''-Pentamethyldiethylenetriamine | files=1 | ChemBlink/Alfa-Aesar
[OK] 4835-11-4 | N,N'-Di-n-Butyl-1,6-hexanediamine | files=1 | ChemBlink/Alfa-Aesar
[OK] 538-75-0 | N,N'-Dicyclohexylcarbodiimide | files=1 | ChemBlink/Alfa-Aesar
[OK] 110-70-3 | N,N'-Dimethylethanediamine | files=1 | ChemBlink/Alfa-Aesar
[NOTFOUND] 505-71-5 | N,N'-DINITRO-1,2-DIAMINOETHANE
[OK] 531-91-9 | N,N'-Diphenylbenzidine | files=1 | ChemBlink/Alfa-Aesar
[OK] 622-15-1 | N,N'-diphenylformamide | files=1 | ChemBlink/Alfa-Aesar
[OK] 122-66-7 | N,N'-diphenylhydrazine | files=1 | ChemBlink/Alfa-Aesar
[OK] 94-93-9 | N,N′-Bis(salicylidene)ethylenediamine | files=1 | ChemBlink/Alfa-Aesar
[OK] 14167-20-5 | N,N′-Bis(salicylidene)ethylenediaminonickel(II) | files=1 | ChemBlink/Sigma-Aldrich
[OK] 109-46-6 | N,N′-Dibutylthiourea | files=1 | ChemBlink/Alfa-Aesar
[OK] 96-31-1 | N,N′-Dimethylurea | files=1 | ChemBlink/Alfa-Aesar
[OK] 10416-59-8 | N,O-Bis(trimethylsilyl)acetamide | files=1 | ChemBlink/Alfa-Aesar
[OK] 25561-30-2 | N,O-bis(Trimethylsilyl)trifluoracetamide | files=1 | ChemBlink/Alfa-Aesar
[OK] 35141-30-1 | N1-(3-Trimethoxysilylpropyl)diethylenetriamine | files=1 | ChemBlink/Sigma-Aldrich
[OK] 29091-05-2 | N3,N3-Diethyl-2,4-dinitro-6-(trifluoromethyl)-1,3-benzenediamine | files=1 | ChemBlink/Sigma-Aldrich
[OK] 31175-20-9 | Nafion117 solution | files=1 | ChemBlink/Oakwood
[OK] 389-08-2 | nalidixic acid | files=1 | ChemBlink/Alfa-Aesar
[OK] 3374-05-8 | Nalidixic acid sodium salt | files=1 | ChemBlink/Alfa-Aesar
[OK] 51481-60-8 | Naloxone hydrochloride dihydrate | files=1 | ChemBlink/Sigma-Aldrich
[OK] 94114-54-2 | Naphtha (coal), solvent extn. hydrocracked | files=1 | Name-Search (www.chemicalbook.com)
[OK] 92045-49-3 | Naphtha (petroleum), C4-12 butane-alkylate, isooctane-rich | files=1 | Name-Search (www.chemicalbook.com)
[OK] 85116-57-0 | Naphtha (petroleum), catalytic reformed hydrodesulfurized heavy, arom. Fraction | files=1 | Name-Search (www.chemicalbook.com)
[OK] 85116-59-2 | Naphtha (petroleum), catalytic reformed light, arom.-free fraction | files=1 | Name-Search (www.chemicalbook.com)
[OK] 92045-50-6 | Naphtha (petroleum), heavy catalytic cracked, sweetened | files=1 | Name-Search (www.chemicalbook.com)
[NOTFOUND] 101631-20-3 | Naphtha (petroleum), heavy straight run, arom.-contg.
[NOTFOUND] 101316-76-1 | Naphtha (petroleum), hydrodesulfurized full-range coker
[NOTFOUND] 85116-60-5 | Naphtha (petroleum), hydrodesulfurized thermal cracked light
[OK] 92045-57-3 | Naphtha (petroleum), hydrotreated light steam-cracked | files=1 | Name-Search (www.chemicalbook.com)
[NOTFOUND] 85116-61-6 | Naphtha (petroleum), hydrotreated light, cycloalkane-containing
[NOTFOUND] 92045-58-4 | Naphtha (petroleum), isomerization, C6-fraction
[OK] 92045-59-5 | Naphtha (petroleum), light catalytic cracked sweetened | files=1 | Name-Search (bartonpetroleum.co.uk)
[NOTFOUND] 92201-97-3 | Naphtha (petroleum), light heat-soaked, steam-cracked
[NOTFOUND] 98219-46-6 | Naphtha (petroleum), light steam-cracked, debenzenized, thermally treated
[NOTFOUND] 93165-55-0 | Naphtha (petroleum), light steam-cracked, hydrogenated
[OK] 98219-47-7 | Naphtha (petroleum), light steam-cracked, thermally treated | files=1 | CAS-Search (www.hongrunplastics.com)
[NOTFOUND] 92045-65-3 | Naphtha (petroleum), light thermal cracked, sweetened
[NOTFOUND] 92045-60-8 | Naphtha (petroleum), light, C5-rich, sweetened
[NOTFOUND] 97488-96-5 | Naphtha (petroleum), solvent-refined hydrodesulfurized heavy
[OK] 90641-13-7 | Naphtha (petroleum), steam-cracked, hydrotreated, C9-10-arom.-rich | files=1 | Name-Search (www.chemicalbook.com)
[OK] 101795-01-1 | Naphtha (petroleum), sweetened light | files=1 | Name-Search (www.chemicalbook.com)
[OK] 68955-35-1 | Naphtha, petroleum, catalytic reformed | files=1 | CAS-Search (www.vitol.com)
[NOTFOUND] 68527-22-0 | Naphtha, petroleum, clay-treated light straight-run
[OK] 68527-27-5 | Naphtha, petroleum, full-range alkylate, butane-containing | files=1 | CAS-Search (www.rosneft.de)
[OK] 64741-42-0 | Naphtha, petroleum, full-range straight-run | files=1 | CAS-Search (mercuria.com)
[NOTFOUND] 64741-66-8 | Naphtha, petroleum, light alkylate
[OK] 68527-23-1 | Naphtha, petroleum, light steam-cracked arom. | files=1 | CAS-Search (www.epa.gov)
[OK] 64741-84-0 | Naphtha, petroleum, solvent-refined light | files=1 | CAS-Search (artcatering.com)
[NOTFOUND] 68516-20-1 | Naphtha, petroleum, steam-cracked middle arom.
[OK] 68783-12-0 | Naphtha, petroleum, unsweetened | files=1 | CAS-Search (hongrunplastics.com)
[OK] 92-24-0 | Naphthacene | files=1 | ChemBlink/Sigma-Aldrich
[OK] 66-99-9 | naphthaldehyde, 2- | files=1 | ChemBlink/Alfa-Aesar
[OK] 91-20-3 | Naphthalene | files=1 | ChemBlink/Alfa-Aesar
[OK] 13922-41-3 | Naphthalene-1-boronic acid | files=1 | ChemBlink/Alfa-Aesar
[OK] 613-62-7 | Naphthalene, 2-(phenylmethoxy)- | files=1 | ChemBlink/Alfa-Aesar
[OK] 596-01-0 | naphtholphthalein, alpha | files=1 | ChemBlink/Alfa-Aesar
[OK] 551-06-4 | naphthyl isothiocyanate, 1- | files=1 | ChemBlink/Alfa-Aesar
[OK] 19381-50-1 | naphtol green b | files=1 | ChemBlink/Alfa-Aesar
[OK] 15299-99-7 | Napropamide | files=1 | ChemBlink/Sigma-Aldrich
[OK] 22204-53-1 | Naproxen | files=1 | ChemBlink/Alfa-Aesar
[OK] 132-67-2 | Naptalam, sodium salt | files=1 | Name-Search (www3.epa.gov)
[OK] 67604-48-2 | Naringenin | files=1 | ChemBlink/Alfa-Aesar
[OK] 10236-47-2 | naringin | files=1 | ChemBlink/Alfa-Aesar
[OK] 8006-14-2 | Natural gas | files=1 | CAS-Search (www.williams.com)
[OK] 64741-47-5 | Natural gas condensates, petroleum | files=1 | CAS-Search (www.vitol.com)
[OK] 9006-04-6 | Natural Rubber Latex | files=1 | CAS-Search (www.angenechemical.com)
[OK] 34302-69-7 | neocuproine hemihydrate | files=1 | ChemBlink/Sigma-Aldrich
[OK] 40292-82-8 | Neodecanoyl chloride | files=1 | Name-Search (www.chemicalbook.com)
[OK] 1313-97-9 | Neodymium oxide | files=1 | ChemBlink/Alfa-Aesar
[OK] 1405-10-3 | Neomycin sulfate | files=1 | ChemBlink/Alfa-Aesar
[OK] 2223-82-7 | Neopentyl glycol diacrylate | files=1 | ChemBlink/Sigma-Aldrich
[OK] 17557-23-2 | neopentyl glycol diglycidyl ether | files=1 | ChemBlink/Sigma-Aldrich
[OK] 553-24-2 | Neutral Red | files=1 | ChemBlink/Alfa-Aesar
[OK] 2611-82-7 | New Coccine | files=1 | ChemBlink/Sigma-Aldrich
[OK] 7440-02-0 | Nickel | files=1 | ChemBlink/Alfa-Aesar
[OK] 3333-67-3 | Nickel (II) carbonate | files=1 | ChemBlink/Alfa-Aesar
[OK] 10101-98-1 | Nickel (II) sulfate heptahydrate | files=1 | ChemBlink/SRL
[OK] 373-02-4 | nickel acetate | files=1 | ChemBlink/Ambeed
[OK] 12035-36-8 | Nickel dioxide | files=1 | ChemBlink/Sigma-Aldrich
[OK] 12035-72-2 | Nickel subsulfide | files=1 | ChemBlink/Sigma-Aldrich
[OK] 6018-89-9 | Nickel(II) acetate tetrahydrate | files=1 | ChemBlink/Alfa-Aesar
[OK] 12607-70-4 | nickel(II) carbonate basic hydrate | files=1 | ChemBlink/GFS
[OK] 7718-54-9 | Nickel(II) chloride | files=1 | ChemBlink/Alfa-Aesar
[OK] 7791-20-0 | Nickel(II) chloride Hexahydrate | files=1 | ChemBlink/Alfa-Aesar
[OK] 13478-00-7 | Nickel(II) nitrate hexahydrate | files=1 | ChemBlink/Alfa-Aesar
[OK] 14055-02-8 | Nickel(II) phthalocyanine | files=1 | ChemBlink/Sigma-Aldrich
[OK] 7786-81-4 | Nickel(II) sulfate | files=1 | ChemBlink/Sigma-Aldrich
[OK] 10101-97-0 | Nickel(II) sulfate hexahydrate | files=1 | ChemBlink/Alfa-Aesar
[OK] 16812-54-7 | Nickel(II)Sulfide | files=1 | ChemBlink/Strem
[OK] 1313-99-1 | Nickelous oxide | files=1 | ChemBlink/Alfa-Aesar
[OK] 111991-09-4 | Nicosulfuron | files=1 | ChemBlink/Sigma-Aldrich
[OK] 98-92-0 | nicotinamide | files=1 | ChemBlink/Alfa-Aesar
[OK] 54-11-5 | Nicotine | files=1 | ChemBlink/Alfa-Aesar
[OK] 65-30-5 | Nicotine sulfate | files=1 | ChemBlink/Sigma-Aldrich
[OK] 59-67-6 | Nicotinic acid | files=1 | ChemBlink/Alfa-Aesar
[NOTFOUND] 555-84-0 | Nifuradene
[OK] 4936-47-4 | Nifuratel | files=1 | CAS-Search (file.medchemexpress.com)
[OK] 965-52-6 | Nifuroxazide | files=1 | ChemBlink/Sigma-Aldrich
[OK] 13411-16-0 | Nifurpirinol | files=1 | ChemBlink/Sigma-Aldrich
[OK] 23256-30-6 | Nifurtimox | files=1 | ChemBlink/Sigma-Aldrich
[OK] 1088-92-2 | Nifurtoinol | files=1 | Name-Search (aksci.com)
[OK] 39978-42-2 | Nifurzide | files=1 | CAS-Search (aksci.com)
[OK] 28643-80-3 | Nigericin sodium salt | files=1 | ChemBlink/Sigma-Aldrich
[OK] 8005-03-6 | Nigrosin Water Soluble | files=1 | ChemBlink/Alfa-Aesar
[OK] 3625-57-8 | Nile blue A | files=1 | ChemBlink/Alfa-Aesar
[OK] 485-47-2 | Ninhydrin | files=1 | ChemBlink/Alfa-Aesar
[OK] 10026-12-7 | Niobium(V) chloride | files=1 | ChemBlink/Alfa-Aesar
[OK] 1313-96-8 | Niobium(V)oxide | files=1 | ChemBlink/Alfa-Aesar
[OK] 7697-37-2 | Nitric acid | files=1 | ChemBlink/Alfa-Aesar
[OK] 10102-43-9 | Nitric oxide | files=1 | ChemBlink/Airgas
[OK] 139-13-9 | Nitrilotriacetic acid | files=1 | ChemBlink/Alfa-Aesar
[OK] 15467-20-6 | Nitrilotriacetic acid, disodium salt | files=1 | ChemBlink/Strem
[OK] 98-95-3 | Nitrobenzene | files=1 | ChemBlink/Alfa-Aesar
[OK] 1694-92-4 | nitrobenzenesulfonyl chloride, 2- | files=1 | ChemBlink/Alfa-Aesar
[OK] 121-92-6 | nitrobenzoic acid, 3- | files=1 | ChemBlink/Alfa-Aesar
[OK] 298-83-9 | Nitroblue tetrazolium | files=1 | ChemBlink/Alfa-Aesar
[OK] 1122-60-7 | Nitrocyclohexane | files=1 | ChemBlink/Alfa-Aesar
[OK] 2562-37-0 | nitrocyclohexene, 1-, -1- | files=1 | ChemBlink/Sigma-Aldrich
[OK] 79-24-3 | Nitroethane | files=1 | ChemBlink/Alfa-Aesar
[OK] 1836-75-5 | Nitrofen | files=1 | ChemBlink/Alfa-Aesar
[OK] 67-20-9 | Nitrofurantoin | files=1 | ChemBlink/Alfa-Aesar
[OK] 7727-37-9 | Nitrogen | files=1 | ChemBlink/Alfa-Aesar
[OK] 10102-44-0 | Nitrogen dioxide | files=1 | ChemBlink/Sigma-Aldrich
[OK] 11104-93-1 | Nitrogen oxides | files=1 | Name-Search (www.cfindustries.com)
[OK] 75-52-5 | Nitromethane | files=1 | ChemBlink/Alfa-Aesar
[OK] 13031-32-8 | Nitromethane-d3 | files=1 | ChemBlink/Alfa-Aesar
[OK] 100-27-6 | nitrophenethyl alcohol, 4- | files=1 | ChemBlink/Alfa-Aesar
[OK] 104-03-0 | nitrophenylacetic acid, 4- | files=1 | ChemBlink/Alfa-Aesar
[OK] 603-11-2 | nitrophthalic acid, 3- | files=1 | ChemBlink/Alfa-Aesar
[OK] 525-05-3 | Nitroso R Salt | files=1 | ChemBlink/Alfa-Aesar
[OK] 586-96-9 | Nitrosobenzene | files=1 | ChemBlink/Sigma-Aldrich
[OK] 2696-92-6 | Nitrosyl chloride | files=1 | Name-Search (pim-resources.coleparmer.com)
[OK] 7782-78-7 | Nitrosyl hydrogen sulfate | files=1 | ChemBlink/Alfa-Aesar
[OK] 14635-75-7 | Nitrosyl tetrafluoroborate | files=1 | ChemBlink/Alfa-Aesar
[OK] 611-08-5 | nitrouracil, 5- | files=1 | ChemBlink/Alfa-Aesar
[OK] 83121-18-0 | Nomolt | files=1 | ChemBlink/Sigma-Aldrich
[OK] 9016-45-9 | Nonidet P-40 | files=1 | ChemBlink/Sigma-Aldrich
[OK] 2444-46-4 | Nonivamide | files=1 | ChemBlink/Sigma-Aldrich
[OK] 68412-54-4 | Nonyl phenol ethoxylate | files=1 | CAS-Search (www.crcindustries.com)
[OK] 112-20-9 | Nonylamine | files=1 | ChemBlink/Alfa-Aesar
[OK] 25154-52-3 | Nonylphenol | files=1 | ChemBlink/Oakwood
[OK] 498-66-8 | Norbornene | files=1 | ChemBlink/Alfa-Aesar
[OK] 70458-96-7 | Norfloxacin | files=1 | ChemBlink/Alfa-Aesar
[OK] 72-69-5 | NORTRIPTYLINE | files=1 | CAS-Search (file.medchemexpress.com)
[OK] 6600-40-4 | Norvaline | files=1 | ChemBlink/Alfa-Aesar
[OK] 116714-46-6 | Novaluron | files=1 | ChemBlink/Sigma-Aldrich
[OK] 1476-53-5 | Novobiocin sodium salt | files=1 | ChemBlink/Alfa-Aesar
[OK] 6409-77-4 | nuclear fast red | files=1 | ChemBlink/Sigma-Aldrich
[OK] 50327-22-5 | Nylon 4/6 | files=1 | CAS-Search (www.ensinger-online.com)
[OK] 26098-55-5 | Nylon 6/12 | files=1 | CAS-Search (www.angenechemical.com)
[OK] 18181-70-9 | O-(2,5-Dichloro-4-iodophenyl) O,O-dimethyl phosphorothioate | files=1 | ChemBlink/Accu-Standard
[OK] 937-64-4 | O-(4-Chlorophenyl) chlorothioformate | files=1 | ChemBlink/Sigma-Aldrich
[OK] 60238-56-4 | O-(Dichloro(methylthio)phenyl) O,O-dimethyl phosphorothioate | files=1 | ChemBlink/Sigma-Aldrich
[OK] 90-04-0 | o-Aminoanisole | files=1 | ChemBlink/Alfa-Aesar
[OK] 85-52-9 | o-benzoylbenzoic acid | files=1 | ChemBlink/Alfa-Aesar
[OK] 95-48-7 | o-Cresol | files=1 | ChemBlink/Alfa-Aesar
[OK] 2210-79-9 | o-cresyl glycidyl ether | files=1 | ChemBlink/Alfa-Aesar
[OK] 119-90-4 | o-Dianisidine | files=1 | ChemBlink/Alfa-Aesar
[NOTFOUND] 57856-11-8 | O-Ethyl O-(2-diisopropylaminoethyl) methylphosphonite
[OK] 304-91-6 | o-IODOSOBENZOIC ACID | files=1 | ChemBlink/Alfa-Aesar
[OK] 579-75-9 | O-Methoxybenzoic acid | files=1 | ChemBlink/Alfa-Aesar
[OK] 19794-53-7 | O-Methyl-DL-serine | files=1 | ChemBlink/Sigma-Aldrich
[OK] 1005-56-7 | O-Phenyl chlorothiocarbonate | files=1 | ChemBlink/Alfa-Aesar
[OK] 615-28-1 | o-phenylenediamine, dihydrochloride | files=1 | ChemBlink/Alfa-Aesar
[OK] 10294-56-1 | o-phosphorous acid | files=1 | CAS-Search (pim-resources.coleparmer.com)
[OK] 643-79-8 | o-Phthaldialdehyde | files=1 | ChemBlink/Alfa-Aesar
[OK] 119-93-7 | o-Tolidine | files=1 | ChemBlink/Alfa-Aesar
[OK] 529-20-4 | o-Tolualdehyde | files=1 | ChemBlink/Alfa-Aesar
[OK] 95-53-4 | o-Toluidine | files=1 | ChemBlink/Alfa-Aesar
[OK] 636-21-5 | o-Toluidinium hydrochloride | files=1 | ChemBlink/Matrix
[OK] 95-47-6 | o-Xylene | files=1 | ChemBlink/Alfa-Aesar
[OK] 78-53-5 | O,O-DIETHY-S-(2-DIETHYLAMINOETHYL THIOPHOSPHATE | files=1 | CAS-Search (www.abdurrahmanince.net)
[OK] 297-97-2 | O,O-Diethyl O-pyrazinyl phosphorothioate | files=1 | ChemBlink/Sigma-Aldrich
[NOTFOUND] 78-52-4 | O,O-DIETHYL-S-2-ISOPROPYLMERCAPTOMETHYLDIHIOPHOSPHATE
[OK] 32536-52-0 | Octabromodiphenyl Ether | files=1 | ChemBlink/Apollo
[OK] 29082-74-4 | Octachlorostyrene | files=1 | ChemBlink/Sigma-Aldrich
[OK] 306-94-5 | Octadecafluorodecahydronaphthalene | files=1 | ChemBlink/Alfa-Aesar
[OK] 593-45-3 | octadecane | files=1 | ChemBlink/Alfa-Aesar
[OK] 112-88-9 | Octadecene | files=1 | ChemBlink/Alfa-Aesar
[OK] 1120-02-1 | octadecyl trimethyl ammonium bromide | files=1 | ChemBlink/Sigma-Aldrich
[OK] 124-30-1 | octadecylamine | files=1 | ChemBlink/Alfa-Aesar
[OK] 112-03-8 | Octadecyltrimethylammonium chloride | files=1 | ChemBlink/Alfa-Aesar
[OK] 434-64-0 | Octafluorotoluene | files=1 | ChemBlink/Alfa-Aesar
[OK] 2691-41-0 | Octahydro-1,3,5,7-tetranitro-1,3,5,7-tetrazocine | files=1 | CAS-Search (petroexplo.com)
[OK] 124-13-0 | Octanal | files=1 | ChemBlink/Alfa-Aesar
[OK] 112-14-1 | Octyl acetate | files=1 | ChemBlink/Alfa-Aesar
[OK] 1034-01-1 | Octyl gallate | files=1 | ChemBlink/Alfa-Aesar
[OK] 88122-99-0 | Octyl triazone | files=1 | ChemBlink/Sigma-Aldrich
[OK] 111-86-4 | Octylamine | files=1 | ChemBlink/Alfa-Aesar
[OK] 68987-90-6 | Octylphenol Ethoxylate | files=1 | ChemBlink/Cayman
[OK] 58810-48-3 | Ofurace | files=1 | ChemBlink/Sigma-Aldrich
[OK] 1320-06-5 | oil red o | files=1 | ChemBlink/Alfa-Aesar
[OK] 23696-28-8 | Olaquindox | files=1 | ChemBlink/Sigma-Aldrich
[OK] 508-02-1 | Oleanolic acid | files=1 | ChemBlink/Alfa-Aesar
[OK] 112-80-1 | Oleic acid | files=1 | ChemBlink/Alfa-Aesar
[OK] 112-77-6 | Oleoyl chloride | files=1 | ChemBlink/Sigma-Aldrich
[OK] 143-28-2 | Oleyl alcohol | files=1 | ChemBlink/Alfa-Aesar
[OK] 1404-19-9 | Oligomycin | files=1 | ChemBlink/Alfa-Aesar
[OK] 8001-25-0 | Olive oil | files=1 | ChemBlink/Sigma-Aldrich
[OK] 73590-58-6 | Omeprazole | files=1 | ChemBlink/Alfa-Aesar
[OK] 1113-02-6 | Omethoate | files=1 | ChemBlink/Sigma-Aldrich
[OK] 1936-15-8 | Orange G | files=1 | ChemBlink/Alfa-Aesar
[OK] 113617-63-3 | Orbifloxacin | files=1 | ChemBlink/Sigma-Aldrich
[OK] 1400-62-0 | orcein | files=1 | ChemBlink/Alfa-Aesar
[OK] 6153-39-5 | Orcinol monohydrate | files=1 | ChemBlink/Alfa-Aesar
[OK] 16773-42-5 | Ornidazole | files=1 | ChemBlink/Alfa-Aesar
[OK] 30560-19-1 | Orthene | files=1 | ChemBlink/Sigma-Aldrich
[OK] 97-56-3 | ortho-Aminoazotoluene | files=1 | ChemBlink/Alfa-Aesar
[OK] 2698-41-1 | ortho-Chlorobenzylidene malononitrile | files=1 | ChemBlink/Sigma-Aldrich
[NOTFOUND] 9066-91-5 | ortho-phosphoric acid
[OK] 19044-88-3 | Oryzalin | files=1 | ChemBlink/Sigma-Aldrich
[OK] 20816-12-0 | Osmium tetroxide | files=1 | ChemBlink/Alfa-Aesar
[OK] 13444-93-4 | Osmium(III) chloride hydrate | files=1 | ChemBlink/Alfa-Aesar
[OK] 39807-15-3 | Oxadiargyl | files=1 | ChemBlink/Sigma-Aldrich
[OK] 19666-30-9 | Oxadiazon | files=1 | ChemBlink/Sigma-Aldrich
[OK] 9031-79-2 | oxalate oxidase | files=1 | CAS-Search (file.medchemexpress.com)
[OK] 144-62-7 | Oxalic acid | files=1 | ChemBlink/Alfa-Aesar
[OK] 370-81-0 | Oxalic acid bis(cyclohexylidene hydrazide) | files=1 | ChemBlink/Alfa-Aesar
[OK] 6153-56-6 | Oxalic acid, dihydrate | files=1 | ChemBlink/Alfa-Aesar
[OK] 79-37-8 | Oxalyl chloride | files=1 | ChemBlink/Alfa-Aesar
[OK] 144651-06-9 | Oxasulfuron | files=1 | ChemBlink/Sigma-Aldrich
[OK] 68609-97-2 | Oxirane, mono((C12-14-alkyloxy)methyl) derivs. | files=1 | ChemBlink/Sigma-Aldrich
[NOTFOUND] 130728-76-6 | Oxiranemethanamine, N,N'-(methylenebis(2-ethyl-4,1-phenylene))bis(N-(oxiranylmethyl)-
[OK] 14698-29-4 | Oxolinic acid | files=1 | ChemBlink/Alfa-Aesar
[OK] 5259-88-1 | Oxycarboxin | files=1 | ChemBlink/Sigma-Aldrich
[OK] 301-12-2 | Oxydemeton-methyl | files=1 | CAS-Search (www.agilent.com)
[OK] 2497-07-6 | Oxydisulfoton | files=1 | ChemBlink/Sigma-Aldrich
[OK] 42874-03-3 | Oxyfluorofen | files=1 | ChemBlink/Sigma-Aldrich
[OK] 7782-44-7 | Oxygen | files=1 | ChemBlink/Alfa-Aesar
[OK] 7783-41-7 | Oxygen difluoride | files=1 | Name-Search (nj.gov)
[OK] 29700-22-9 | Oxyresveratrol | files=1 | ChemBlink/Sigma-Aldrich
[OK] 2058-46-0 | Oxytetracyclin hydrochloride | files=1 | ChemBlink/Alfa-Aesar
[OK] 10028-15-6 | Ozone | files=1 | CAS-Search (www.ameriwater.com)
[OK] 51-66-1 | p-Acetanisidide | files=1 | ChemBlink/Alfa-Aesar
[OK] 105-13-5 | p-Anise alcohol | files=1 | ChemBlink/Alfa-Aesar
[OK] 100-09-4 | p-Anisic acid | files=1 | ChemBlink/Alfa-Aesar
[OK] 104-94-9 | p-Anisidine | files=1 | ChemBlink/Alfa-Aesar
[OK] 118-75-2 | p-Chloranil | files=1 | ChemBlink/Alfa-Aesar
[OK] 501-98-4 | p-Coumaric acid | files=1 | ChemBlink/Alfa-Aesar
[OK] 106-44-5 | p-Cresol | files=1 | ChemBlink/Alfa-Aesar
[OK] 2186-24-5 | p-Cresyl glycidyl ether | files=1 | ChemBlink/Ambeed
[OK] 99-87-6 | p-cymene | files=1 | ChemBlink/Alfa-Aesar
[OK] 150-78-7 | p-dimethoxybenzol | files=1 | ChemBlink/Alfa-Aesar
[OK] 51-65-0 | p-Fluoro-DL-phenylalanine | files=1 | ChemBlink/Alfa-Aesar
[OK] 150-76-5 | p-Hydroxyanisole | files=1 | ChemBlink/Alfa-Aesar
[OK] 10099-57-7 | p-ISOPROPYLPHENYLETHYL ALCOHOL | files=1 | ChemBlink/Oakwood
[OK] 830-09-1 | p-Methoxycinnamic acid | files=1 | ChemBlink/Alfa-Aesar
[OK] 2492-87-7 | p-Nitrophenyl-β-D-glucopyranoside | files=1 | ChemBlink/Alfa-Aesar
[OK] 106-50-3 | p-Phenylenediamine | files=1 | ChemBlink/Alfa-Aesar
[OK] 624-18-0 | p-Phenylenediamine dihydrochloride | files=1 | ChemBlink/Alfa-Aesar
[OK] 1897-41-2 | p-Phthalodinitrile, tetrachloro- | files=1 | ChemBlink/Sigma-Aldrich
[OK] 98-51-1 | p-tert-Butyl toluene | files=1 | ChemBlink/Alfa-Aesar
[OK] 104-87-0 | p-Tolualdehyde | files=1 | ChemBlink/Alfa-Aesar
[OK] 106-49-0 | p-Toluidine | files=1 | ChemBlink/Alfa-Aesar
[OK] 540-25-0 | p-Toluidine sulphate (1:1) | files=1 | Name-Search (www.chemicalbook.com)
[OK] 540-23-8 | p-Toluidinium hydrochloride | files=1 | ChemBlink/Sigma-Aldrich
[OK] 104-85-8 | p-tolunitrile | files=1 | ChemBlink/Alfa-Aesar
[OK] 106-42-3 | p-Xylene | files=1 | ChemBlink/Alfa-Aesar
[OK] 33069-62-4 | paclitaxel from taxus brevifolia | files=1 | ChemBlink/Alfa-Aesar
[OK] 76738-62-0 | Paclobutrazol | files=1 | ChemBlink/Alfa-Aesar
[OK] 7440-05-3 | palladium | files=1 | ChemBlink/Alfa-Aesar
[OK] 10102-05-3 | Palladium (II) nitrate | files=1 | ChemBlink/Alfa-Aesar
[OK] 12135-22-7 | palladium hydroxide | files=1 | ChemBlink/Alfa-Aesar
[OK] 3375-31-3 | palladium(II) acetate | files=1 | ChemBlink/Alfa-Aesar
[OK] 7647-10-1 | Palladium(II) chloride | files=1 | ChemBlink/Alfa-Aesar
[OK] 207596-32-5 | Palladium(II) nitrate hydrate | files=1 | ChemBlink/Alfa-Aesar
[OK] 1314-08-5 | Palladium(II) oxide | files=1 | ChemBlink/Alfa-Aesar
[OK] 57-10-3 | Palmitic acid | files=1 | ChemBlink/Alfa-Aesar
[OK] 623-65-4 | Palmitic anhydride | files=1 | ChemBlink/Sigma-Aldrich
[OK] 112-67-4 | Palmitoyl chloride | files=1 | ChemBlink/Alfa-Aesar
[OK] 8049-47-6 | Pancreatin from porcine pancreas | files=1 | ChemBlink/Alfa-Aesar
[OK] 9001-73-4 | Papain | files=1 | ChemBlink/Alfa-Aesar
[OK] 6410-10-2 | para red | files=1 | ChemBlink/Alfa-Aesar
[OK] 106-46-7 | para-Dichlorobenzene | files=1 | ChemBlink/Alfa-Aesar
[OK] 156-39-8 | para-Hydroxyphenylpyruvic acid | files=1 | ChemBlink/Sigma-Aldrich
[OK] 10450-60-9 | para-Periodic acid | files=1 | ChemBlink/Alfa-Aesar
[OK] 8012-95-1 | Paraffin liquid | files=1 | ChemBlink/Alfa-Aesar
[OK] 8002-74-2 | Paraffin wax | files=1 | ChemBlink/Sigma-Aldrich
[NOTFOUND] 97926-77-7 | Paraffin waxes (coal), brown-coal high-temp tar, clay-treated
[NOTFOUND] 97926-78-8 | Paraffin waxes (coal), brown-coal high-temp tar, silicic acid-treated
[OK] 92045-71-1 | Paraffin waxes (coal), brown-coal high-temp. tar | files=1 | Name-Search (www.chemicalbook.com)
[NOTFOUND] 97926-76-6 | Paraffin waxes (coal), brown-coal high-temp. tar, carbon-treated
[OK] 92045-72-2 | Paraffin waxes (coal), brown-coal high-temp. tar, hydrotreated | files=1 | Name-Search (www.chemicalbook.com)
[OK] 64741-89-5 | paraffinic distillate | files=1 | CAS-Search (msds.ergon.com)
[OK] 30525-89-4 | Paraformaldehyde | files=1 | ChemBlink/Alfa-Aesar
[OK] 123-63-7 | Paraldehyde | files=1 | ChemBlink/Sigma-Aldrich
[OK] 4685-14-7 | Paraquat | files=1 | CAS-Search (echem.com.au)
[OK] 1910-42-5 | Paraquat dichloride | files=1 | ChemBlink/Sigma-Aldrich
[OK] 8001-54-5 | Parasterol | files=1 | ChemBlink/Alfa-Aesar
[OK] 56-38-2 | Parathion | files=1 | ChemBlink/Sigma-Aldrich
[OK] 1263-89-4 | Paromomycin sulfate salt | files=1 | ChemBlink/Alfa-Aesar
[OK] 557-80-2 | PE Mouse Anti-Human CD278 | files=1 | Name-Search (www.bdbiosciences.com)
[OK] 1114-71-2 | Pebulate | files=1 | ChemBlink/Sigma-Aldrich
[OK] 9000-69-5 | PECTIN | files=1 | ChemBlink/Alfa-Aesar
[OK] 30827-99-7 | pefabloc | files=1 | ChemBlink/Alfa-Aesar
[OK] 70458-92-3 | Pefloxacin | files=1 | ChemBlink/Biosynth
[OK] 124-19-6 | pelargonaldehyde | files=1 | ChemBlink/Alfa-Aesar
[OK] 112-05-0 | Pelargonic acid | files=1 | ChemBlink/Alfa-Aesar
[OK] 2243-27-8 | pelargononitrile | files=1 | ChemBlink/Alfa-Aesar
[OK] 764-85-2 | Pelargonyl chloride | files=1 | ChemBlink/Alfa-Aesar
[OK] 66063-05-6 | Pencycuron | files=1 | ChemBlink/Sigma-Aldrich
[OK] 40487-42-1 | Pendimethalin | files=1 | ChemBlink/Sigma-Aldrich
[OK] 113-98-4 | Penicillin G potassium | files=1 | ChemBlink/Alfa-Aesar
[OK] 7758-29-4 | penta-Sodium triphosphate | files=1 | ChemBlink/Alfa-Aesar
[OK] 608-93-5 | Pentachlorobenzene | files=1 | ChemBlink/Sigma-Aldrich
[OK] 76-01-7 | Pentachloroethane | files=1 | ChemBlink/Alfa-Aesar
[OK] 82-68-8 | Pentachloronitrobenzene | files=1 | ChemBlink/Alfa-Aesar
[OK] 87-86-5 | Pentachlorophenol solution | files=1 | ChemBlink/Alfa-Aesar
[OK] 335-67-1 | Pentadecafluorooctanoic acid | files=1 | ChemBlink/Alfa-Aesar
[OK] 335-64-8 | Pentadecafluorooctanoyl chloride | files=1 | ChemBlink/Alfa-Aesar
[OK] 115-77-5 | Pentaerythritol | files=1 | ChemBlink/Alfa-Aesar
[OK] 4986-89-4 | Pentaerythritol tetraacrylate | files=1 | ChemBlink/Sigma-Aldrich
[OK] 3524-68-3 | Pentaerythritol triacrylate | files=1 | ChemBlink/Alfa-Aesar
[OK] 41024-91-3 | Pentaethylene glycol di(p-toluenesulfonate) | files=1 | ChemBlink/Sigma-Aldrich
[OK] 4067-16-7 | Pentaethylenehexamine | files=1 | ChemBlink/Sigma-Aldrich
[OK] 363-72-4 | Pentafluorobenzene | files=1 | ChemBlink/Alfa-Aesar
[OK] 832-53-1 | pentafluorobenzenesulfonyl chloride | files=1 | ChemBlink/Alfa-Aesar
[OK] 354-33-6 | Pentafluoroethane | files=1 | ChemBlink/Alfa-Aesar
[OK] 771-61-9 | Pentafluorophenol | files=1 | ChemBlink/Alfa-Aesar
[OK] 14533-84-7 | pentafluorophenyl trifluoroacetate | files=1 | ChemBlink/Alfa-Aesar
[OK] 828-73-9 | Pentafluorophenylhydrazine | files=1 | ChemBlink/Alfa-Aesar
[OK] 356-42-3 | pentafluoropropionic anhydride | files=1 | ChemBlink/Alfa-Aesar
[NOTFOUND] 10025-09-9 | PENTAMETHYLENE GLYCOL DIPROPIONATE
[OK] 109-66-0 | Pentane | files=1 | ChemBlink/Alfa-Aesar
[OK] 30899-19-5 | Pentanol | files=1 | CAS-Search (pim-resources.coleparmer.com)
[OK] 638-29-9 | Pentanoyl chloride | files=1 | ChemBlink/Alfa-Aesar
[OK] 8066-33-9 | Pentolite | files=1 | Name-Search (apps.dtic.mil)
[OK] 6493-05-6 | Pentoxifylline | files=1 | ChemBlink/Sigma-Aldrich
[OK] 540-18-1 | Pentyl butyrate | files=1 | ChemBlink/Sigma-Aldrich
[OK] 624-54-4 | Pentyl propionate | files=1 | ChemBlink/Sigma-Aldrich
[OK] 9001-75-6 | pepsin | files=1 | ChemBlink/Alfa-Aesar
[OK] 26305-03-3 | Pepstatin A | files=1 | ChemBlink/Alfa-Aesar
[OK] 73049-73-7 | Peptone from casein | files=1 | ChemBlink/Alfa-Aesar
[OK] 91079-38-8 | Peptone from meat | files=1 | ChemBlink/Carl-Roth
[OK] 7601-90-3 | Perchloric acid | files=1 | ChemBlink/Alfa-Aesar
[OK] 594-42-3 | Perchloromethylmercaptan | files=1 | ChemBlink/Alfa-Aesar
[OK] 52645-53-1 | Permethrin | files=1 | ChemBlink/Sigma-Aldrich
[OK] 68240-09-5 | Permount | files=1 | CAS-Search (pim-resources.coleparmer.com)
[OK] 9003-99-0 | Peroxidase from horseradish | files=1 | ChemBlink/Alfa-Aesar
[OK] 79-21-0 | Peroxyacetic acid | files=1 | ChemBlink/Sigma-Aldrich
[OK] 8009-03-8 | Petrolatum | files=1 | ChemBlink/Sigma-Aldrich
[OK] 85029-74-9 | Petrolatum (petroleum), alumina-treated | files=1 | Name-Search (www.chemicalbook.com)
[OK] 100684-33-1 | Petrolatum (petroleum), clay-treated | files=1 | CAS-Search (usocore.com)
[OK] 92045-77-7 | Petrolatum (petroleum), hydrotreated | files=1 | Name-Search (www.chemicalbook.com)
[OK] 8032-32-4 | Petroleum ether | files=1 | ChemBlink/Alfa-Aesar
[OK] 68476-50-6 | Petroleum ether bp. 35-60 c | files=1 | CAS-Search (www-s.mechse.uiuc.edu)
[OK] 101316-46-5 | Petroleum ether bp. 40-60 °C | files=1 | CAS-Search (www.chemicalbook.com)
[OK] 68476-86-8 | Petroleum gases, liquefied, sweetened | files=1 | CAS-Search (www.crcindustries.com)
[NOTFOUND] 92045-80-2 | Petroleum gases, liquefied, sweetened, C4 fraction
[OK] 64741-65-7 | Petroleum naphtha, heavy alkylate | files=1 | CAS-Search (fiberseal.com)
[NOTFOUND] 68607-11-4 | Petroleum products, refinery gases
[NOTFOUND] 64742-45-6 | PETROLIUM DISTILLATES, CLAY-TREATED LIGHT NAPHTENIV
[OK] 85-01-8 | Phenanthrene | files=1 | ChemBlink/Alfa-Aesar
[OK] 122070-78-4 | Phenanthrene, distn. residues | files=1 | Name-Search (www.chemicalbook.com)
[OK] 299-11-6 | Phenazine methosulfate | files=1 | ChemBlink/Alfa-Aesar
[OK] 304-81-4 | Phenazine, 5-oxide | files=1 | ChemBlink/Alfa-Aesar
[OK] 60-80-0 | Phenazone | files=1 | ChemBlink/Alfa-Aesar
[OK] 156-43-4 | Phenetidine | files=1 | ChemBlink/Alfa-Aesar
[OK] 2275-14-1 | Phenkapton | files=1 | CAS-Search (pdf.benchchem.com)
[OK] 13684-63-4 | Phenmedipham | files=1 | ChemBlink/Sigma-Aldrich
[OK] 108-95-2 | Phenol | files=1 | ChemBlink/Alfa-Aesar
[OK] 143-74-8 | Phenol Red | files=1 | ChemBlink/Alfa-Aesar
[OK] 137658-79-8 | Phenol, 2-(4,6-bis(2,4-dimethylphenyl)-1,3,5-triazin-2-yl)-5-(3-((2-ethylhexyl)oxy)-2-hydroxypropo | files=1 | CAS-Search (ark-chem.co.jp)
[OK] 824-39-5 | Phenol, 2-nitro-, sodium salt | files=1 | ChemBlink/Sigma-Aldrich
[OK] 3236-71-3 | Phenol, 4,4'-(9H-fluoren-9-ylidene)bis- | files=1 | ChemBlink/Sigma-Aldrich
[OK] 41481-66-7 | Phenol, 4,4'-sulfonylbis(2-(2-propenyl)- | files=1 | CAS-Search (www.musechem.com)
[OK] 77-09-8 | Phenolphthalein | files=1 | ChemBlink/Alfa-Aesar
[OK] 68807-90-9 | Phenolphthalein diphosphate·Na4-salt | files=1 | ChemBlink/Alfa-Aesar
[OK] 14815-59-9 | Phenolphthalein monophosphate bis(cyclohexylammonium) salt | files=1 | ChemBlink/Sigma-Aldrich
[NOTFOUND] 91079-47-9 | Phenols, C9-11
[OK] 92-84-2 | Phenothiazine | files=1 | ChemBlink/Alfa-Aesar
[OK] 26002-80-2 | Phenothrin | files=1 | ChemBlink/Sigma-Aldrich
[OK] 701-99-5 | Phenoxyacetyl chloride | files=1 | ChemBlink/Alfa-Aesar
[OK] 2243-42-7 | phenoxybenzoic acid, 2- | files=1 | ChemBlink/Alfa-Aesar
[OK] 2215-77-2 | phenoxybenzoic acid, 4- | files=1 | ChemBlink/Alfa-Aesar
[OK] 637-03-6 | Phenyl arsine oxide | files=1 | ChemBlink/Alfa-Aesar
[OK] 1885-14-9 | Phenyl chloroformate | files=1 | ChemBlink/Alfa-Aesar
[OK] 122-60-1 | Phenyl glycidyl ether | files=1 | ChemBlink/Alfa-Aesar
[OK] 103-71-9 | Phenyl isocyanate | files=1 | ChemBlink/Alfa-Aesar
[OK] 103-72-0 | Phenyl isothiocyanate | files=1 | ChemBlink/Alfa-Aesar
[OK] 66778-08-3 | phenyl phosphate disodium salt | files=1 | ChemBlink/Sigma-Aldrich
[OK] 122-97-4 | phenyl-1-propanol, 3- | files=1 | ChemBlink/Alfa-Aesar
[OK] 122-78-1 | phenylacetaldehyde | files=1 | ChemBlink/Alfa-Aesar
[OK] 101-48-4 | Phenylacetaldehyde dimethyl acetal | files=1 | ChemBlink/Alfa-Aesar
[OK] 103-82-2 | Phenylacetic acid and its salts | files=1 | ChemBlink/Alfa-Aesar
[OK] 140-29-4 | Phenylacetonitrile | files=1 | ChemBlink/Alfa-Aesar
[OK] 103-80-0 | Phenylacetyl chloride | files=1 | ChemBlink/Alfa-Aesar
[OK] 536-74-3 | Phenylacetylene | files=1 | ChemBlink/Alfa-Aesar
[OK] 7524-50-7 | phenylalanine methyl ester hydrochloride, L- | files=1 | ChemBlink/Alfa-Aesar
[OK] 150-30-1 | phenylalanine, DL- | files=1 | ChemBlink/Alfa-Aesar
[OK] 5267-64-1 | phenylalaninol, D- | files=1 | ChemBlink/Alfa-Aesar
[OK] 3182-95-4 | phenylalaninol, L- | files=1 | ChemBlink/Alfa-Aesar
[OK] 98-80-6 | phenylboronic acid | files=1 | ChemBlink/Alfa-Aesar
[OK] 622-44-6 | Phenylcarbylamine chloride | files=1 | ChemBlink/Sigma-Aldrich
[OK] 827-52-1 | phenylcyclohexane | files=1 | ChemBlink/Alfa-Aesar
[OK] 644-97-3 | Phenyldichlorophosphine | files=1 | ChemBlink/Alfa-Aesar
[OK] 60-12-8 | phenylethanol, 2- | files=1 | ChemBlink/Alfa-Aesar
[OK] 1943-82-4 | Phenylethyl isocyanate | files=1 | ChemBlink/Sigma-Aldrich
[OK] 103-63-9 | phenylethylbromide, 2- | files=1 | ChemBlink/Alfa-Aesar
[OK] 875-74-1 | phenylglycine, D-(-)-alpha- | files=1 | ChemBlink/Alfa-Aesar
[OK] 2935-35-5 | phenylglycine, L-(+)-alpha- | files=1 | ChemBlink/Alfa-Aesar
[OK] 56613-80-0 | phenylglycinol, D-(-)-alpha- | files=1 | ChemBlink/Alfa-Aesar
[OK] 20989-17-7 | phenylglycinol, L-(+)-alpha- | files=1 | ChemBlink/Alfa-Aesar
[OK] 1075-06-5 | Phenylglyoxal hydrate | files=1 | ChemBlink/Alfa-Aesar
[OK] 1074-12-0 | Phenylglyoxal monohydrate | files=1 | ChemBlink/Sigma-Aldrich
[OK] 100-63-0 | Phenylhydrazine | files=1 | ChemBlink/Alfa-Aesar
[OK] 59-88-1 | Phenylhydrazine monohydrochloride | files=1 | ChemBlink/Alfa-Aesar
[OK] 52033-74-6 | Phenylhydrazine Sulfate | files=1 | Name-Search (www.chemicalbook.com)
[OK] 8003-05-2 | Phenylmercuric nitrate, basic | files=1 | ChemBlink/Alfa-Aesar
[NOTFOUND] 104-60-9 | Phenylmercuric oleate (PMO)
[OK] 100-56-1 | Phenylmercury chloride | files=1 | ChemBlink/Alfa-Aesar
[NOTFOUND] 100-57-2 | Phenylmercury hydroxide
[OK] 100-53-8 | Phenylmethanethiol | files=1 | ChemBlink/Alfa-Aesar
[OK] 329-98-6 | Phenylmethylsulfonyl fluoride | files=1 | ChemBlink/Alfa-Aesar
[OK] 10521-91-2 | phenylpentanol, 5-,1- | files=1 | ChemBlink/Sigma-Aldrich
[OK] 580-51-8 | phenylphenol, 3- | files=1 | ChemBlink/Alfa-Aesar
[OK] 92-69-3 | phenylphenol, 4- | files=1 | ChemBlink/Alfa-Aesar
[OK] 770-12-7 | Phenylphosphoro dichloridate | files=1 | ChemBlink/Alfa-Aesar
[OK] 7782-26-5 | phenylpropionic acid, (R)-(-)-2 | files=1 | ChemBlink/Alfa-Aesar
[OK] 2038-57-5 | phenylpropylamine, 3- | files=1 | ChemBlink/Alfa-Aesar
[OK] 34837-55-3 | Phenylselenyl bromide | files=1 | ChemBlink/Sigma-Aldrich
[OK] 5707-04-0 | Phenylselenyl chloride | files=1 | ChemBlink/Alfa-Aesar
[OK] 2097-19-0 | Phenylsilatrane | files=1 | CAS-Search (www.abdurrahmanince.net)
[OK] 6783-05-7 | phenylvinylboronic acid, trans-, -2- | files=1 | ChemBlink/Alfa-Aesar
[OK] 108-73-6 | Phloroglucinol | files=1 | ChemBlink/Alfa-Aesar
[OK] 6099-90-7 | Phloroglucinol dihydrate | files=1 | ChemBlink/Alfa-Aesar
[OK] 16561-29-8 | Phorbol 12-myristate 13-acetate | files=1 | ChemBlink/Alfa-Aesar
[OK] 2310-17-0 | Phosalone | files=1 | ChemBlink/Sigma-Aldrich
[OK] 7786-34-7 | Phosdrin | files=1 | ChemBlink/Accu-Standard
[OK] 947-02-4 | Phosfolan | files=1 | ChemBlink/Sigma-Aldrich
[OK] 1794-86-1 | Phosgene oxime | files=1 | Name-Search (endchan.org)
[OK] 732-11-6 | Phosmet | files=1 | ChemBlink/Sigma-Aldrich
[OK] 13171-21-6 | Phosphamidon (mixed isomers) | files=1 | ChemBlink/Sigma-Aldrich
[OK] 9001-78-9 | Phosphatase, Alkaline bovine | files=1 | ChemBlink/Alfa-Aesar
[OK] 97281-47-5 | Phosphatidylcholine | files=1 | CAS-Search (cdn.caymanchem.com)
[OK] 7803-51-2 | Phosphine | files=1 | ChemBlink/Sigma-Aldrich
[OK] 162881-26-7 | Phosphine oxide, phenylbis(2,4,6-trimethylbenzoyl)- | files=1 | ChemBlink/Sigma-Aldrich
[OK] 753-59-3 | Phosphine, (difluoro)methyl- | files=1 | Name-Search (pdf.benchchem.com)
[NOTFOUND] 9014-56-6 | Phospho-GSK-3 Beta
[OK] 9001-81-4 | Phosphoglucomutase | files=1 | ChemBlink/Sigma-Aldrich
[OK] 12026-57-2 | phosphomolybdic acid | files=1 | CAS-Search (www.chemicalbull.com)
[OK] 51429-74-4 | Phosphomolybdic acid hydrate | files=1 | ChemBlink/Alfa-Aesar
[OK] 7664-38-2 | Phosphoric acid | files=1 | ChemBlink/Alfa-Aesar
[NOTFOUND] 919-44-8 | Phosphoric acid, (Z)-dimethyl-1-methyl-3-(methylamino)-2-oxo-1-propenyl ester
[OK] 371-86-8 | PHOSPHORODI(ISOPROPYLAMIDIC) FLUORIDE | files=1 | ChemBlink/Oakwood
[OK] 13598-36-2 | Phosphorous acid | files=1 | ChemBlink/Alfa-Aesar
[OK] 145650-60-8 | Phosphorous acid, bis(2,4-bis(1,1-dimethylethyl)-6-methylphenyl) ethyl ester | files=1 | ChemBlink/Ambeed
[OK] 7723-14-0 | Phosphorus | files=1 | ChemBlink/Alfa-Aesar
[OK] 10025-87-3 | Phosphorus oxychloride | files=1 | ChemBlink/Alfa-Aesar
[OK] 7789-69-7 | Phosphorus pentabromide | files=1 | ChemBlink/Alfa-Aesar
[OK] 10026-13-8 | Phosphorus pentachloride | files=1 | ChemBlink/Alfa-Aesar
[OK] 1314-80-3 | Phosphorus pentasulfide | files=1 | ChemBlink/Alfa-Aesar
[OK] 1314-56-3 | Phosphorus pentoxide | files=1 | ChemBlink/Alfa-Aesar
[OK] 1314-85-8 | Phosphorus sesquisulfide | files=1 | CAS-Search (www.chemicalbook.com)
[OK] 7789-60-8 | Phosphorus tribromide | files=1 | ChemBlink/Alfa-Aesar
[OK] 7719-12-2 | Phosphorus trichloride | files=1 | ChemBlink/Alfa-Aesar
[OK] 13455-01-1 | Phosphorus triiodide | files=1 | ChemBlink/Sigma-Aldrich
[OK] 7789-59-5 | Phosphoryl bromide | files=1 | ChemBlink/Alfa-Aesar
[OK] 4826-71-5 | phosphorylcholine chloride | files=1 | ChemBlink/Ambeed
[OK] 12501-23-4 | Phosphotungstic acid | files=1 | ChemBlink/Alfa-Aesar
[NOTFOUND] 3734-95-0 | PHOSPHROTHIOIC ACID-S-(((1-CYANO-1-METHYL-ETHYL)CARBAMOYLMRTHYL)-O,O-DIETHYL ESTER
[OK] 21609-90-5 | Phosvel | files=1 | ChemBlink/Sigma-Aldrich
[OK] 14816-18-3 | Phoxim | files=1 | ChemBlink/Sigma-Aldrich
[OK] 88-99-3 | Phthalic acid | files=1 | ChemBlink/Alfa-Aesar
[OK] 85-44-9 | Phthalic anhydride | files=1 | ChemBlink/Alfa-Aesar
[OK] 87-41-2 | Phthalide | files=1 | ChemBlink/Alfa-Aesar
[OK] 85-41-6 | phthalimide | files=1 | ChemBlink/Alfa-Aesar
[OK] 574-93-6 | Phthalocyanine | files=1 | ChemBlink/Alfa-Aesar
[OK] 88-95-9 | Phthaloyl dichloride | files=1 | ChemBlink/Alfa-Aesar
[OK] 10351-88-9 | Phyllanthin | files=1 | ChemBlink/Sigma-Aldrich
[OK] 57-47-6 | Physostigmine | files=1 | ChemBlink/Alfa-Aesar
[OK] 1918-02-1 | Picloram | files=1 | ChemBlink/Alfa-Aesar
[OK] 98-98-6 | Picolinic acid | files=1 | ChemBlink/Alfa-Aesar
[OK] 96-91-3 | Picramic acid | files=1 | Name-Search (www.chemicalbook.com)
[OK] 88-89-1 | Picric acid | files=1 | ChemBlink/Sigma-Aldrich
[OK] 550-74-3 | Picrolonic acid | files=1 | ChemBlink/Alfa-Aesar
[OK] 124-87-8 | picrotoxin | files=1 | ChemBlink/Sigma-Aldrich
[OK] 88-88-0 | Picryl chloride | files=1 | Name-Search (pdf.benchchem.com)
[OK] 2508-19-2 | Picrylsulfonic acid solution | files=1 | ChemBlink/Oakwood
[OK] 54-71-7 | Pilocarpine hydrochloride | files=1 | ChemBlink/Alfa-Aesar
[OK] 148-72-1 | Pilocarpine nitrate | files=1 | ChemBlink/Sigma-Aldrich
[OK] 2768-90-3 | Pinacyanol Chloride | files=1 | ChemBlink/Sigma-Aldrich
[OK] 473-55-2 | Pinane (mixture of isomers) | files=1 | ChemBlink/Alfa-Aesar
[OK] 83-26-1 | Pindone | files=1 | ChemBlink/Sigma-Aldrich
[OK] 8002-09-3 | Pine oil | files=1 | ChemBlink/Spectrum
[OK] 142-63-2 | Piperazine hexahydrate | files=1 | ChemBlink/Alfa-Aesar
[OK] 110-89-4 | Piperidine | files=1 | ChemBlink/Alfa-Aesar
[OK] 4186-71-4 | Piperidinium, 1-ethyl-1-methyl-, iodide | files=1 | ChemBlink/Sigma-Aldrich
[OK] 94-62-2 | Piperine [USP] | files=1 | ChemBlink/Alfa-Aesar
[OK] 120-57-0 | Piperonal | files=1 | ChemBlink/Alfa-Aesar
[OK] 51-03-6 | Piperonyl butoxide | files=1 | ChemBlink/Alfa-Aesar
[OK] 24151-93-7 | Piperophos | files=1 | ChemBlink/Sigma-Aldrich
[OK] 5625-37-6 | PIPES | files=1 | ChemBlink/Alfa-Aesar
[OK] 76836-02-7 | PIPES (disodium salt) | files=1 | ChemBlink/Sigma-Aldrich
[OK] 23103-98-2 | Pirimicarb | files=1 | ChemBlink/Sigma-Aldrich
[OK] 23505-41-1 | Pirimiphos-ethyl | files=1 | ChemBlink/Sigma-Aldrich
[OK] 29232-93-7 | Pirimiphos-methyl | files=1 | ChemBlink/Sigma-Aldrich
[NOTFOUND] 121575-60-8 | Pitch, coal tar, high-temp., heat-treated
[OK] 90669-57-1 | Pitch, coal tar, low-temp. | files=1 | CAS-Search (www.industrialchemicals.gov.au)
[OK] 90669-58-2 | Pitch, coal tar, low-temp., heat-treated | files=1 | CAS-Search (www.industrialchemicals.gov.au)
[OK] 90669-59-3 | Pitch, coal tar, low-temp., oxidized | files=1 | Name-Search (www.chemicalbook.com)
[OK] 630-19-3 | pivalaldehyde | files=1 | ChemBlink/Alfa-Aesar
[OK] 1538-75-6 | Pivalic anhydride | files=1 | ChemBlink/Alfa-Aesar
[OK] 3282-30-2 | Pivaloyl chloride | files=1 | ChemBlink/Alfa-Aesar
[OK] 10025-65-7 | Platinum(II) chloride | files=1 | ChemBlink/Alfa-Aesar
[OK] 13454-96-1 | Platinum(IV) chloride | files=1 | ChemBlink/Alfa-Aesar
[OK] 52785-06-5 | Platinum(IV) oxide hydrate | files=1 | ChemBlink/Alfa-Aesar
[OK] 9000-55-9 | Podophyllin | files=1 | ChemBlink/Sigma-Aldrich
[OK] 27378-49-0 | Poly-L-ornithine solution | files=1 | ChemBlink/Sigma-Aldrich
[OK] 25212-74-2 | Poly(1,4-Phenylene Sulfide) | files=1 | ChemBlink/Sigma-Aldrich
[OK] 25249-16-5 | Poly(2-hydroxyethyl methacrylate) | files=1 | CAS-Search (file.ambeed.com)
[OK] 104934-50-1 | Poly(3-hexylthiophene-2,5-diyl) | files=1 | ChemBlink/Alfa-Aesar
[OK] 80181-31-3 | poly(3-hydroxybutyrate-co-3-hydroxyvalerate) | files=1 | ChemBlink/Sigma-Aldrich
[OK] 155090-83-8 | poly(3,4-ethylenedioxythiophene)-poly(styrene sulfonate) | files=1 | ChemBlink/Sigma-Aldrich
[OK] 68037-40-1 | Poly(4-styrenesulfonic acid-co-maleic acid) sodium salt solution | files=1 | ChemBlink/Sigma-Aldrich
[OK] 26590-05-6 | Poly(acrylamide-co-diallyldimethylammonium chloride | files=1 | ChemBlink/Sigma-Aldrich
[OK] 71550-12-4 | Poly(allylamine hydrochloride) | files=1 | ChemBlink/Alfa-Aesar
[OK] 26062-79-3 | Poly(diallyldimethylammonium chloride) | files=1 | ChemBlink/Sigma-Aldrich
[OK] 130169-63-0 | Poly(dimethylsiloxane), distearate terminated | files=1 | Name-Search (www.chemicalbook.com)
[OK] 26780-50-7 | Poly(DL-lactide-co-glycolide) | files=1 | ChemBlink/Sigma-Aldrich
[OK] 9010-77-9 | Poly(ethylene-co-acrylic acid) | files=1 | CAS-Search (www.chemicalbook.com)
[OK] 9010-86-0 | Poly(ethylene-co-ethyl acrylate) | files=1 | ChemBlink/Sigma-Aldrich
[OK] 25053-53-6 | Poly(ethylene-co-methacrylic acid) | files=1 | ChemBlink/Sigma-Aldrich
[OK] 24937-78-8 | poly(ethylene-co-vinyl acetate) | files=1 | ChemBlink/Sigma-Aldrich
[OK] 25038-59-9 | poly(ethyleneterephthalate) | files=1 | ChemBlink/Sigma-Aldrich
[OK] 33135-50-1 | POLY(L-LACTIDE) | files=1 | Name-Search (www.chemicalbook.com)
[OK] 63148-57-2 | Poly(methylhydrosiloxane) | files=1 | ChemBlink/Alfa-Aesar
[OK] 9011-16-9 | poly(methylvinyl)ether-alt-maleic anhydride | files=1 | ChemBlink/Sigma-Aldrich
[NOTFOUND] 9057-91-4 | Poly(propylene glycol) tolyene 2,4 diisocyanate terminated
[OK] 25704-18-1 | poly(sodium-4-styrene-sulfonate) | files=1 | ChemBlink/Alfa-Aesar
[OK] 25034-86-0 | Poly(styrene-co-methylmethacrylate) | files=1 | ChemBlink/Sigma-Aldrich
[OK] 63148-65-2 | Poly(vinyl butyral) | files=1 | ChemBlink/Sigma-Aldrich
[OK] 9002-86-2 | poly(vinyl chloride) | files=1 | ChemBlink/Sigma-Aldrich
[NOTFOUND] 25214-39-5 | Poly(vinylidene chloride-co-acrylonitrile-co-methyl methacrylate)
[OK] 25249-54-1 | Poly(vinylpolypyrrolidone) | files=1 | ChemBlink/Alfa-Aesar
[OK] 138184-36-8 | Poly[2-methoxy-5-(2-ethylhexyloxy)-1,4-phenylenevinylene] | files=1 | ChemBlink/Sigma-Aldrich
[OK] 84170-74-1 | poly[oxy(methyl-1,2-ethanediyl)] | files=1 | ChemBlink/Sigma-Aldrich
[OK] 9003-05-8 | polyacrylamide | files=1 | ChemBlink/Sigma-Aldrich
[OK] 9003-01-4 | Polyacrylic acid | files=1 | ChemBlink/Alfa-Aesar
[OK] 25233-30-1 | Polyaniline | files=1 | ChemBlink/Alfa-Aesar
[OK] 27858-07-7 | Polybrominated biphenyls (PBBs) (OCTA) | files=1 | CAS-Search (www.agilent.com)
[OK] 9003-29-6 | polybutene | files=1 | ChemBlink/Sigma-Aldrich
[OK] 24980-41-4 | Polycaprolactone | files=1 | ChemBlink/Alfa-Aesar
[OK] 25037-45-0 | Polycarbonate | files=1 | CAS-Search (static.cymitquimica.com)
[OK] 62306-27-8 | POLYCARBOSILANE | files=1 | CAS-Search (www.sincerechemical.com)
[OK] 1336-36-3 | Polychlorinated biphenyls | files=1 | CAS-Search (www.astechireland.ie)
[OK] 65914-17-2 | Polydatin | files=1 | ChemBlink/Sigma-Aldrich
[OK] 9002-88-4 | polyethylene | files=1 | ChemBlink/Alfa-Aesar
[OK] 25322-68-3 | Polyethylene glycol | files=1 | ChemBlink/Alfa-Aesar
[OK] 25067-34-9 | polyethylene-co-vinyl alcohol | files=1 | ChemBlink/Sigma-Aldrich
[OK] 9002-98-6 | polyethyleneimine | files=1 | ChemBlink/Alfa-Aesar
[OK] 25990-10-7 | Polygalacturonic acid | files=1 | ChemBlink/Alfa-Aesar
[OK] 25618-55-7 | polyglycerol | files=1 | CAS-Search (static.cymitquimica.com)
[OK] 32131-17-2 | polyhexamethylene adipamide | files=1 | ChemBlink/Sigma-Aldrich
[OK] 26100-51-6 | Polylactic Acid (PLA) | files=1 | ChemBlink/Sigma-Aldrich
[OK] 9011-14-7 | Polymethyl methacrylate | files=1 | ChemBlink/Alfa-Aesar
[OK] 9016-87-9 | Polymethylene polyphenyl isocyanate | files=1 | ChemBlink/Sigma-Aldrich
[OK] 1066-17-7 | POLYMYIN E | files=1 | ChemBlink/Cayman
[OK] 24991-53-5 | polyoxyethylene bis(amine) | files=1 | ChemBlink/Alfa-Aesar
[OK] 9003-11-6 | Polyoxypropylene-polyoxyethylene Block Copolymer | files=1 | ChemBlink/Alfa-Aesar
[OK] 8017-16-1 | Polyphosphoric acid | files=1 | ChemBlink/Alfa-Aesar
[NOTFOUND] 68132-19-4 | Polyphosphoric acids, compds. with ethoxylated coco alkylamines
[OK] 9003-07-0 | polypropylene | files=1 | ChemBlink/Alfa-Aesar
[OK] 30604-81-0 | Polypyrrole | files=1 | ChemBlink/Sigma-Aldrich
[OK] 25135-51-7 | Polysulfone | files=1 | ChemBlink/Sigma-Aldrich
[OK] 9002-84-0 | Polytetrafluoroethylene | files=1 | ChemBlink/Alfa-Aesar
[NOTFOUND] 85597-60-0 | polythymidylic acid, sodium salt
[OK] 27416-86-0 | polyuridylic acid potassium salt | files=1 | CAS-Search (www.chemicalbook.com)
[OK] 9002-89-5 | Polyvinyl alcohol | files=1 | ChemBlink/Alfa-Aesar
[OK] 9003-39-8 | Polyvinyl pyrrolidone | files=1 | ChemBlink/Alfa-Aesar
[OK] 24937-79-9 | polyvinylidene fluoride | files=1 | ChemBlink/Alfa-Aesar
[OK] 6226-79-5 | ponceau s | files=1 | ChemBlink/Alfa-Aesar
[OK] 1806-34-4 | POPOP | files=1 | ChemBlink/Alfa-Aesar
[OK] 299-45-6 | POTASAN | files=1 | CAS-Search (aksci.com)
[OK] 7440-09-7 | Potassium | files=1 | ChemBlink/Alfa-Aesar
[NOTFOUND] 96566-70-0 | Potassium 2-hydroxycarbazole-1-carboxylate
[OK] 127-08-2 | Potassium acetate | files=1 | ChemBlink/Alfa-Aesar
[OK] 928-04-1 | Potassium acetylenedicarboxylate | files=1 | ChemBlink/Alfa-Aesar
[OK] 28300-74-5 | Potassium antimony(III) oxide tartrate hemihydrate | files=1 | ChemBlink/Alfa-Aesar
[OK] 298-14-6 | potassium bicarbonate | files=1 | ChemBlink/Alfa-Aesar
[OK] 7789-29-9 | Potassium bifluoride | files=1 | ChemBlink/Alfa-Aesar
[OK] 868-14-4 | potassium bitartrate | files=1 | ChemBlink/Alfa-Aesar
[OK] 7758-01-2 | Potassium bromate | files=1 | ChemBlink/Alfa-Aesar
[OK] 7758-02-3 | Potassium bromide | files=1 | ChemBlink/Alfa-Aesar
[OK] 584-08-7 | Potassium carbonate | files=1 | ChemBlink/Alfa-Aesar
[OK] 3811-04-9 | Potassium chlorate | files=1 | ChemBlink/Alfa-Aesar
[OK] 7789-00-6 | Potassium chromate | files=1 | ChemBlink/Alfa-Aesar
[OK] 6100-05-6 | Potassium citrate, monohydrate | files=1 | ChemBlink/Alfa-Aesar
[OK] 590-28-3 | Potassium cyanate | files=1 | ChemBlink/Alfa-Aesar
[OK] 151-50-8 | Potassium cyanide | files=1 | ChemBlink/Alfa-Aesar
[OK] 7778-50-9 | Potassium dichromate | files=1 | ChemBlink/Alfa-Aesar
[OK] 506-61-6 | Potassium dicyanoargentate (I) | files=1 | ChemBlink/Alfa-Aesar
[OK] 7778-77-0 | Potassium dihydrogen  phosphate | files=1 | ChemBlink/Alfa-Aesar
[OK] 7784-41-0 | Potassium dihydrogen arsenate | files=1 | ChemBlink/Alfa-Aesar
[OK] 917-58-8 | Potassium ethoxide | files=1 | ChemBlink/Alfa-Aesar
[OK] 13943-58-3 | Potassium Ferrocyanide | files=1 | ChemBlink/Alfa-Aesar
[OK] 14459-95-1 | potassium ferrocyanide trihydrate | files=1 | ChemBlink/Alfa-Aesar
[OK] 7789-23-3 | Potassium fluoride | files=1 | ChemBlink/Alfa-Aesar
[OK] 16871-90-2 | Potassium fluorosilicate | files=1 | ChemBlink/Alfa-Aesar
[OK] 16921-30-5 | Potassium hexachloroplatinate(IV) | files=1 | ChemBlink/Alfa-Aesar
[OK] 13746-66-2 | Potassium Hexacyanoferrate(III) | files=1 | ChemBlink/Alfa-Aesar
[OK] 12208-13-8 | Potassium Hexahydroxoantimonate(V) | files=1 | ChemBlink/Alfa-Aesar
[OK] 7693-26-7 | Potassium hydride | files=1 | ChemBlink/Alfa-Aesar
[OK] 13455-24-8 | Potassium hydrogen diiodate | files=1 | ChemBlink/Alfa-Aesar
[OK] 877-24-7 | Potassium hydrogen phthalate | files=1 | ChemBlink/Alfa-Aesar
[OK] 7646-93-7 | Potassium hydrogen sulfate | files=1 | ChemBlink/Alfa-Aesar
[OK] 1310-58-3 | Potassium hydroxide | files=1 | ChemBlink/Alfa-Aesar
[OK] 7782-87-8 | potassium hypophosphite | files=1 | CAS-Search (www.chemicalbook.com)
[OK] 67627-18-3 | Potassium indigotrisulfonate | files=1 | ChemBlink/Sigma-Aldrich
[OK] 7758-05-6 | Potassium Iodate | files=1 | ChemBlink/Alfa-Aesar
[OK] 7681-11-0 | Potassium iodide | files=1 | ChemBlink/Alfa-Aesar
[OK] 7790-21-8 | Potassium metaperiodate | files=1 | ChemBlink/Alfa-Aesar
[OK] 865-33-8 | Potassium methoxide | files=1 | ChemBlink/Alfa-Aesar
[OK] 7757-79-1 | Potassium nitrate | files=1 | ChemBlink/Alfa-Aesar
[OK] 143-18-0 | Potassium oleate | files=1 | ChemBlink/Sigma-Aldrich
[OK] 583-52-8 | Potassium oxalate | files=1 | CAS-Search (pim-resources.coleparmer.com)
[OK] 6487-48-5 | Potassium oxalate monohydrate | files=1 | ChemBlink/Alfa-Aesar
[OK] 7778-74-7 | Potassium perchlorate | files=1 | ChemBlink/Alfa-Aesar
[OK] 7722-64-7 | Potassium permanganate | files=1 | ChemBlink/Alfa-Aesar
[OK] 7727-21-1 | Potassium persulfate | files=1 | ChemBlink/Alfa-Aesar
[OK] 16788-57-1 | potassium phosphate dibasic trihydrate | files=1 | ChemBlink/Alfa-Aesar
[OK] 2545-60-0 | Potassium picloram | files=1 | CAS-Search (www.farmag.co.za)
[OK] 26182-60-5 | Potassium poly(vinyl sulfate) | files=1 | ChemBlink/Sigma-Aldrich
[OK] 37199-66-9 | Potassium polysulfides | files=1 | ChemBlink/Sigma-Aldrich
[OK] 16731-55-8 | Potassium pyrosulfite | files=1 | ChemBlink/Alfa-Aesar
[OK] 304-59-6 | Potassium sodium tartrate | files=1 | ChemBlink/Sigma-Aldrich
[OK] 6381-59-5 | Potassium sodium tartrate tetrahydrate | files=1 | ChemBlink/Alfa-Aesar
[OK] 24634-61-5 | Potassium sorbate | files=1 | ChemBlink/Alfa-Aesar
[OK] 7778-80-5 | Potassium sulfate | files=1 | ChemBlink/Alfa-Aesar
[OK] 12030-88-5 | Potassium superoxide | files=1 | ChemBlink/Alfa-Aesar
[OK] 7790-58-1 | Potassium tellurite trihydrate | files=1 | ChemBlink/Sigma-Aldrich
[OK] 865-47-4 | Potassium tert-butoxide | files=1 | ChemBlink/Alfa-Aesar
[OK] 13682-61-6 | Potassium tetrachloro aurate(III) | files=1 | ChemBlink/Sigma-Aldrich
[OK] 10025-98-6 | Potassium tetrachloropalladate(II) | files=1 | ChemBlink/Alfa-Aesar
[OK] 10025-99-7 | Potassium tetrachloroplatinate(II) | files=1 | ChemBlink/Alfa-Aesar
[OK] 6100-20-5 | Potassium tetraoxalate dihydrate | files=1 | ChemBlink/Alfa-Aesar
[OK] 333-20-0 | Potassium thiocyanate | files=1 | ChemBlink/Alfa-Aesar
[OK] 10294-66-3 | potassium thiosulfate | files=1 | ChemBlink/Sigma-Aldrich
[OK] 172889-27-9 | PP2 | files=1 | ChemBlink/Matrix
[OK] 92-71-7 | PPO | files=1 | ChemBlink/Alfa-Aesar
[OK] 23031-36-9 | Prallethrin | files=1 | ChemBlink/Sigma-Aldrich
[OK] 12037-29-5 | Praseodymium (III,V) oxide | files=1 | ChemBlink/Alfa-Aesar
[OK] 15878-77-0 | Praseodymium (III) nitrate hexahydrate | files=1 | ChemBlink/Alfa-Aesar
[OK] 80-92-2 | Pregnandiol | files=1 | ChemBlink/TCI
[OK] 51218-49-6 | Pretilachlor | files=1 | ChemBlink/Sigma-Aldrich
[OK] 8064-60-6 | primuline | files=1 | ChemBlink/Sigma-Aldrich
[OK] 51-05-8 | Procaine hydrochloride | files=1 | ChemBlink/Alfa-Aesar
[OK] 67747-09-5 | Prochloraz | files=1 | ChemBlink/Sigma-Aldrich
[OK] 32809-16-8 | Procymidone | files=1 | ChemBlink/Sigma-Aldrich
[OK] 41198-08-7 | Profenofos | files=1 | ChemBlink/Sigma-Aldrich
[OK] 26399-36-0 | Profluralin | files=1 | ChemBlink/Sigma-Aldrich
[OK] 139001-49-3 | Profoxydim | files=1 | Name-Search (www.chemicalbook.com)
[OK] 57-83-0 | PROGESTERONE | files=1 | ChemBlink/Sigma-Aldrich
[OK] 637-32-1 | Proguanil hydrochloride | files=1 | ChemBlink/Sigma-Aldrich
[OK] 344-25-2 | proline, D- | files=1 | ChemBlink/Alfa-Aesar
[OK] 23356-96-9 | prolinol, L- | files=1 | ChemBlink/Alfa-Aesar
[OK] 2631-37-0 | Promecarb | files=1 | ChemBlink/Sigma-Aldrich
[OK] 58-33-3 | Promethazine Hydrochloride | files=1 | ChemBlink/Alfa-Aesar
[OK] 74-98-6 | Propane | files=1 | ChemBlink/Sigma-Aldrich
[OK] 5417-82-3 | Propanedinitrile, 2-(1-ethoxyethylidene)- | files=1 | ChemBlink/Alfa-Aesar
[OK] 504-63-2 | propanediol, 1,3- | files=1 | ChemBlink/Alfa-Aesar
[OK] 709-98-8 | Propanil | files=1 | ChemBlink/Sigma-Aldrich
[OK] 15165-67-0 | Propanoic acid, 2-(2,4-dichlorophenoxy)-, (R)- | files=1 | ChemBlink/Sigma-Aldrich
[OK] 95617-09-7 | Propanoic acid, 2-(4-((6-chloro-2-benzoxazolyl)oxy)phenoxy)-, (+-)- | files=1 | ChemBlink/Accu-Standard
[OK] 113158-40-0 | Propanoic acid, 2-(4-((6-chloro-2-benzoxazolyl)oxy)phenoxy)-, (R)- | files=1 | ChemBlink/Sigma-Aldrich
[OK] 96562-58-2 | Propanoic acid, 2-(4-hydroxyphenoxy)-, methyl ester, (2R)- | files=1 | ChemBlink/Alfa-Aesar
[OK] 73246-45-4 | Propanoic acid, 2-chloro-, methyl ester, (2S)- | files=1 | ChemBlink/Sigma-Aldrich
[OK] 70-23-5 | Propanoic acid, 3-bromo-2-oxo-, ethyl ester | files=1 | ChemBlink/Alfa-Aesar
[OK] 111479-05-1 | Propaquizafop | files=1 | ChemBlink/Sigma-Aldrich
[OK] 2312-35-8 | Propargite | files=1 | ChemBlink/Sigma-Aldrich
[OK] 107-19-7 | Propargyl alcohol | files=1 | ChemBlink/Alfa-Aesar
[OK] 106-96-7 | Propargyl bromide solution | files=1 | ChemBlink/Alfa-Aesar
[OK] 2450-71-7 | propargylamine | files=1 | ChemBlink/Alfa-Aesar
[OK] 139-40-2 | Propazine | files=1 | ChemBlink/Sigma-Aldrich
[OK] 31218-83-4 | Propetamphos | files=1 | ChemBlink/Sigma-Aldrich
[OK] 60207-90-1 | Propiconazole | files=1 | ChemBlink/Sigma-Aldrich
[OK] 25535-16-4 | Propidium iodide | files=1 | ChemBlink/Alfa-Aesar
[OK] 9016-72-2 | Propineb (homopolymer) | files=1 | CAS-Search (cdn.chemservice.com)
[OK] 12071-83-9 | Propineb (monomer) | files=1 | ChemBlink/Sigma-Aldrich
[OK] 123-38-6 | Propionaldehyde | files=1 | ChemBlink/Alfa-Aesar
[OK] 79-09-4 | Propionic acid | files=1 | ChemBlink/Alfa-Aesar
[OK] 123-62-6 | Propionic anhydride | files=1 | ChemBlink/Alfa-Aesar
[OK] 107-12-0 | Propionitrile | files=1 | ChemBlink/Alfa-Aesar
[OK] 79-03-8 | Propionyl chloride | files=1 | ChemBlink/Alfa-Aesar
[OK] 86763-47-5 | Propisochlor | files=1 | ChemBlink/Sigma-Aldrich
[OK] 114-26-1 | Propoxur | files=1 | ChemBlink/Sigma-Aldrich
[OK] 24579-73-5 | Propyl 3-(dimethylamino)propylcarbamate | files=1 | ChemBlink/Sigma-Aldrich
[OK] 71-23-8 | Propyl alcohol | files=1 | ChemBlink/Alfa-Aesar
[OK] 110-74-7 | Propyl formate | files=1 | ChemBlink/Alfa-Aesar
[OK] 121-79-9 | propyl gallate | files=1 | ChemBlink/Alfa-Aesar
[OK] 107-03-9 | Propyl mercaptan | files=1 | ChemBlink/Alfa-Aesar
[OK] 94-13-3 | Propyl paraben | files=1 | ChemBlink/Alfa-Aesar
[OK] 106-36-5 | Propyl propionate | files=1 | ChemBlink/Alfa-Aesar
[OK] 107-10-8 | Propylamine | files=1 | ChemBlink/Alfa-Aesar
[OK] 115-07-1 | Propylene | files=1 | ChemBlink/Sigma-Aldrich
[OK] 108-32-7 | Propylene carbonate | files=1 | ChemBlink/Alfa-Aesar
[OK] 57-55-6 | Propylene glycol | files=1 | ChemBlink/Alfa-Aesar
[OK] 1569-02-4 | propylene glycol monoethyl ether | files=1 | ChemBlink/Alfa-Aesar
[OK] 107-98-2 | Propylene glycol monomethyl ether | files=1 | ChemBlink/Alfa-Aesar
[OK] 57018-52-7 | propylene glycol, t-butyl ether | files=1 | CAS-Search (www.chemicalbook.com)
[OK] 75-56-9 | Propylene oxide | files=1 | ChemBlink/Alfa-Aesar
[OK] 2122-19-2 | Propylene thiourea | files=1 | ChemBlink/Sigma-Aldrich
[OK] 75-55-8 | Propyleneimine | files=1 | ChemBlink/Sigma-Aldrich
[OK] 2234-82-4 | Propylmagnesium chloride | files=1 | ChemBlink/Alfa-Aesar
[OK] 1067-25-0 | Propyltrimethoxysilane | files=1 | ChemBlink/Alfa-Aesar
[OK] 745-65-3 | Prostaglandin E1 | files=1 | ChemBlink/Sigma-Aldrich
[OK] 363-24-6 | Prostaglandin E2 | files=1 | ChemBlink/Sigma-Aldrich
[OK] 94125-34-5 | prosulfuron | files=1 | ChemBlink/Sigma-Aldrich
[OK] 9036-06-0 | Protease from Streptomyces griseus | files=1 | ChemBlink/Sigma-Aldrich
[OK] 9014-01-1 | Protease, from Bacillus licheniformis | files=1 | ChemBlink/Sigma-Aldrich
[OK] 39450-01-6 | Proteinase K | files=1 | ChemBlink/Alfa-Aesar
[OK] 9068-59-1 | Proteinase, microbial neutral | files=1 | CAS-Search (file.medchemexpress.com)
[NOTFOUND] 19622-19-6 | Prothiocarb hydrochloride
[OK] 34643-46-4 | Prothiophos | files=1 | ChemBlink/Sigma-Aldrich
[OK] 2275-18-5 | Prothoate | files=1 | CAS-Search (cdn.chemservice.com)
[OK] 20734-58-1 | Proton sponge | files=1 | ChemBlink/Alfa-Aesar
[OK] 553-12-8 | Protoporphyrin IX | files=1 | ChemBlink/Sigma-Aldrich
[OK] 5522-66-7 | Protoporphyrin IX dimethyl ester | files=1 | ChemBlink/Sigma-Aldrich
[OK] 948-60-7 | Pterine-6-carboxylic acid | files=1 | ChemBlink/Sigma-Aldrich
[OK] 119-24-4 | Pteroic acid | files=1 | ChemBlink/Sigma-Aldrich
[OK] 3681-99-0 | Puerarin | files=1 | ChemBlink/Alfa-Aesar
[OK] 1332-09-8 | Pumice stone granular | files=1 | CAS-Search (www.cdhfinechemical.com)
[OK] 58-58-2 | Puromycin dihydrochloride from Streptomyces alboniger | files=1 | ChemBlink/Alfa-Aesar
[OK] 81-54-9 | Purpurin | files=1 | ChemBlink/Sigma-Aldrich
[OK] 110-60-1 | Putrescine | files=1 | ChemBlink/Alfa-Aesar
[OK] 123312-89-0 | pymetrozine | files=1 | ChemBlink/Sigma-Aldrich
[OK] 24691-76-7 | Pyracarbolid | files=1 | ChemBlink/Sigma-Aldrich
[OK] 129630-19-9 | Pyraflufen-ethyl [ISO:BSI] | files=1 | ChemBlink/Sigma-Aldrich
[OK] 19847-12-2 | Pyrazine-2-carbonitrile | files=1 | ChemBlink/Alfa-Aesar
[OK] 288-13-1 | Pyrazole | files=1 | ChemBlink/Alfa-Aesar
[OK] 13457-18-6 | Pyrazophos | files=1 | ChemBlink/Sigma-Aldrich
[OK] 93697-74-6 | Pyrazosulfuron-ethyl | files=1 | ChemBlink/Sigma-Aldrich
[OK] 129-00-0 | Pyrene | files=1 | ChemBlink/Alfa-Aesar
[OK] 164461-18-1 | Pyrene-1-boronic acid | files=1 | ChemBlink/Alfa-Aesar
[OK] 3443-45-6 | pyrenebutyric acid, 1- | files=1 | ChemBlink/Alfa-Aesar
[OK] 3029-19-4 | pyrenecarboxaldehyde, 1- | files=1 | ChemBlink/Alfa-Aesar
[OK] 19694-02-1 | pyrenecarboxylic acid, 1- | files=1 | ChemBlink/Sigma-Aldrich
[OK] 121-29-9 | Pyrethrin II | files=1 | CAS-Search (file.medchemexpress.com)
[OK] 8003-34-7 | Pyrethrum | files=1 | ChemBlink/Sigma-Aldrich
[OK] 179101-81-6 | Pyridalyl | files=1 | ChemBlink/Accu-Standard
[OK] 119-12-0 | Pyridaphenthion | files=1 | ChemBlink/Sigma-Aldrich
[OK] 55512-33-9 | Pyridat | files=1 | ChemBlink/Sigma-Aldrich
[OK] 110-86-1 | Pyridine | files=1 | ChemBlink/Alfa-Aesar
[OK] 39416-48-3 | Pyridine hydrobromide, compound with bromine | files=1 | ChemBlink/Alfa-Aesar
[OK] 26412-87-3 | Pyridine sulfurtrioxide complex | files=1 | ChemBlink/Alfa-Aesar
[OK] 636-73-7 | Pyridine-3-sulfonic acid | files=1 | ChemBlink/Alfa-Aesar
[OK] 100-55-0 | pyridinemethanol, 3- | files=1 | ChemBlink/Alfa-Aesar
[OK] 26299-14-9 | Pyridinium chlorochromate | files=1 | ChemBlink/Alfa-Aesar
[OK] 20039-37-6 | Pyridinium dichromate | files=1 | ChemBlink/Alfa-Aesar
[OK] 24057-28-1 | Pyridinium p-toluenesulfonate | files=1 | ChemBlink/Alfa-Aesar
[OK] 13161-30-3 | pyridinol oxide, 2-, 1- | files=1 | ChemBlink/Alfa-Aesar
[OK] 41468-25-1 | Pyridoxal 5'-phosphate | files=1 | ChemBlink/Alfa-Aesar
[OK] 853645-22-4 | Pyridoxal 5'-phosphate hydrate | files=1 | ChemBlink/Sigma-Aldrich
[OK] 58-56-0 | pyridoxine hydrochloride | files=1 | ChemBlink/Alfa-Aesar
[OK] 65-22-5 | Pyridoxol hydrochlorid | files=1 | ChemBlink/Alfa-Aesar
[OK] 34803-66-2 | pyridyl)piperazine, 1-(2- | files=1 | ChemBlink/Alfa-Aesar
[OK] 94021-22-4 | pyrimidyl)piperazine dihydrochloride, 1-(2- | files=1 | ChemBlink/Alfa-Aesar
[OK] 53558-25-1 | Pyrinuron (piriminil) | files=1 | ChemBlink/Sigma-Aldrich
[OK] 95737-68-1 | Pyriproxyfen | files=1 | ChemBlink/Sigma-Aldrich
[OK] 120-80-9 | Pyrocatechol | files=1 | ChemBlink/Alfa-Aesar
[OK] 87-66-1 | Pyrogallol | files=1 | ChemBlink/Alfa-Aesar
[OK] 98-79-3 | pyroglutamic acid, L- | files=1 | ChemBlink/Alfa-Aesar
[OK] 89-32-7 | Pyromellitic dianhydride | files=1 | ChemBlink/Alfa-Aesar
[OK] 92-32-0 | Pyronin G | files=1 | ChemBlink/Alfa-Aesar
[OK] 9024-82-2 | Pyrophosphatase | files=1 | ChemBlink/Sigma-Aldrich
[OK] 2466-09-3 | Pyrophosphoric acid | files=1 | ChemBlink/Alfa-Aesar
[OK] 57369-32-1 | Pyroquilon | files=1 | ChemBlink/Sigma-Aldrich
[OK] 109-97-7 | Pyrrole | files=1 | ChemBlink/Alfa-Aesar
[OK] 123-75-1 | Pyrrolidine | files=1 | ChemBlink/Alfa-Aesar
[OK] 69227-51-6 | Pyrrolidinium, 1-ethyl-1-methyl-, bromide | files=1 | ChemBlink/Alfa-Aesar
[OK] 127-17-3 | Pyruvic acid | files=1 | ChemBlink/Alfa-Aesar
[OK] 78-98-8 | Pyruvic aldehyde | files=1 | ChemBlink/Alfa-Aesar
[OK] 117-39-5 | Quercetin | files=1 | ChemBlink/Sigma-Aldrich
[OK] 6151-25-3 | Quercetin hydrate | files=1 | ChemBlink/Alfa-Aesar
[OK] 522-12-3 | Quercitrin | files=1 | ChemBlink/Sigma-Aldrich
[OK] 13593-03-8 | Quinalphos | files=1 | ChemBlink/Sigma-Aldrich
[OK] 84087-01-4 | Quinclorac | files=1 | ChemBlink/Sigma-Aldrich
[OK] 106-34-3 | Quinhydrone | files=1 | ChemBlink/Alfa-Aesar
[OK] 130-95-0 | Quinine | files=1 | ChemBlink/Alfa-Aesar
[OK] 6119-70-6 | Quinine sulfate | files=1 | ChemBlink/Alfa-Aesar
[OK] 91-22-5 | Quinoline | files=1 | ChemBlink/Alfa-Aesar
[OK] 124495-18-7 | Quinoline, 5,7-dichloro-4-(4-fluorophenoxy)- | files=1 | ChemBlink/Sigma-Aldrich
[OK] 4363-93-3 | quinolinecarboxaldehyde, 4- | files=1 | ChemBlink/Alfa-Aesar
[OK] 578-67-6 | quinolinol, 5- | files=1 | ChemBlink/Alfa-Aesar
[OK] 2439-01-2 | Quinomethionate | files=1 | ChemBlink/Sigma-Aldrich
[OK] 106-51-4 | Quinone | files=1 | ChemBlink/Alfa-Aesar
[OK] 76578-14-8 | Quizalofop-Et | files=1 | ChemBlink/Sigma-Aldrich
[OK] 100646-51-3 | Quizalofop-p-ethyl (BSI, draft E-ISO) | files=1 | ChemBlink/Sigma-Aldrich
[OK] 51594-55-9 | R-(-)-Epichlorohydrin | files=1 | ChemBlink/Alfa-Aesar
[OK] 14898-79-4 | R-(-)-sec-Butanol | files=1 | ChemBlink/Alfa-Aesar
[OK] 41372-20-7 | R-(-Apomorphine hydrochloride hemihydrate | files=1 | ChemBlink/Sigma-Aldrich
[NOTFOUND] 13982-63-3 | Radium-226 (Ra-226)
[OK] 17629-30-0 | Raffinose | files=1 | ChemBlink/Alfa-Aesar
[OK] 1918-16-7 | Ramrod | files=1 | ChemBlink/Sigma-Aldrich
[OK] 61951-82-4 | Reactive Red 120 | files=1 | ChemBlink/Alfa-Aesar
[OK] 22722-98-1 | RED-AL | files=1 | ChemBlink/Alfa-Aesar
[OK] 9001-98-3 | Rennase | files=1 | ChemBlink/Sigma-Aldrich
[OK] 62758-13-8 | Resazurin sodium salt | files=1 | ChemBlink/Alfa-Aesar
[OK] 93821-66-0 | Residual oils (petroleum) | files=1 | Name-Search (msdspds.castrol.com)
[OK] 100684-37-5 | Residual oils (petroleum), carbon-treated solvent-dewaxed | files=1 | CAS-Search (www.ichemistry.cn)
[OK] 91770-57-9 | Residual oils (petroleum), catalytic dewaxed | files=1 | Name-Search (www.chemicalbook.com)
[NOTFOUND] 100684-38-6 | Residual oils (petroleum), clay-treated solvent-dewaxed
[OK] 92061-86-4 | Residual oils (petroleum), hydrocracked acid-treated solvent-dewaxed | files=1 | Name-Search (www.chemicalbook.com)
[OK] 92061-92-2 | Residues (coal tar), anthracene oil distn. | files=1 | Name-Search (www.chemicalbook.com)
[OK] 92061-93-3 | Residues (coal tar), creosote oil distn. | files=1 | Name-Search (www.chemicalbook.com)
[OK] 92061-94-4 | Residues (coal tar), pitch distn. | files=1 | CAS-Search (www.ichemistry.cn)
[OK] 92062-00-5 | Residues (petroleum), hydrogenated steam-cracked naphtha | files=1 | Name-Search (www.chemicalbook.com)
[NOTFOUND] 93763-85-0 | Residues (petroleum), steam cracked heat-soaked naphtha
[NOTFOUND] 92062-04-9 | Residues (petroleum), steam cracked naphtha distillation
[OK] 102110-55-4 | Residues (petroleum), steam-cracked light, arom | files=1 | Name-Search (www.chemicalbook.com)
[NOTFOUND] 68513-66-6 | Residues, petroleum, alkylation splitter, C4-rich
[OK] 68333-22-2 | Residues, petroleum, atmospheric | files=1 | CAS-Search (www.kernenergy.com)
[NOTFOUND] 64741-67-9 | Residues, petroleum, catalytic reformer fractionator
[NOTFOUND] 68512-62-9 | Residues, petroleum, light vacuum
[OK] 68955-36-2 | Residues, petroleum, steam-cracked, resinous | files=1 | CAS-Search (www.agarscientific.com)
[NOTFOUND] 98219-64-8 | Residues, steam cracked, thermally treated
[OK] 73138-82-6 | Resin acids and Rosin acids | files=1 | CAS-Search (www.traceymae.com)
[OK] 10453-86-8 | Resmethrin | files=1 | ChemBlink/Sigma-Aldrich
[OK] 108-46-3 | Resorcinol | files=1 | ChemBlink/Alfa-Aesar
[OK] 302-79-4 | Retinoic acid | files=1 | ChemBlink/Alfa-Aesar
[OK] 1314-68-7 | Rhenium(VII) oxide | files=1 | ChemBlink/Alfa-Aesar
[OK] 81-88-9 | Rhodamin B | files=1 | ChemBlink/Alfa-Aesar
[OK] 13558-31-1 | Rhodamine 110 chloride | files=1 | ChemBlink/Sigma-Aldrich
[OK] 62669-70-9 | Rhodamine 123 | files=1 | ChemBlink/Sigma-Aldrich
[OK] 989-38-8 | Rhodamine 6G | files=1 | ChemBlink/Alfa-Aesar
[OK] 36877-69-7 | Rhodamine B isothiocyanate | files=1 | ChemBlink/Alfa-Aesar
[OK] 7440-16-6 | rhodium | files=1 | ChemBlink/Alfa-Aesar
[OK] 83-88-5 | Riboflavin (B2) | files=1 | ChemBlink/Alfa-Aesar
[OK] 9001-99-4 | Ribonuclease A, Bovine Pancreas (RNase A) | files=1 | ChemBlink/Alfa-Aesar
[OK] 152-58-9 | Riechtein's substances | files=1 | ChemBlink/Sigma-Aldrich
[OK] 13292-46-1 | Rifampicin | files=1 | ChemBlink/Alfa-Aesar
[OK] 1404-55-3 | Ristocetin | files=1 | CAS-Search (www.chemicalbook.com)
[OK] 145333-02-4 | Ro 32-0432 hydrochloride | files=1 | ChemBlink/Cayman
[OK] 7681-76-7 | Ronidazole | files=1 | ChemBlink/Sigma-Aldrich
[OK] 632-69-9 | Rose Bengal | files=1 | ChemBlink/Alfa-Aesar
[OK] 8050-09-7 | Rosin | files=1 | ChemBlink/Alfa-Aesar
[OK] 38641-94-0 | Roundup | files=1 | ChemBlink/Sigma-Aldrich
[OK] 3691-35-8 | Rozol | files=1 | ChemBlink/Sigma-Aldrich
[OK] 584-09-8 | Rubidium carbonate | files=1 | ChemBlink/Alfa-Aesar
[OK] 7791-11-9 | Rubidium chloride | files=1 | ChemBlink/Alfa-Aesar
[OK] 101363-10-4 | Rufloxacin | files=1 | CAS-Search (www.molcore.com)
[OK] 34513-98-9 | Ruthenium (III) nitrosyl nitrate solution in dilute nitric acid | files=1 | ChemBlink/Alfa-Aesar
[OK] 10049-08-8 | Ruthenium(III) chloride | files=1 | ChemBlink/Alfa-Aesar
[OK] 14898-67-0 | Ruthenium(III) chloride hydrate | files=1 | ChemBlink/Alfa-Aesar
[OK] 32740-79-7 | Ruthenium(IV) oxide hydrate | files=1 | ChemBlink/Alfa-Aesar
[OK] 1317-80-2 | Rutile | files=1 | ChemBlink/Alfa-Aesar
[OK] 207671-50-9 | Rutin Hydrate | files=1 | ChemBlink/Sigma-Aldrich
[OK] 4221-99-2 | S-(+)-2-Butanol | files=1 | ChemBlink/Alfa-Aesar
[OK] 67843-74-7 | S-(+)-Epichlorohydrin | files=1 | ChemBlink/Alfa-Aesar
[OK] 56-10-0 | S-(2-Aminoethyl)thiouronium bromide hydrobromide | files=1 | ChemBlink/Alfa-Aesar
[NOTFOUND] 85702-90-5 | S-(3-Trimethoxysilyl)propyl 19-isocyanato-11-(6-isocyanatohexyl)-10,12-dioxo-2,9,11,13-tetraazanonad
[OK] 3493-13-8 | S-(5′-Adenosyl)-L-methionine iodide | files=1 | ChemBlink/Sigma-Aldrich
[OK] 538-28-3 | S-Benzylisothiouronium chloride | files=1 | ChemBlink/Alfa-Aesar
[OK] 28434-00-6 | S-Bioallethrin | files=1 | ChemBlink/Sigma-Aldrich
[OK] 1866-16-6 | S-Butyrylthiocholine iodide | files=1 | ChemBlink/Alfa-Aesar
[OK] 383-64-2 | S-Ethyl trifluorothioacetate | files=1 | ChemBlink/Sigma-Aldrich
[OK] 15263-53-3 | S,S'-2-Dimethylaminopropane-1,3-diyl (dithiocarbamate) | files=1 | CAS-Search (www.dcchemicals.com)
[OK] 81-07-2 | Saccharine | files=1 | ChemBlink/Alfa-Aesar
[OK] 477-73-6 | Safranin T | files=1 | ChemBlink/Alfa-Aesar
[OK] 18559-94-9 | Salbutamol | files=1 | ChemBlink/Alfa-Aesar
[OK] 14167-18-1 | Salcomine | files=1 | ChemBlink/Alfa-Aesar
[OK] 69-72-7 | salicyic acid | files=1 | ChemBlink/Alfa-Aesar
[OK] 90-02-8 | Salicylaldehyde | files=1 | ChemBlink/Alfa-Aesar
[OK] 87-17-2 | salicylanilide | files=1 | ChemBlink/Alfa-Aesar
[OK] 13759-83-6 | Samarium (III) nitrate hexahydrate | files=1 | ChemBlink/Alfa-Aesar
[OK] 12060-58-1 | Samarium(III) oxide | files=1 | ChemBlink/Alfa-Aesar
[OK] 14808-60-7 | Sand | files=1 | ChemBlink/Alfa-Aesar
[OK] 8047-15-2 | Saponin | files=1 | ChemBlink/Alfa-Aesar
[OK] 98105-99-8 | Sarafloxacin | files=1 | ChemBlink/Ambeed
[OK] 144026-79-9 | scandium(III) trifluoromethanesulfonate | files=1 | ChemBlink/Alfa-Aesar
[OK] 6533-68-2 | Scopolamine hydrobromide trihydrate | files=1 | ChemBlink/Sigma-Aldrich
[OK] 111-19-3 | Sebacoyl chloride | files=1 | ChemBlink/Alfa-Aesar
[OK] 105-46-4 | sec-Butyl acetate | files=1 | ChemBlink/Alfa-Aesar
[OK] 78-92-2 | sec-Butyl alcohol | files=1 | ChemBlink/Alfa-Aesar
[OK] 513-53-1 | sec-Butyl mercaptan | files=1 | ChemBlink/Sigma-Aldrich
[OK] 19910-65-7 | sec-BUTYL PEROXYDICARBONATE | files=1 | CAS-Search (www.nouryon.com)
[OK] 591-34-4 | sec-Butyl propionate | files=1 | Name-Search (pdf.benchchem.com)
[OK] 13952-84-6 | sec-Butylamine | files=1 | ChemBlink/Alfa-Aesar
[OK] 26259-45-0 | Secbumeton | files=1 | ChemBlink/Sigma-Aldrich
[OK] 634-03-7 | SEDAFAMEN | files=1 | CAS-Search (www.ichemistry.cn)
[OK] 7783-08-6 | Selenic acid | files=1 | ChemBlink/Alfa-Aesar
[OK] 7783-00-8 | Selenious acid | files=1 | ChemBlink/Alfa-Aesar
[OK] 7782-49-2 | Selenium | files=1 | ChemBlink/Alfa-Aesar
[OK] 7446-08-4 | Selenium dioxide | files=1 | ChemBlink/Alfa-Aesar
[OK] 7488-56-4 | Selenium disulfide | files=1 | ChemBlink/Alfa-Aesar
[OK] 7791-23-3 | Selenium(IV)Oxychloride | files=1 | ChemBlink/Alfa-Aesar
[OK] 630-10-4 | Selenourea | files=1 | ChemBlink/Alfa-Aesar
[OK] 563-41-7 | Semicarbazide hydrochloride | files=1 | ChemBlink/Alfa-Aesar
[OK] 9050-68-4 | Sephadex G-10 | files=1 | ChemBlink/Sigma-Aldrich
[OK] 11081-40-6 | Sephadex® G-15 | files=1 | ChemBlink/Sigma-Aldrich
[OK] 9048-71-9 | Sephadex® G-50 | files=1 | CAS-Search (www.angenechemical.com)
[OK] 68894-07-5 | Sepharose, CM | files=1 | ChemBlink/Sigma-Aldrich
[OK] 57407-08-6 | Sepharose, DEAE | files=1 | ChemBlink/Oakwood
[OK] 61-47-2 | Serotonin Creatinine Sulfate Monohydrate | files=1 | ChemBlink/Sigma-Aldrich
[OK] 12001-29-5 | Serpentine chrysotile | files=1 | CAS-Search (www.2spi.com)
[OK] 51-14-9 | sesamex | files=1 | Name-Search (file.medchemexpress.com)
[OK] 3563-36-8 | Sesquimustard | files=1 | Name-Search (www.chemeo.com)
[OK] 74051-80-2 | Sethoxydim | files=1 | ChemBlink/Sigma-Aldrich
[OK] 18422-53-2 | shi epoxidation diketal catalyst | files=1 | ChemBlink/Alfa-Aesar
[OK] 1343-98-2 | Sialic acid | files=1 | ChemBlink/Alfa-Aesar
[OK] 2530-85-0 | Silane A 174 | files=1 | ChemBlink/Alfa-Aesar
[OK] 52301-18-5 | Silane, tris((1-methylethenyl)oxy)phenyl- | files=1 | CAS-Search (www.silfluosilicone.com)
[OK] 112926-00-8 | Silica 60 A | files=1 | ChemBlink/Sigma-Aldrich
[OK] 7631-86-9 | Silica gel | files=1 | ChemBlink/Alfa-Aesar
[OK] 16949-65-8 | Silicate(2-), hexafluoro-, magnesium (1:1) | files=1 | CAS-Search (www.gelest.com)
[OK] 7699-41-4 | Silicic acid | files=1 | ChemBlink/Sigma-Aldrich
[OK] 409-21-2 | Silicon carbide | files=1 | ChemBlink/Alfa-Aesar
[OK] 60676-86-0 | Silicon dioxide | files=1 | ChemBlink/Sigma-Aldrich
[OK] 112945-52-5 | Silicon dioxide, amorphous | files=1 | ChemBlink/Alfa-Aesar
[OK] 12033-89-5 | Silicon nitride | files=1 | ChemBlink/Alfa-Aesar
[OK] 63394-02-5 | Silicon Rubber | files=1 | CAS-Search (static.cymitquimica.com)
[OK] 10026-04-7 | Silicon tetrachloride | files=1 | ChemBlink/Alfa-Aesar
[OK] 7783-61-1 | Silicon tetrafluoride | files=1 | ChemBlink/Sigma-Aldrich
[OK] 3410-77-3 | Silicon tetraisocyanate | files=1 | ChemBlink/Alfa-Aesar
[OK] 7440-21-3 | Silicon, pieces | files=1 | ChemBlink/Alfa-Aesar
[OK] 63148-62-9 | Silicone oil | files=1 | ChemBlink/Alfa-Aesar
[NOTFOUND] 69430-40-6 | Siloxanes and Silicones, di-Me, Me hydrogen, reaction products withhexamethyldisiloxane and polypr
[OK] 7784-01-2 | Silver (I) Chromate | files=1 | ChemBlink/Strem
[OK] 1701-93-5 | Silver (I) thiocyanate | files=1 | ChemBlink/Alfa-Aesar
[OK] 20667-12-3 | Silver (I)oxide | files=1 | ChemBlink/Alfa-Aesar
[OK] 563-63-3 | silver acetate | files=1 | ChemBlink/Alfa-Aesar
[OK] 7783-89-3 | Silver bromate | files=1 | ChemBlink/Alfa-Aesar
[OK] 534-16-7 | Silver carbonate | files=1 | ChemBlink/Alfa-Aesar
[OK] 506-64-9 | Silver cyanide | files=1 | ChemBlink/Alfa-Aesar
[OK] 1470-61-7 | silver diethyl dithiocarbamate | files=1 | ChemBlink/Alfa-Aesar
[OK] 5610-59-3 | Silver fulminate | files=1 | Name-Search (chemstock.ae)
[OK] 7440-22-4 | Silver metal | files=1 | ChemBlink/Alfa-Aesar
[OK] 7761-88-8 | Silver nitrate | files=1 | ChemBlink/Alfa-Aesar
[OK] 14242-05-8 | Silver perchlorate hydrate | files=1 | ChemBlink/GFS
[OK] 10294-26-5 | Silver Sulfate | files=1 | ChemBlink/Alfa-Aesar
[OK] 14104-20-2 | Silver tetrafluoroborate | files=1 | ChemBlink/Alfa-Aesar
[OK] 2966-50-9 | Silver trifluoroacetate | files=1 | ChemBlink/Alfa-Aesar
[OK] 2923-28-6 | silver trifluoromethanesulfonate | files=1 | ChemBlink/Alfa-Aesar
[OK] 7783-90-6 | silver(I)Chloride | files=1 | ChemBlink/Alfa-Aesar
[OK] 7783-99-5 | Silver(I)Nitrite | files=1 | ChemBlink/Alfa-Aesar
[OK] 93-72-1 | Silvex | files=1 | ChemBlink/Alfa-Aesar
[OK] 122-34-9 | Simazine | files=1 | ChemBlink/Alfa-Aesar
[OK] 1014-70-6 | Simetryn | files=1 | ChemBlink/Sigma-Aldrich
[OK] 530-59-6 | sinapic acid | files=1 | ChemBlink/Alfa-Aesar
[NOTFOUND] 90669-77-5 | Slack wax (petroleum), acid-treated
[OK] 92062-10-7 | Slack wax (petroleum), low-melting | files=1 | Name-Search (pdf.marketpublishers.com)
[NOTFOUND] 92062-11-8 | Slack wax (petroleum), low-melting, hydrotreated
[OK] 92062-09-4 | Slack wax, petroleum, hydrotreated | files=1 | CAS-Search (chemview.epa.gov)
[OK] 8006-28-8 | Soda lime | files=1 | ChemBlink/Alfa-Aesar
[OK] 7440-23-5 | Sodium | files=1 | ChemBlink/Alfa-Aesar
[OK] 9005-38-3 | SODIUM  ALGINATE | files=1 | ChemBlink/Alfa-Aesar
[OK] 10039-56-2 | SODIUM  HYPOPHOSPHITE MONOHYDRATE | files=1 | ChemBlink/Alfa-Aesar
[OK] 822-16-2 | SODIUM  STEARATE | files=1 | ChemBlink/Alfa-Aesar
[OK] 207596-29-0 | Sodium 1-octanesulfonate monohydrate | files=1 | ChemBlink/Alfa-Aesar
[OK] 2039-96-5 | sodium 2,2-dimethyl-2-silapentane-5-sulfonate | files=1 | ChemBlink/Alfa-Aesar
[NOTFOUND] 4312-97-4 | Sodium 3-chloroacrylate
[OK] 54322-20-2 | Sodium 4-chloro-1-hydroxybutane-1-sulfonate | files=1 | ChemBlink/Apollo
[OK] 2695-37-6 | Sodium 4-vinylbenzenesulfonate | files=1 | ChemBlink/Alfa-Aesar
[OK] 62476-59-9 | SODIUM 5-(2-CHLORO-4-(TRIFLUOROMETHYL)PHENOXY)-2-NITROBENZOATE | files=1 | CAS-Search (file1.lookchem.com)
[OK] 127-09-3 | Sodium acetate anhydrous | files=1 | ChemBlink/Alfa-Aesar
[OK] 6131-90-4 | Sodium acetate trihydrate | files=1 | ChemBlink/Alfa-Aesar
[OK] 23424-28-4 | sodium acetate-1-13C | files=1 | ChemBlink/Sigma-Aldrich
[OK] 1302-42-7 | Sodium aluminate | files=1 | ChemBlink/Alfa-Aesar
[OK] 11110-52-4 | sodium amalgam | files=1 | CAS-Search (www.chemicalbook.com)
[OK] 7782-92-5 | Sodium amide crystalline | files=1 | ChemBlink/Alfa-Aesar
[OK] 7783-13-3 | sodium ammonium hydrogen phosphate tetrahydrate | files=1 | ChemBlink/Sigma-Aldrich
[OK] 10048-95-0 | Sodium Arsenate Dibasic Heptahydrate | files=1 | ChemBlink/Sigma-Aldrich
[OK] 7784-46-5 | Sodium arsenite | files=1 | ChemBlink/Alfa-Aesar
[OK] 26628-22-8 | Sodium azide | files=1 | ChemBlink/Alfa-Aesar
[OK] 873-55-2 | sodium benzenesufinate | files=1 | ChemBlink/Alfa-Aesar
[OK] 532-32-1 | Sodium benzoate | files=1 | ChemBlink/Alfa-Aesar
[OK] 1313-60-6 | Sodium binoxide | files=1 | ChemBlink/Alfa-Aesar
[OK] 577-11-7 | sodium bis(2-ethlyhexyl sulfosuccinate | files=1 | ChemBlink/Alfa-Aesar
[OK] 12232-99-4 | sodium bismuthate hydrate | files=1 | ChemBlink/Alfa-Aesar
[OK] 16940-66-2 | Sodium borohydride | files=1 | ChemBlink/Alfa-Aesar
[OK] 7789-38-0 | Sodium bromate | files=1 | ChemBlink/Alfa-Aesar
[OK] 7647-15-6 | Sodium bromide | files=1 | ChemBlink/Alfa-Aesar
[OK] 497-19-8 | Sodium carbonate | files=1 | ChemBlink/Alfa-Aesar
[OK] 9005-46-3 | sodium caseinate | files=1 | ChemBlink/Alfa-Aesar
[OK] 7775-09-9 | Sodium chlorate | files=1 | ChemBlink/Alfa-Aesar
[OK] 7758-19-2 | Sodium chlorite, unstabilized | files=1 | ChemBlink/Alfa-Aesar
[OK] 3926-62-3 | Sodium chloroacetate | files=1 | ChemBlink/Alfa-Aesar
[OK] 361-09-1 | sodium cholate | files=1 | ChemBlink/Alfa-Aesar
[OK] 206986-87-0 | Sodium cholate hydrate | files=1 | ChemBlink/Alfa-Aesar
[OK] 7775-11-3 | Sodium chromate (VI) | files=1 | ChemBlink/Alfa-Aesar
[OK] 6858-44-2 | sodium citrate, tribasic, hydrate | files=1 | ChemBlink/Sigma-Aldrich
[OK] 917-61-3 | Sodium Cyanate | files=1 | ChemBlink/Alfa-Aesar
[OK] 25895-60-7 | Sodium cyanoborohydride | files=1 | ChemBlink/Alfa-Aesar
[OK] 1002-62-6 | Sodium decanoate | files=1 | ChemBlink/Sigma-Aldrich
[OK] 4418-26-2 | Sodium dehydroacetate | files=1 | ChemBlink/Alfa-Aesar
[OK] 51580-86-0 | Sodium dichloroisocyanurate dihydrate | files=1 | ChemBlink/Sigma-Aldrich
[OK] 10588-01-9 | Sodium dichromate | files=1 | CAS-Search (media.laballey.com)
[OK] 7789-12-0 | Sodium dichromate dihydrate (VI) | files=1 | ChemBlink/Alfa-Aesar
[OK] 15280-09-8 | Sodium dicyanoaurate(I) | files=1 | ChemBlink/Alfa-Aesar
[OK] 7558-80-7 | Sodium dihydrogen phosphate | files=1 | ChemBlink/Alfa-Aesar
[OK] 10049-21-5 | Sodium dihydrogen phosphate monohydrate | files=1 | ChemBlink/Alfa-Aesar
[OK] 6152-67-6 | sodium diphenylaminesulfonate | files=1 | ChemBlink/Alfa-Aesar
[OK] 7775-14-6 | Sodium dithionite | files=1 | ChemBlink/Alfa-Aesar
[OK] 676-46-0 | Sodium DL-malate | files=1 | ChemBlink/Alfa-Aesar
[OK] 629-25-4 | Sodium dodecanoate | files=1 | ChemBlink/Sigma-Aldrich
[OK] 141-52-6 | Sodium ethoxide | files=1 | ChemBlink/Alfa-Aesar
[OK] 7681-49-4 | Sodium fluoride | files=1 | ChemBlink/Alfa-Aesar
[OK] 62-74-8 | Sodium fluoroacetate | files=1 | ChemBlink/Alfa-Aesar
[OK] 10163-15-2 | Sodium fluorophosphate | files=1 | ChemBlink/Alfa-Aesar
[OK] 16893-85-9 | Sodium fluorosilicate | files=1 | ChemBlink/Alfa-Aesar
[OK] 141-53-7 | Sodium formate | files=1 | ChemBlink/Alfa-Aesar
[OK] 527-07-1 | Sodium gluconate | files=1 | ChemBlink/Alfa-Aesar
[OK] 19567-78-3 | Sodium hexachloroiridate(IV) hexahydrate | files=1 | ChemBlink/Alfa-Aesar
[OK] 13775-53-6 | Sodium hexafluoroaluminate | files=1 | ChemBlink/Alfa-Aesar
[OK] 10124-56-8 | Sodium Hexametaphosphate | files=1 | ChemBlink/Alfa-Aesar
[OK] 13600-98-1 | Sodium hexanitritocobaltate(III) | files=1 | ChemBlink/Sigma-Aldrich
[OK] 7646-69-7 | Sodium hydride | files=1 | ChemBlink/Alfa-Aesar
[OK] 144-55-8 | Sodium hydrogen carbonate | files=1 | ChemBlink/Alfa-Aesar
[OK] 10028-24-7 | Sodium hydrogen phosphate dihydrate | files=1 | ChemBlink/Sigma-Aldrich
[OK] 10039-32-4 | Sodium hydrogen phosphate dodecahydrate | files=1 | ChemBlink/Sigma-Aldrich
[OK] 7782-82-3 | Sodium hydrogen selenite | files=1 | ChemBlink/Alfa-Aesar
[OK] 7681-38-1 | Sodium hydrogen sulfate | files=1 | ChemBlink/Alfa-Aesar
[OK] 10034-88-5 | Sodium hydrogen sulfate monohydrate | files=1 | ChemBlink/Alfa-Aesar
[OK] 7631-90-5 | Sodium hydrogen sulfite | files=1 | ChemBlink/Sigma-Aldrich
[OK] 12200-64-5 | Sodium hydroxide monohydrate | files=1 | CAS-Search (www.chemicalbook.com)
[OK] 7681-52-9 | Sodium hypochlorite | files=1 | ChemBlink/Alfa-Aesar
[OK] 7681-53-0 | Sodium hypophosphite | files=1 | ChemBlink/Sigma-Aldrich
[OK] 7681-55-2 | Sodium iodate | files=1 | ChemBlink/Alfa-Aesar
[OK] 7681-82-5 | Sodium iodide | files=1 | ChemBlink/Alfa-Aesar
[OK] 134-03-2 | Sodium L-ascorbate (+) | files=1 | ChemBlink/Alfa-Aesar
[OK] 867-56-1 | sodium L-lactate | files=1 | ChemBlink/Alfa-Aesar
[OK] 72-17-3 | Sodium lactate | files=1 | ChemBlink/Alfa-Aesar
[OK] 151-21-3 | Sodium lauryl sulfate | files=1 | ChemBlink/Alfa-Aesar
[OK] 371-47-1 | Sodium maleate dibasic | files=1 | ChemBlink/Alfa-Aesar
[OK] 141-95-7 | Sodium Malonate | files=1 | ChemBlink/Alfa-Aesar
[OK] 7790-28-5 | Sodium meta-periodate | files=1 | ChemBlink/Alfa-Aesar
[OK] 7681-57-4 | Sodium metabisulfite | files=1 | ChemBlink/Alfa-Aesar
[OK] 6834-92-0 | Sodium metasilicate | files=1 | ChemBlink/Alfa-Aesar
[OK] 13718-26-8 | Sodium metavanadate | files=1 | ChemBlink/Alfa-Aesar
[OK] 10102-40-6 | Sodium molybdate-2-hydrate | files=1 | ChemBlink/Alfa-Aesar
[OK] 7631-99-4 | Sodium nitrate | files=1 | ChemBlink/Alfa-Aesar
[OK] 7632-00-0 | Sodium nitrite | files=1 | ChemBlink/Alfa-Aesar
[OK] 13755-38-9 | Sodium nitroprusside dihydrate | files=1 | ChemBlink/Alfa-Aesar
[OK] 62-76-0 | Sodium oxalate | files=1 | ChemBlink/Alfa-Aesar
[OK] 1313-59-3 | Sodium oxide | files=1 | ChemBlink/Alfa-Aesar
[OK] 824-78-2 | Sodium p-Nitrophenol | files=1 | ChemBlink/Oakwood
[OK] 131-52-2 | Sodium Pentachlorophenate | files=1 | ChemBlink/Alfa-Aesar
[OK] 15630-89-4 | sodium percarbonate | files=1 | ChemBlink/Alfa-Aesar
[OK] 7601-89-0 | Sodium perchlorate | files=1 | ChemBlink/Alfa-Aesar
[OK] 7791-07-3 | Sodium perchlorate monohydrate | files=1 | ChemBlink/Alfa-Aesar
[OK] 7775-27-1 | Sodium peroxydisulfate | files=1 | ChemBlink/Alfa-Aesar
[OK] 10101-89-0 | Sodium phosphate dodecahydrate | files=1 | ChemBlink/Alfa-Aesar
[OK] 13472-35-0 | Sodium phosphate monobasic dihydrate | files=1 | ChemBlink/Alfa-Aesar
[OK] 50813-16-6 | Sodium Polymetaphosphate | files=1 | CAS-Search (file1.lookchem.com)
[OK] 68915-31-1 | Sodium polyphosphate | files=1 | ChemBlink/Sigma-Aldrich
[OK] 1344-08-7 | Sodium polysulfides | files=1 | CAS-Search (pim-resources.coleparmer.com)
[OK] 137-40-6 | Sodium propionate | files=1 | ChemBlink/Alfa-Aesar
[OK] 7722-88-5 | Sodium pyrophosphate | files=1 | ChemBlink/Alfa-Aesar
[OK] 113-24-6 | Sodium pyruvate | files=1 | ChemBlink/Alfa-Aesar
[OK] 54-21-7 | sodium salicylate | files=1 | ChemBlink/Alfa-Aesar
[OK] 10102-18-8 | Sodium selenite | files=1 | ChemBlink/Alfa-Aesar
[OK] 1344-09-8 | Sodium silicate | files=1 | ChemBlink/Sigma-Aldrich
[OK] 12058-66-1 | Sodium stannate | files=1 | ChemBlink/Alfa-Aesar
[OK] 150-90-3 | Sodium succinate | files=1 | ChemBlink/Sigma-Aldrich
[OK] 6106-21-4 | Sodium succinate hexahydrate | files=1 | ChemBlink/Alfa-Aesar
[OK] 7757-82-6 | Sodium sulfate | files=1 | ChemBlink/Alfa-Aesar
[OK] 1313-84-4 | Sodium sulfide nonahydrate | files=1 | ChemBlink/Alfa-Aesar
[OK] 7757-83-7 | Sodium sulfite | files=1 | ChemBlink/Alfa-Aesar
[OK] 868-18-8 | SODIUM TARTRATE | files=1 | ChemBlink/Sigma-Aldrich
[OK] 865-48-5 | Sodium tert-butoxide | files=1 | ChemBlink/Alfa-Aesar
[OK] 1303-96-4 | Sodium tetraborate decahydrate | files=1 | ChemBlink/Alfa-Aesar
[OK] 10026-00-3 | Sodium tetrachloroplatinate(II) tetrahydrate | files=1 | ChemBlink/Alfa-Aesar
[OK] 13755-29-8 | Sodium tetrafluoroborate | files=1 | ChemBlink/Alfa-Aesar
[OK] 143-66-8 | Sodium tetraphenyl borate | files=1 | ChemBlink/Alfa-Aesar
[OK] 10101-91-4 | Sodium thioantimonate(V) nonahydrate | files=1 | CAS-Search (www.chemicalbook.com)
[OK] 540-72-7 | sodium thiocyanate | files=1 | ChemBlink/Alfa-Aesar
[OK] 7772-98-7 | Sodium thiosulfate anhydrous | files=1 | ChemBlink/Alfa-Aesar
[OK] 10102-17-7 | Sodium thiosulfate pentahydrate | files=1 | ChemBlink/Alfa-Aesar
[OK] 56553-60-7 | Sodium triacetoxyborohydride | files=1 | ChemBlink/Alfa-Aesar
[OK] 10213-10-2 | Sodium tungstate dihydrate | files=1 | ChemBlink/Alfa-Aesar
[OK] 6106-41-8 | Sodium valerate | files=1 | CAS-Search (www.chemicalbook.com)
[OK] 2538-85-4 | solochrome dark blue | files=1 | ChemBlink/Carl-Roth
[OK] 101316-80-7 | Solvent naphtha (petroleum), hydrocracked heavy arom. | files=1 | Name-Search (www.chemicalbook.com)
[NOTFOUND] 101316-82-9 | Solvent naphtha (petroleum), hydrodesulfurized medium
[NOTFOUND] 64742-96-7 | Solvent naphtha, petroleum, heavy aliph.
[NOTFOUND] 64742-63-8 | solvent-dewaxed heavy naphthenic distillate
[OK] 64742-56-9 | solvent-dewaxed light paraffinic distillate | files=1 | CAS-Search (msds.ergon.com)
[OK] 64742-62-7 | solvent-dewaxed residual oil | files=1 | CAS-Search (msds.ergon.com)
[OK] 64741-96-4 | solvent-refined heavy naphthenic distillate | files=1 | CAS-Search (www.crcindustries.com)
[OK] 64741-88-4 | solvent-refined heavy paraffinic distillate | files=1 | CAS-Search (www.crcindustries.com)
[OK] 96-64-0 | Soman | files=1 | Name-Search (pdf.benchchem.com)
[OK] 8001-22-7 | Soybean Oil | files=1 | ChemBlink/Alfa-Aesar
[OK] 61840-62-8 | SP Sephadex® | files=1 | ChemBlink/Sigma-Aldrich
[OK] 129-56-6 | SP600125 | files=1 | ChemBlink/Alfa-Aesar
[OK] 26266-57-9 | span 40 | files=1 | ChemBlink/Sigma-Aldrich
[OK] 1338-41-6 | span 60 | files=1 | ChemBlink/Alfa-Aesar
[OK] 1338-43-8 | Span 80 | files=1 | ChemBlink/Alfa-Aesar
[OK] 26266-58-0 | Span 85 | files=1 | ChemBlink/Sigma-Aldrich
[OK] 22189-32-8 | Spectinomycin dihydrochloride pentahydrate | files=1 | ChemBlink/Alfa-Aesar
[OK] 124-20-9 | Spermidine | files=1 | ChemBlink/Alfa-Aesar
[OK] 71-44-3 | Spermine | files=1 | ChemBlink/Alfa-Aesar
[OK] 89331-94-2 | Spiro(isobenzofuran-1(3H),9'-(9H)xanthen)-3-one, 6'-(dibutylamino)-3'-methyl-2'-(phenylamino)- | files=1 | ChemBlink/Ambeed
[OK] 7440-57-5 | Standard Solution of Gold | files=1 | ChemBlink/Alfa-Aesar
[OK] 7646-78-8 | Stannic chloride | files=1 | ChemBlink/Alfa-Aesar
[OK] 301-10-0 | stannous octoate | files=1 | ChemBlink/Alfa-Aesar
[OK] 21651-19-4 | Stannous oxide | files=1 | ChemBlink/Alfa-Aesar
[OK] 81406-37-3 | Starane | files=1 | ChemBlink/Sigma-Aldrich
[OK] 9005-25-8 | starch | files=1 | ChemBlink/Alfa-Aesar
[OK] 9005-84-9 | Starch, soluble | files=1 | ChemBlink/Alfa-Aesar
[NOTFOUND] 64742-90-1 | steam-cracked residue
[OK] 57-11-4 | Stearic acid | files=1 | ChemBlink/Alfa-Aesar
[OK] 112-76-5 | Stearoyl chloride | files=1 | ChemBlink/Alfa-Aesar
[OK] 32360-05-7 | Stearyl methacrylate | files=1 | ChemBlink/Sigma-Aldrich
[OK] 2778-96-3 | Stearyl stearate | files=1 | ChemBlink/Sigma-Aldrich
[OK] 83-48-7 | stigmasterol | files=1 | ChemBlink/Sigma-Aldrich
[OK] 1439-07-2 | stilbene oxide, trans- | files=1 | ChemBlink/Sigma-Aldrich
[OK] 9013-20-1 | streptavidin | files=1 | ChemBlink/Alfa-Aesar
[OK] 3810-74-0 | Streptomycin sulfate | files=1 | ChemBlink/Alfa-Aesar
[OK] 18883-66-4 | Streptozocin | files=1 | ChemBlink/Alfa-Aesar
[OK] 8001-50-1 | Strobane (polychloroterpenes) | files=1 | ChemBlink/Accu-Standard
[OK] 7440-24-6 | Strontium | files=1 | ChemBlink/Alfa-Aesar
[OK] 543-94-2 | strontium acetate | files=1 | ChemBlink/Alfa-Aesar
[OK] 1633-05-2 | Strontium carbonate | files=1 | ChemBlink/Alfa-Aesar
[OK] 10476-85-4 | Strontium chloride | files=1 | ChemBlink/Alfa-Aesar
[OK] 10025-70-4 | strontium chloride hexahydrate | files=1 | ChemBlink/Alfa-Aesar
[OK] 10042-76-9 | Strontium nitrate | files=1 | ChemBlink/Alfa-Aesar
[OK] 1314-11-0 | strontium oxide | files=1 | ChemBlink/Alfa-Aesar
[OK] 7759-02-6 | strontium sulfate | files=1 | ChemBlink/Alfa-Aesar
[OK] 10098-97-2 | Strontium-90 (Sr-90) | files=1 | Name-Search (stacks.cdc.gov)
[OK] 11005-63-3 | Strophanthin-K | files=1 | ChemBlink/Sigma-Aldrich
[OK] 57-24-9 | Strychnine | files=1 | ChemBlink/Sigma-Aldrich
[OK] 60-41-3 | Strychnine sulfate | files=1 | ChemBlink/Carl-Roth
[OK] 82-71-3 | Styphnic acid | files=1 | CAS-Search (www.chemos.de)
[OK] 100-42-5 | Styrene | files=1 | ChemBlink/Alfa-Aesar
[OK] 93-52-7 | styrene dibromide | files=1 | ChemBlink/Alfa-Aesar
[OK] 96-09-3 | Styrene oxide | files=1 | ChemBlink/Alfa-Aesar
[OK] 9003-70-7 | Styrene-divinylbenzene Copolymer | files=1 | ChemBlink/Alfa-Aesar
[OK] 629-40-3 | Suberonitrile | files=1 | ChemBlink/Alfa-Aesar
[OK] 110-15-6 | Succinic acid | files=1 | ChemBlink/Alfa-Aesar
[OK] 108-30-5 | Succinic anhydride | files=1 | ChemBlink/Alfa-Aesar
[OK] 543-20-4 | Succinyl dichloride | files=1 | ChemBlink/Alfa-Aesar
[OK] 6101-15-1 | succinylcholine chloride | files=1 | ChemBlink/Sigma-Aldrich
[OK] 57-50-1 | Sucrose | files=1 | ChemBlink/Alfa-Aesar
[OK] 4197-25-5 | Sudan black B | files=1 | ChemBlink/Alfa-Aesar
[OK] 842-07-9 | Sudan I | files=1 | ChemBlink/Sigma-Aldrich
[OK] 85-86-9 | Sudan III | files=1 | ChemBlink/Alfa-Aesar
[OK] 85-83-6 | Sudan IV | files=1 | ChemBlink/Alfa-Aesar
[OK] 99105-77-8 | Sulcotrione | files=1 | ChemBlink/Sigma-Aldrich
[OK] 127-77-5 | Sulfabenz | files=1 | ChemBlink/Matrix
[OK] 127-71-9 | Sulfabenzamide | files=1 | ChemBlink/Sigma-Aldrich
[OK] 116-45-0 | Sulfabromomethazine | files=1 | CAS-Search (www.angenechemical.com)
[OK] 144-80-9 | Sulfacetamide | files=1 | ChemBlink/Alfa-Aesar
[OK] 80-32-0 | Sulfachloropyridazine | files=1 | ChemBlink/Sigma-Aldrich
[OK] 17784-12-2 | Sulfacytine | files=1 | CAS-Search (file.medchemexpress.com)
[OK] 115-68-4 | Sulfadicramide | files=1 | Name-Search (pdf.benchchem.com)
[OK] 68-35-9 | Sulfaduazine | files=1 | ChemBlink/Alfa-Aesar
[OK] 57-67-0 | Sulfaguanidine | files=1 | ChemBlink/Sigma-Aldrich
[NOTFOUND] 27031-08-9 | Sulfaguanole
[OK] 152-47-6 | Sulfalene | files=1 | ChemBlink/Matrix
[OK] 95-06-7 | Sulfallate | files=1 | ChemBlink/Sigma-Aldrich
[NOTFOUND] 14376-16-0 | Sulfaloxic acid
[OK] 127-79-7 | Sulfamerazine | files=1 | ChemBlink/Alfa-Aesar
[OK] 651-06-9 | Sulfameter | files=1 | ChemBlink/Sigma-Aldrich
[OK] 57-68-1 | Sulfamethazine | files=1 | ChemBlink/Alfa-Aesar
[OK] 144-82-1 | Sulfamethiazole | files=1 | ChemBlink/Sigma-Aldrich
[OK] 3772-76-7 | Sulfamethomidine | files=1 | Name-Search (www.chemeo.com)
[OK] 723-46-6 | Sulfamethoxazole | files=1 | ChemBlink/Alfa-Aesar
[OK] 80-35-3 | Sulfamethoxypyridazine | files=1 | ChemBlink/Sigma-Aldrich
[NOTFOUND] 515-59-3 | Sulfamethylthiazole
[OK] 5329-14-6 | Sulfamic acid | files=1 | ChemBlink/Alfa-Aesar
[OK] 1220-83-3 | sulfamonomethoxine | files=1 | ChemBlink/Alfa-Aesar
[OK] 729-99-7 | Sulfamoxole | files=1 | ChemBlink/Sigma-Aldrich
[OK] 63-74-1 | Sulfanilamide | files=1 | ChemBlink/Alfa-Aesar
[OK] 121-57-3 | Sulfanilic acid | files=1 | ChemBlink/Alfa-Aesar
[OK] 547-44-4 | Sulfanilylurea | files=1 | ChemBlink/Sigma-Aldrich
[OK] 122-16-7 | Sulfanitran | files=1 | ChemBlink/Sigma-Aldrich
[OK] 526-08-9 | Sulfaphenazole | files=1 | ChemBlink/Sigma-Aldrich
[OK] 116-42-7 | Sulfaproxyline | files=1 | ChemBlink/Ambeed
[OK] 144-83-2 | Sulfapyridine | files=1 | ChemBlink/Sigma-Aldrich
[OK] 59-40-5 | Sulfaquinoxaline | files=1 | ChemBlink/Sigma-Aldrich
[OK] 599-79-1 | Sulfasalazine | files=1 | ChemBlink/Sigma-Aldrich
[OK] 72-14-0 | Sulfathiazole | files=1 | ChemBlink/Alfa-Aesar
[OK] 852-19-7 | Sulfazamet | files=1 | CAS-Search (www.angenechemical.com)
[OK] 515-64-0 | Sulfisomidine | files=1 | ChemBlink/Sigma-Aldrich
[OK] 127-69-5 | Sulfisoxazole | files=1 | ChemBlink/Sigma-Aldrich
[OK] 126-33-0 | Sulfolane | files=1 | ChemBlink/Alfa-Aesar
[OK] 66796-30-3 | sulfonated tetra fluoroethylene | files=1 | ChemBlink/Alfa-Aesar
[OK] 164581-28-6 | sulfonazo III sodium salt | files=1 | ChemBlink/Biosynth
[NOTFOUND] 471-03-4 | Sulfone, bis(2-chloroethyl)
[OK] 81591-81-3 | Sulfosate | files=1 | CAS-Search (www.wisnerbaum.com)
[OK] 7704-34-9 | Sulfur | files=1 | ChemBlink/Alfa-Aesar
[OK] 10545-99-0 | Sulfur dichloride | files=1 | CAS-Search (www.nouryon.com)
[OK] 7446-09-5 | Sulfur dioxide | files=1 | ChemBlink/Alfa-Aesar
[OK] 2551-62-4 | Sulfur hexafluoride | files=1 | ChemBlink/Alfa-Aesar
[OK] 10025-67-9 | Sulfur monochloride | files=1 | ChemBlink/Sigma-Aldrich
[OK] 5714-22-7 | Sulfur pentafluoride | files=1 | Name-Search (www.chemicalbook.com)
[OK] 7446-11-9 | Sulfur trioxide | files=1 | ChemBlink/Sigma-Aldrich
[OK] 8014-95-7 | Sulfuric acid (fuming) | files=1 | ChemBlink/Alfa-Aesar
[OK] 7782-99-2 | Sulfurous acid 5-6% SO2 | files=1 | ChemBlink/Alfa-Aesar
[OK] 7791-25-5 | Sulfuryl chloride | files=1 | ChemBlink/Alfa-Aesar
[OK] 35400-43-2 | Sulprofos | files=1 | ChemBlink/Sigma-Aldrich
[OK] 9054-89-1 | superoxide dismutase | files=1 | ChemBlink/Alfa-Aesar
[OK] 1918-18-9 | Swep | files=1 | ChemBlink/Sigma-Aldrich
[OK] 163795-75-3 | SYBR® Green I nucleic acid gel stain | files=1 | ChemBlink/Sigma-Aldrich
[OK] 75-85-4 | t-Amyl alcohol | files=1 | ChemBlink/Alfa-Aesar
[OK] 75-65-0 | t-Butyl alcohol | files=1 | ChemBlink/Alfa-Aesar
[OK] 21259-20-1 | T2 toxin | files=1 | ChemBlink/Sigma-Aldrich
[OK] 68307-98-2 | Tail gas, petroleum, catalytic cracked distillate and catalytic cracked naphtha fractionation abso | files=1 | CAS-Search (www.chemicalbook.com)
[NOTFOUND] 68952-77-2 | Tail gas, petroleum, catalytic cracked distillate and naphtha stabilizer
[NOTFOUND] 68478-22-8 | Tail gas, petroleum, catalytic cracked naphtha stabilization absorber
[NOTFOUND] 68478-25-1 | Tail gas, petroleum, catalytic cracker refractionation absorber
[NOTFOUND] 68478-24-0 | Tail gas, petroleum, catalytic cracker, catalytic reformer and hydrodesulfurizer combined fraction
[NOTFOUND] 68952-79-4 | Tail gas, petroleum, catalytic hydrodesulfurized naphtha separator
[NOTFOUND] 68308-00-9 | Tail gas, petroleum, catalytic reformed naphtha fractionation stabilizer, hydrogen sulfide-free
[NOTFOUND] 68478-27-3 | Tail gas, petroleum, catalytic reformed naphtha separator
[NOTFOUND] 68478-28-4 | Tail gas, petroleum, catalytic reformed naphtha stabilizer
[NOTFOUND] 68478-29-5 | Tail gas, petroleum, cracked distillate hydrotreater separator
[NOTFOUND] 68308-01-0 | Tail gas, petroleum, cracked distillate hydrotreater stripper
[NOTFOUND] 68308-03-2 | Tail gas, petroleum, gas oil catalytic cracking absorber
[NOTFOUND] 68308-04-3 | Tail gas, petroleum, gas recovery plant
[NOTFOUND] 68308-07-6 | Tail gas, petroleum, hydrodesulfurized vacuum gas oil stripper, hydrogen sulfide-free
[NOTFOUND] 68308-08-7 | Tail gas, petroleum, isomerized naphtha fractionation stabilizer
[NOTFOUND] 68308-09-8 | Tail gas, petroleum, light straight-run naphtha stabilizer, hydrogen sulfide-free
[OK] 68308-11-2 | Tail gas, petroleum, propane-propylene alkylation feed prep deethanizer | files=1 | CAS-Search (www.ichemistry.cn)
[OK] 68478-32-0 | Tail gas, petroleum, saturate gas plant mixed stream, C4-rich | files=1 | CAS-Search (www.ichemistry.cn)
[NOTFOUND] 68308-10-1 | Tail gas, petroleum, straight-run distillate hydrodesulfurizer, hydrogen sulfide-free
[NOTFOUND] 68952-80-7 | Tail gas, petroleum, straight-run naphtha hydrodesulfurizer
[NOTFOUND] 68952-82-9 | Tail gas, petroleum, thermal cracked hydrocarbon fractionation stabilizer, petroleum coking
[NOTFOUND] 68308-12-3 | Tail gas, petroleum, vacuum gas oil hydrodesulfurizer, hydrogen sulfide-free
[NOTFOUND] 68478-34-2 | Tail gas, petroleum, vacuum residues thermal cracker
[OK] 14807-96-6 | Talc | files=1 | ChemBlink/Alfa-Aesar
[OK] 7721-01-9 | Tantalum(V) chloride | files=1 | ChemBlink/Alfa-Aesar
[OK] 9012-90-2 | Taq  polymerase | files=1 | ChemBlink/Alfa-Aesar
[OK] 84989-07-1 | Tar acids, 3,5-xylenol fraction | files=1 | Name-Search (www.chemicalbook.com)
[NOTFOUND] 96690-55-0 | Tar acids, distn. residues
[OK] 84989-03-7 | Tar acids, ethylphenol fraction | files=1 | Name-Search (www.chemicalbook.com)
[OK] 84989-04-8 | Tar acids, methylphenol fraction | files=1 | CAS-Search (rojanmarketing.com)
[OK] 84989-05-9 | Tar acids, polyalkylphenol fraction | files=1 | CAS-Search (redox.com)
[OK] 84989-06-0 | Tar acids, xylenol fraction | files=1 | Name-Search (www.chemicalbook.com)
[OK] 92062-29-8 | Tar bases, coal, distn. residues | files=1 | Name-Search (www.chemicalbook.com)
[OK] 92062-33-4 | Tar bases, coal, picoline fraction | files=1 | Name-Search (www.chemicalbook.com)
[OK] 101316-83-0 | Tar, brown-coal | files=1 | Name-Search (www.chemicalbook.com)
[OK] 101316-84-1 | Tar, brown-coal, low-temp. | files=1 | Name-Search (www.chemicalbook.com)
[NOTFOUND] 68990-61-4 | Tar, coal, high-temp, high-solids
[NOTFOUND] 100684-51-3 | Tar, coal, high-temp., residues
[OK] 101316-85-2 | Tar, coal, low-temp., distn. residues | files=1 | Name-Search (www.chemicalbook.com)
[OK] 65996-89-6 | Tar,coal,high-temp | files=1 | CAS-Search (chane.eu)
[OK] 1934-21-0 | Tartrazine | files=1 | ChemBlink/Alfa-Aesar
[OK] 102851-06-9 | tau-Fluvalinate | files=1 | ChemBlink/Sigma-Aldrich
[OK] 345909-26-4 | Taurocholic acid sodium salt hydrate | files=1 | ChemBlink/Alfa-Aesar
[OK] 564483-19-8 | tBuXPhos | files=1 | ChemBlink/Alfa-Aesar
[NOTFOUND] 80443-41-0 | Tebeconazole
[OK] 107534-96-3 | Tebuconazole | files=1 | ChemBlink/Sigma-Aldrich
[OK] 112410-23-8 | Tebufenozide | files=1 | ChemBlink/Sigma-Aldrich
[OK] 34014-18-1 | Tebuthiuron | files=1 | ChemBlink/Sigma-Aldrich
[OK] 3689-24-5 | TEDP | files=1 | ChemBlink/Sigma-Aldrich
[OK] 61036-62-2 | Teicoplanin | files=1 | ChemBlink/Alfa-Aesar
[OK] 13494-80-9 | Tellurium | files=1 | ChemBlink/Alfa-Aesar
[OK] 7783-80-4 | Tellurium hexafluoride | files=1 | Name-Search (chemstock.ae)
[OK] 10026-07-0 | Tellurium(IV) chloride | files=1 | ChemBlink/Alfa-Aesar
[OK] 7446-07-3 | Tellurium(IV) oxide | files=1 | ChemBlink/Alfa-Aesar
[OK] 108319-06-8 | Temafloxacin | files=1 | CAS-Search (cdn.caymanchem.com)
[OK] 3383-96-8 | Temephos | files=1 | ChemBlink/Sigma-Aldrich
[OK] 107-49-3 | TEPP | files=1 | ChemBlink/Sigma-Aldrich
[OK] 149979-41-9 | Tepraloxydim | files=1 | ChemBlink/Sigma-Aldrich
[OK] 13798-24-8 | Terbium(III) chloride hexahydrate | files=1 | ChemBlink/Alfa-Aesar
[OK] 13071-79-9 | Terbufos | files=1 | ChemBlink/Sigma-Aldrich
[OK] 33693-04-8 | Terbumeton | files=1 | ChemBlink/Sigma-Aldrich
[OK] 5915-41-3 | Terbuthylazine | files=1 | ChemBlink/Sigma-Aldrich
[OK] 886-50-0 | Terbutryn | files=1 | ChemBlink/Sigma-Aldrich
[OK] 623-27-8 | terephthaldicarboxaldehyde | files=1 | ChemBlink/Alfa-Aesar
[OK] 100-21-0 | Terephthalic acid | files=1 | ChemBlink/Alfa-Aesar
[OK] 100-20-9 | Terephthaloyl dichloride | files=1 | ChemBlink/Alfa-Aesar
[OK] 68131-40-8 | Tergital 15-s-5 | files=1 | ChemBlink/Carl-Roth
[OK] 127087-87-0 | Tergitol® | files=1 | ChemBlink/Sigma-Aldrich
[OK] 59653-74-6 | Teroxirone | files=1 | Name-Search (www.apexbt.com)
[OK] 26140-60-3 | Terphenyls | files=1 | CAS-Search (www.cargille.com)
[OK] 8000-41-7 | Terpineol | files=1 | ChemBlink/Alfa-Aesar
[OK] 540-88-5 | tert-Butyl acetate | files=1 | ChemBlink/Alfa-Aesar
[OK] 1694-31-1 | tert-Butyl acetoacetate | files=1 | ChemBlink/Alfa-Aesar
[OK] 1663-39-4 | tert-Butyl acrylate | files=1 | ChemBlink/Alfa-Aesar
[OK] 5292-43-3 | tert-Butyl bromoacetate | files=1 | ChemBlink/Alfa-Aesar
[OK] 107-59-5 | tert-Butyl chloroacetate | files=1 | ChemBlink/Alfa-Aesar
[OK] 1189-85-1 | tert-Butyl chromate | files=1 | CAS-Search (file1.lookchem.com)
[OK] 762-75-4 | Tert-butyl formate | files=1 | ChemBlink/Sigma-Aldrich
[OK] 7665-72-7 | tert-Butyl glycidyl ether | files=1 | ChemBlink/Sigma-Aldrich
[OK] 75-91-2 | tert-Butyl hydroperoxide | files=1 | ChemBlink/Alfa-Aesar
[OK] 1948-33-0 | tert-Butyl hydroquinone | files=1 | ChemBlink/Alfa-Aesar
[OK] 75-66-1 | tert-Butyl mercaptan | files=1 | ChemBlink/Sigma-Aldrich
[OK] 1634-04-4 | tert-Butyl methyl ether | files=1 | ChemBlink/Alfa-Aesar
[OK] 540-80-7 | tert-Butyl nitrite | files=1 | ChemBlink/Alfa-Aesar
[OK] 614-45-9 | tert-Butyl perbenzoate | files=1 | ChemBlink/Alfa-Aesar
[OK] 107-71-1 | tert-Butyl peroxyacetate | files=1 | CAS-Search (www.chemicalbook.com)
[NOTFOUND] 109-13-7 | tert-Butyl peroxyisobutyrate
[OK] 20487-40-5 | tert-butyl propionate | files=1 | ChemBlink/Sigma-Aldrich
[OK] 35000-38-5 | tert-Butyl triphenylphosphoranylideneacetate | files=1 | ChemBlink/Alfa-Aesar
[OK] 18162-48-6 | tert-Butylchlorodimethylsilane | files=1 | ChemBlink/Alfa-Aesar
[OK] 69739-34-0 | tert-Butyldimethylsilyl trifluoromethanesulfonate | files=1 | ChemBlink/Alfa-Aesar
[OK] 594-19-4 | tert-Butyllithium | files=1 | ChemBlink/Alfa-Aesar
[OK] 110-05-4 | tert-Butylperoxide | files=1 | ChemBlink/Sigma-Aldrich
[OK] 25103-58-6 | tert-Dodecylmercaptan | files=1 | ChemBlink/Sigma-Aldrich
[OK] 70331-82-7 | TES sodium salt | files=1 | ChemBlink/Alfa-Aesar
[OK] 58-22-0 | Testosterone | files=1 | ChemBlink/Sigma-Aldrich
[OK] 1045-69-8 | Testosterone acetate | files=1 | CAS-Search (cdn.caymanchem.com)
[OK] 14866-33-2 | tetra-n-octylammonium bromide | files=1 | ChemBlink/Alfa-Aesar
[OK] 4499-86-9 | Tetra-n-propylammonium hydroxide | files=1 | ChemBlink/Alfa-Aesar
[OK] 7393-43-3 | tetraallylstannane | files=1 | ChemBlink/Alfa-Aesar
[OK] 13933-31-8 | tetraamine palladium (II) chloride | files=1 | ChemBlink/Alfa-Aesar
[OK] 20634-12-2 | tetraamineplatinum(II)nitrate | files=1 | ChemBlink/Alfa-Aesar
[OK] 13601-08-6 | Tetraamminepalladium(II) nitrate solution | files=1 | ChemBlink/Alfa-Aesar
[OK] 79-94-7 | Tetrabromobisphenol A | files=1 | ChemBlink/Alfa-Aesar
[OK] 4766-57-8 | Tetrabutoxysilane | files=1 | ChemBlink/Alfa-Aesar
[OK] 1643-19-2 | Tetrabutylammonium bromide | files=1 | ChemBlink/Alfa-Aesar
[OK] 87749-50-6 | tetrabutylammonium fluoride trihydrate | files=1 | ChemBlink/Alfa-Aesar
[OK] 3109-63-5 | tetrabutylammonium hexafluorophosphate | files=1 | ChemBlink/Alfa-Aesar
[OK] 32503-27-8 | tetrabutylammonium hydrogen sulfate solution | files=1 | ChemBlink/Alfa-Aesar
[OK] 2052-49-5 | tetrabutylammonium hydroxide solution | files=1 | ChemBlink/Alfa-Aesar
[OK] 311-28-4 | Tetrabutylammonium iodide | files=1 | ChemBlink/Alfa-Aesar
[OK] 429-42-5 | Tetrabutylammonium tetrafluoroborate | files=1 | ChemBlink/Alfa-Aesar
[OK] 1461-25-2 | tetrabutyltin | files=1 | ChemBlink/Alfa-Aesar
[OK] 127-18-4 | Tetrachloroethylene | files=1 | ChemBlink/Alfa-Aesar
[OK] 22432-68-4 | Tetrachloroethylene carbonate | files=1 | ChemBlink/Oakwood
[OK] 117-08-8 | Tetrachlorophthalic Anhydride | files=1 | ChemBlink/Alfa-Aesar
[OK] 22248-79-9 | Tetrachlorvinphos | files=1 | ChemBlink/Sigma-Aldrich
[OK] 112281-77-3 | Tetraconazole | files=1 | ChemBlink/Sigma-Aldrich
[OK] 646-31-1 | tetracosane | files=1 | ChemBlink/Alfa-Aesar
[OK] 670-54-2 | Tetracyanoethylene | files=1 | ChemBlink/Alfa-Aesar
[OK] 60-54-8 | Tetracycline | files=1 | ChemBlink/Alfa-Aesar
[OK] 64-75-5 | Tetracycline hydrochloride | files=1 | ChemBlink/Alfa-Aesar
[OK] 629-59-4 | Tetradecane | files=1 | ChemBlink/Alfa-Aesar
[OK] 2016-42-4 | tetradecylamine | files=1 | ChemBlink/Alfa-Aesar
[OK] 116-29-0 | Tetradifon | files=1 | ChemBlink/Sigma-Aldrich
[OK] 78-00-2 | Tetraethyl lead | files=1 | ChemBlink/Gelest
[OK] 78-09-1 | Tetraethyl orthocarbonate | files=1 | ChemBlink/Alfa-Aesar
[OK] 78-10-4 | Tetraethyl orthosilicate | files=1 | ChemBlink/Alfa-Aesar
[OK] 13435-20-6 | Tetraethylammonium cyanide | files=1 | ChemBlink/Sigma-Aldrich
[OK] 77-98-5 | Tetraethylammonium hydroxide | files=1 | ChemBlink/Alfa-Aesar
[OK] 1923-70-2 | tetraethylammonium perchlorate | files=1 | ChemBlink/Alfa-Aesar
[OK] 112-60-7 | Tetraethylene glycol | files=1 | ChemBlink/Alfa-Aesar
[OK] 112-57-2 | Tetraethylene pentamine | files=1 | ChemBlink/Sigma-Aldrich
[OK] 597-64-8 | Tetraethylstannane | files=1 | ChemBlink/Alfa-Aesar
[OK] 97-77-8 | Tetraethylthiuram disulfide | files=1 | ChemBlink/Alfa-Aesar
[OK] 4328-13-6 | Tetrahexylammonium bromide | files=1 | ChemBlink/Alfa-Aesar
[OK] 15553-50-1 | tetrahexylammonium tetrafluoroborate | files=1 | ChemBlink/Sigma-Aldrich
[OK] 97-99-4 | Tetrahydro-2-furanmethanol | files=1 | ChemBlink/Alfa-Aesar
[OK] 29943-42-8 | Tetrahydro-4H-pyran-4-one | files=1 | ChemBlink/Alfa-Aesar
[OK] 109-99-9 | Tetrahydrofuran | files=1 | ChemBlink/Alfa-Aesar
[OK] 104-80-3 | Tetrahydrofuran-2,5-diyldimethanol | files=1 | ChemBlink/Ambeed
[OK] 3003-84-7 | Tetrahydrofurfuryl chloride | files=1 | ChemBlink/Alfa-Aesar
[OK] 4795-29-3 | Tetrahydrofurfurylamine | files=1 | ChemBlink/Alfa-Aesar
[OK] 142-68-7 | Tetrahydropyran | files=1 | ChemBlink/Alfa-Aesar
[OK] 110-01-0 | Tetrahydrothiophene | files=1 | ChemBlink/Alfa-Aesar
[OK] 4419-47-0 | Tetrakis(diethylamino)titanium | files=1 | ChemBlink/Alfa-Aesar
[OK] 996-70-3 | Tetrakis(dimethylamino)ethylene | files=1 | ChemBlink/Alfa-Aesar
[OK] 124-64-1 | Tetrakis(hydroxymethyl)phosphonium chloride | files=1 | ChemBlink/Sigma-Aldrich
[OK] 14221-01-3 | tetrakis(triphenylphosphine)palladium | files=1 | ChemBlink/Alfa-Aesar
[NOTFOUND] 771-29-9 | Tetralin hydroperoxide
[OK] 681-84-5 | Tetramethoxysilane | files=1 | ChemBlink/Alfa-Aesar
[OK] 7696-12-0 | Tetramethrin | files=1 | ChemBlink/Sigma-Aldrich
[OK] 4045-44-7 | Tetramethyl-1,3-cyclopentadiene (mixture of isomers) | files=1 | ChemBlink/Alfa-Aesar
[OK] 75-58-1 | tetramethylammoium iodide | files=1 | ChemBlink/Alfa-Aesar
[OK] 75-57-0 | Tetramethylammonium chloride | files=1 | ChemBlink/Alfa-Aesar
[OK] 10424-65-4 | Tetramethylammonium hydroxide pentahydrate | files=1 | ChemBlink/Alfa-Aesar
[OK] 75-59-2 | Tetramethylammonium hydroxide solution | files=1 | ChemBlink/Alfa-Aesar
[OK] 53116-81-7 | Tetramethylammonium silicate solution | files=1 | ChemBlink/Alfa-Aesar
[OK] 661-36-9 | Tetramethylammonium tetrafluoroborate | files=1 | ChemBlink/Strem
[OK] 90-94-8 | Tetramethyldiaminobenzophenone | files=1 | ChemBlink/Alfa-Aesar
[OK] 1070-70-8 | Tetramethylene diacrylate | files=1 | ChemBlink/Alfa-Aesar
[OK] 95197-95-8 | Tetramethylrhodamine-5-(and 6)-isothiocyanate | files=1 | ChemBlink/Alfa-Aesar
[OK] 75-76-3 | Tetramethylsilane | files=1 | ChemBlink/Alfa-Aesar
[OK] 632-22-4 | Tetramethylurea | files=1 | ChemBlink/Alfa-Aesar
[NOTFOUND] 20600-96-8 | TETRANITRO DIGLYCERIN
[OK] 509-14-8 | Tetranitromethane | files=1 | ChemBlink/Sigma-Aldrich
[OK] 23906-97-0 | Tetraoctylphosphonium bromide | files=1 | ChemBlink/Strem
[OK] 7320-34-5 | tetrapotassium pyrophosphate  anhydous | files=1 | ChemBlink/Alfa-Aesar
[OK] 1941-30-6 | Tetrapropylammonium bromide | files=1 | ChemBlink/Alfa-Aesar
[OK] 13472-36-1 | Tetrasodium pyrophosphate decahydrate | files=1 | ChemBlink/Alfa-Aesar
[OK] 288-94-8 | Tetrazole | files=1 | ChemBlink/Alfa-Aesar
[OK] 479-45-8 | Tetryl | files=1 | CAS-Search (cdn.chemservice.com)
[NOTFOUND] 61258-10-4 | Tetrytol
[OK] 298-93-1 | Thaizolyl Blue Tetra zolium Bromide | files=1 | ChemBlink/Alfa-Aesar
[OK] 7440-28-0 | Thallium | files=1 | ChemBlink/Alfa-Aesar
[OK] 1314-32-5 | Thallium (III) oxide | files=1 | ChemBlink/Alfa-Aesar
[OK] 10031-59-1 | Thallium sulfate | files=1 | Name-Search (ionbiosciences.com)
[OK] 20398-06-5 | Thallium(I) ethoxide | files=1 | ChemBlink/Strem
[OK] 7790-30-9 | Thallium(I) iodide | files=1 | ChemBlink/Alfa-Aesar
[OK] 10102-45-1 | Thallium(I) nitrate | files=1 | ChemBlink/Alfa-Aesar
[OK] 3535-84-0 | Thallium(I) thiocyanate | files=1 | ChemBlink/Alfa-Aesar
[OK] 7791-12-0 | Thallous chloride | files=1 | ChemBlink/Alfa-Aesar
[OK] 58-55-9 | Theophylline anhydrous | files=1 | ChemBlink/Alfa-Aesar
[NOTFOUND] 64741-80-6 | thermally cracked residue
[OK] 111988-49-9 | Thiacloprid | files=1 | ChemBlink/Sigma-Aldrich
[OK] 153719-23-4 | Thiamethoxam | files=1 | ChemBlink/Sigma-Aldrich
[OK] 67-03-8 | Thiamine hydrochloride | files=1 | ChemBlink/Alfa-Aesar
[OK] 532-40-1 | Thiamine monophosphate chloride | files=1 | CAS-Search (file.medchemexpress.com)
[OK] 15318-45-3 | Thiamphenicol | files=1 | ChemBlink/Alfa-Aesar
[OK] 25366-23-8 | Thiazafluron | files=1 | CAS-Search (static.cymitquimica.com)
[OK] 288-47-1 | Thiazole | files=1 | ChemBlink/Alfa-Aesar
[OK] 96-53-7 | thiazolinethiol, 2-, -2- | files=1 | ChemBlink/Alfa-Aesar
[OK] 51707-55-2 | thidiazuron | files=1 | ChemBlink/Alfa-Aesar
[OK] 107818-20-2 | thienopyridinol, (3,2-b), -7- | files=1 | ChemBlink/Alfa-Aesar
[OK] 79277-27-3 | Thifensulfuron methyl | files=1 | ChemBlink/Sigma-Aldrich
[OK] 62-55-5 | Thioacetamide | files=1 | ChemBlink/Alfa-Aesar
[OK] 507-09-5 | Thioacetic acid | files=1 | ChemBlink/Alfa-Aesar
[OK] 100-68-5 | thioanisole | files=1 | ChemBlink/Alfa-Aesar
[OK] 28249-77-6 | Thiobencarb | files=1 | ChemBlink/Sigma-Aldrich
[OK] 98-91-9 | Thiobenzoic acid | files=1 | ChemBlink/Alfa-Aesar
[OK] 102-08-9 | Thiocarbanilide | files=1 | ChemBlink/Alfa-Aesar
[OK] 2231-57-4 | Thiocarbohydrazide | files=1 | ChemBlink/Alfa-Aesar
[OK] 31895-22-4 | Thiocyclam hydrogen oxalate | files=1 | ChemBlink/Sigma-Aldrich
[OK] 59669-26-0 | Thiodicarb | files=1 | ChemBlink/Sigma-Aldrich
[OK] 111-48-8 | Thiodiglycol | files=1 | ChemBlink/Alfa-Aesar
[OK] 123-93-3 | Thiodiglycollic acid | files=1 | ChemBlink/Alfa-Aesar
[OK] 39196-18-4 | Thiofanox | files=1 | ChemBlink/Sigma-Aldrich
[OK] 78338-22-4 | thionin | files=1 | ChemBlink/Alfa-Aesar
[OK] 7719-09-7 | Thionyl chloride | files=1 | ChemBlink/Alfa-Aesar
[OK] 23564-05-8 | Thiophanate methyl | files=1 | ChemBlink/Sigma-Aldrich
[OK] 110-02-1 | Thiophene | files=1 | ChemBlink/Alfa-Aesar
[OK] 20893-30-5 | Thiophene-2-acetonitrile | files=1 | ChemBlink/Alfa-Aesar
[OK] 5271-67-0 | Thiophene-2-carboxylic acid chloride | files=1 | ChemBlink/Alfa-Aesar
[OK] 6964-21-2 | Thiophene-3-acetic acid | files=1 | ChemBlink/Alfa-Aesar
[OK] 872-93-5 | Thiophene, tetrahydro-3-methyl-, 1,1-dioxide | files=1 | CAS-Search (synquestprodstorage.blob.core.windows.net)
[OK] 6165-68-0 | thiopheneboronic acid, 2- | files=1 | ChemBlink/Alfa-Aesar
[OK] 932-95-6 | thiophenedicarboxaldehyde, 2,5- | files=1 | ChemBlink/Sigma-Aldrich
[OK] 108-98-5 | Thiophenol | files=1 | ChemBlink/Alfa-Aesar
[OK] 463-71-8 | Thiophosgene | files=1 | ChemBlink/Alfa-Aesar
[NOTFOUND] 3931-89-3 | Thiophosphoryl bromide
[OK] 79-19-6 | Thiosemicarbazide | files=1 | ChemBlink/Alfa-Aesar
[OK] 115-29-7 | Thiosulfan | files=1 | ChemBlink/Sigma-Aldrich
[OK] 62-56-6 | Thiourea | files=1 | ChemBlink/Alfa-Aesar
[OK] 492-22-8 | Thioxanthen-9-one | files=1 | ChemBlink/Alfa-Aesar
[OK] 137-26-8 | Thiram | files=1 | ChemBlink/Alfa-Aesar
[OK] 3688-92-4 | Thorin octahydrate | files=1 | ChemBlink/Alfa-Aesar
[OK] 10026-08-1 | thorium(IV) chloride | files=1 | ChemBlink/Alfa-Aesar
[OK] 1314-20-1 | thorium(IV) oxide | files=1 | ChemBlink/CDH
[OK] 9002-04-4 | Thrombin from human plasma | files=1 | ChemBlink/Alfa-Aesar
[OK] 65-71-4 | thymine | files=1 | ChemBlink/Alfa-Aesar
[OK] 89-83-8 | Thymol | files=1 | ChemBlink/Alfa-Aesar
[OK] 76-61-9 | Thymol blue | files=1 | ChemBlink/Alfa-Aesar
[OK] 9010-34-8 | thyroglobulin, porcine | files=1 | ChemBlink/Sigma-Aldrich
[OK] 4697-14-7 | Ticarcillin disodium salt | files=1 | ChemBlink/Alfa-Aesar
[OK] 220620-09-7 | Tigecycline | files=1 | ChemBlink/Acros-Organics
[OK] 7440-31-5 | Tin | files=1 | ChemBlink/Alfa-Aesar
[OK] 10026-06-9 | Tin (IV) Chloride Pentahydrate | files=1 | ChemBlink/Alfa-Aesar
[OK] 7772-99-8 | Tin(II) chloride anhydrous | files=1 | ChemBlink/Alfa-Aesar
[OK] 10025-69-1 | Tin(II) chloride dihydrate | files=1 | ChemBlink/Alfa-Aesar
[OK] 53408-94-9 | Tin(II) methanesulfonate | files=1 | ChemBlink/Alfa-Aesar
[OK] 7488-55-3 | Tin(II) sulfate | files=1 | ChemBlink/Alfa-Aesar
[OK] 18282-10-5 | Tin(IV) oxide | files=1 | ChemBlink/Alfa-Aesar
[OK] 19387-91-8 | Tinidazole | files=1 | ChemBlink/Sigma-Aldrich
[OK] 7440-32-6 | Titanium | files=1 | ChemBlink/Alfa-Aesar
[OK] 546-68-9 | Titanium (IV) isopropoxide | files=1 | ChemBlink/Alfa-Aesar
[OK] 12070-08-5 | Titanium carbide | files=1 | ChemBlink/Alfa-Aesar
[OK] 17927-72-9 | Titanium diisopropoxide bis(acetylacetonate) | files=1 | ChemBlink/Alfa-Aesar
[OK] 1317-70-0 | Titanium dioxide, anatase | files=1 | CAS-Search (downloads.ossila.com)
[OK] 7704-98-5 | Titanium hydride | files=1 | ChemBlink/Alfa-Aesar
[OK] 7550-45-0 | Titanium tetrachloride | files=1 | ChemBlink/Alfa-Aesar
[OK] 7705-07-9 | Titanium(III) chloride | files=1 | ChemBlink/Alfa-Aesar
[OK] 19495-80-8 | Titanium(III) sulfate 99.9% | files=1 | CAS-Search (www.chemicalbook.com)
[OK] 3087-36-3 | Titanium(IV) ethoxide | files=1 | ChemBlink/Alfa-Aesar
[OK] 5593-70-4 | Titanium(IV) n-butoxide | files=1 | ChemBlink/Alfa-Aesar
[OK] 3087-37-4 | Titanium(IV) n-propoxide | files=1 | ChemBlink/Alfa-Aesar
[OK] 13463-67-7 | Titanium(IV) oxide | files=1 | ChemBlink/Alfa-Aesar
[OK] 13825-74-6 | Titanium(IV) oxysulfate | files=1 | ChemBlink/GFS
[OK] 1070-10-6 | Titanium(IV)2-ethylbexoxide | files=1 | ChemBlink/Alfa-Aesar
[OK] 57018-04-9 | Tolclofos-methyl | files=1 | ChemBlink/Sigma-Aldrich
[OK] 13710-19-5 | Tolfenamic acid | files=1 | ChemBlink/Alfa-Aesar
[OK] 25231-46-3 | Toluene sulphonic acids | files=1 | CAS-Search (files.dep.state.pa.us)
[OK] 823-40-5 | Toluene-2,6-Diamine | files=1 | ChemBlink/Alfa-Aesar
[OK] 91-08-7 | Toluene-2,6-diisocyanate | files=1 | ChemBlink/Alfa-Aesar
[OK] 95-71-6 | Toluhydroquinone | files=1 | ChemBlink/Alfa-Aesar
[OK] 6586-04-5 | Toluidine Blue | files=1 | ChemBlink/Sigma-Aldrich
[OK] 92-31-9 | toluidine blue o | files=1 | ChemBlink/Alfa-Aesar
[OK] 584-84-9 | Tolulene-2,4-diisocyanate | files=1 | ChemBlink/Alfa-Aesar
[OK] 731-27-1 | tolylfluanid | files=1 | ChemBlink/Sigma-Aldrich
[OK] 10311-84-9 | Torak | files=1 | ChemBlink/Sigma-Aldrich
[OK] 4083-64-1 | Tosyl isocyanate | files=1 | ChemBlink/Alfa-Aesar
[OK] 66841-25-6 | Tralomethrin | files=1 | ChemBlink/Sigma-Aldrich
[OK] 54125-02-9 | trans-1-Methoxy-3-trimethylsilyloxy-1,3-butadiene | files=1 | ChemBlink/Alfa-Aesar
[OK] 6876-12-6 | trans-1-Methyl-4-(1-methylvinyl)cyclohexene | files=1 | Name-Search (dl2phipa8wx75.cloudfront.net)
[OK] 1121-22-8 | trans-1,2-Diaminocyclohexane | files=1 | ChemBlink/Alfa-Aesar
[OK] 156-60-5 | trans-1,2-Dichloroethene | files=1 | ChemBlink/Alfa-Aesar
[OK] 110-57-6 | trans-1,4-Dichlorobutene-2 | files=1 | ChemBlink/Sigma-Aldrich
[OK] 624-64-6 | trans-2-Butene | files=1 | ChemBlink/Syn-Quest
[OK] 928-95-0 | trans-2-Hexen-1-ol | files=1 | ChemBlink/Alfa-Aesar
[OK] 6728-26-3 | trans-2-Hexenal | files=1 | ChemBlink/Alfa-Aesar
[OK] 13419-69-7 | trans-2-Hexenoic acid | files=1 | ChemBlink/Alfa-Aesar
[OK] 7443-52-9 | trans-2-methylcyclohexanol | files=1 | ChemBlink/Sigma-Aldrich
[OK] 1576-87-0 | trans-2-Pentenal | files=1 | ChemBlink/Alfa-Aesar
[OK] 13991-37-2 | trans-2-Pentenoic acid | files=1 | ChemBlink/Alfa-Aesar
[OK] 13269-52-8 | trans-3-Hexene | files=1 | ChemBlink/Sigma-Aldrich
[OK] 14755-02-3 | trans-3-Hydroxycinnamic acid | files=1 | ChemBlink/Alfa-Aesar
[OK] 4023-65-8 | trans-Aconitic acid | files=1 | ChemBlink/Alfa-Aesar
[OK] 140-10-3 | Trans-Cinnamic acid | files=1 | ChemBlink/Alfa-Aesar
[OK] 123-73-9 | trans-Crotonaldehyde | files=1 | ChemBlink/Alfa-Aesar
[OK] 107-93-7 | trans-Crotonic acid | files=1 | ChemBlink/Alfa-Aesar
[OK] 4786-20-3 | trans-Crotononitrile | files=1 | ChemBlink/Alfa-Aesar
[OK] 14166-21-3 | trans-Cyclohexane-1,2-dicarboxylic anhydride | files=1 | ChemBlink/Sigma-Aldrich
[OK] 493-02-7 | trans-Decalin | files=1 | ChemBlink/Sigma-Aldrich
[OK] 501-36-0 | trans-resveratrol | files=1 | ChemBlink/Alfa-Aesar
[OK] 118712-89-3 | transfluthrin | files=1 | ChemBlink/Sigma-Aldrich
[OK] 3458-72-8 | Tri-ammonium Citrate | files=1 | ChemBlink/Alfa-Aesar
[OK] 1070-00-4 | Tri-n-octylaluminium | files=1 | CAS-Search (pim-resources.coleparmer.com)
[OK] 1116-76-3 | tri-n-Octylamine | files=1 | ChemBlink/Alfa-Aesar
[OK] 7778-53-2 | tri-Potassium phosphate | files=1 | ChemBlink/Alfa-Aesar
[OK] 6132-04-3 | Tri-sodium citrate dihydrate | files=1 | ChemBlink/Alfa-Aesar
[OK] 126-72-7 | tri(2,3-Dibromopropyl)phosphate | files=1 | ChemBlink/Sigma-Aldrich
[OK] 43121-43-3 | Triadimefon | files=1 | ChemBlink/Sigma-Aldrich
[OK] 55219-65-3 | Triadimenol | files=1 | ChemBlink/Sigma-Aldrich
[OK] 2303-17-5 | Triallate | files=1 | ChemBlink/Sigma-Aldrich
[OK] 1004-38-2 | triaminopyrimidine, 2,4,6- | files=1 | ChemBlink/Alfa-Aesar
[OK] 396-01-0 | triamterene | files=1 | ChemBlink/Alfa-Aesar
[OK] 26766-27-8 | Triarimol | files=1 | Name-Search (www.chemeo.com)
[OK] 82097-50-5 | Triasulfuron | files=1 | ChemBlink/Sigma-Aldrich
[OK] 5807-14-7 | triazabicyclo[4.4.0]dec-5-ene, 1,5,7- | files=1 | ChemBlink/Alfa-Aesar
[OK] 24017-47-8 | Triazofos | files=1 | ChemBlink/Sigma-Aldrich
[OK] 3179-31-5 | triazolethiol, 1H-1,2,4-, -3- | files=1 | ChemBlink/Alfa-Aesar
[OK] 68049-83-2 | Triazolo{4,3-a}pyridin-3(2H)-one,2-{2,4-dichloro-5-(2-propynyloxy)phenyl}-5,6,7,8-tetrahydro- | files=1 | CAS-Search (pdf.benchchem.com)
[OK] 101200-48-0 | Tribenuron methyl | files=1 | ChemBlink/Sigma-Aldrich
[OK] 688-74-4 | Tributyl borate | files=1 | ChemBlink/Alfa-Aesar
[OK] 998-40-3 | tributyl phosphine | files=1 | ChemBlink/Alfa-Aesar
[OK] 126-73-8 | Tributylphosphate | files=1 | ChemBlink/Alfa-Aesar
[OK] 1983-10-4 | Tributyltin fluoride | files=1 | ChemBlink/Alfa-Aesar
[NOTFOUND] 85409-17-2 | Tributyltin naphthenate
[OK] 621-71-6 | tricaprin | files=1 | ChemBlink/Carl-Roth
[OK] 1071-27-8 | Trichloro(3-cyanopropyl)silane | files=1 | ChemBlink/Alfa-Aesar
[OK] 1558-25-4 | Trichloro(chloromethyl)silane | files=1 | ChemBlink/Alfa-Aesar
[OK] 27137-85-5 | Trichloro(dichlorophenyl)silane | files=1 | ChemBlink/Sigma-Aldrich
[OK] 76-03-9 | Trichloroacetic acid | files=1 | ChemBlink/Alfa-Aesar
[OK] 650-51-1 | Trichloroacetic acid, sodium salt | files=1 | ChemBlink/Oakwood
[OK] 545-06-2 | Trichloroacetonitrile | files=1 | ChemBlink/Alfa-Aesar
[OK] 76-02-8 | Trichloroacetyl chloride | files=1 | ChemBlink/Alfa-Aesar
[OK] 3019-71-4 | Trichloroacetyl isocyanate | files=1 | ChemBlink/Alfa-Aesar
[OK] 79-01-6 | Trichloroethylene | files=1 | ChemBlink/Alfa-Aesar
[OK] 115-21-9 | Trichloroethylsilane | files=1 | ChemBlink/Alfa-Aesar
[OK] 87-90-1 | Trichloroisocyanuric acid | files=1 | ChemBlink/Alfa-Aesar
[OK] 67-66-3 | Trichloromethane | files=1 | ChemBlink/Alfa-Aesar
[OK] 993-16-8 | Trichloromethylstannane | files=1 | ChemBlink/Alfa-Aesar
[OK] 327-98-0 | Trichloronate | files=1 | ChemBlink/Sigma-Aldrich
[OK] 112-04-9 | Trichlorooctadecylsilane | files=1 | ChemBlink/Alfa-Aesar
[OK] 10025-78-2 | trichlorosilane | files=1 | ChemBlink/Alfa-Aesar
[OK] 75-94-5 | Trichlorovinylsilane | files=1 | ChemBlink/Alfa-Aesar
[OK] 52-68-6 | Trichlorphon | files=1 | ChemBlink/Sigma-Aldrich
[OK] 55335-06-3 | Triclopyr | files=1 | ChemBlink/Sigma-Aldrich
[OK] 64470-88-8 | Triclopyr-butotyl | files=1 | Name-Search (www.bidechem.com)
[OK] 3380-34-5 | Triclosan | files=1 | ChemBlink/Alfa-Aesar
[OK] 1330-78-5 | Tricresyl phosphate | files=1 | ChemBlink/Alfa-Aesar
[OK] 41814-78-2 | Tricyclazole | files=1 | ChemBlink/Sigma-Aldrich
[OK] 3091-32-5 | Tricyclohexyltin chloride | files=1 | ChemBlink/Alfa-Aesar
[OK] 638-53-9 | Tridecanoic acid | files=1 | ChemBlink/Alfa-Aesar
[OK] 24602-86-6 | Tridemorph | files=1 | ChemBlink/Sigma-Aldrich
[OK] 102-71-6 | Triethanolamine | files=1 | ChemBlink/Alfa-Aesar
[OK] 17980-47-1 | Triethoxyisobutylsilane | files=1 | ChemBlink/Alfa-Aesar
[OK] 2031-67-6 | Triethoxymethylsilane | files=1 | ChemBlink/Alfa-Aesar
[OK] 2943-75-1 | Triethoxyoctylsilane | files=1 | ChemBlink/Alfa-Aesar
[OK] 780-69-8 | Triethoxyphenylsilane | files=1 | ChemBlink/Alfa-Aesar
[OK] 998-30-1 | Triethoxysilane | files=1 | ChemBlink/Alfa-Aesar
[OK] 78-08-0 | Triethoxyvinylsilane | files=1 | ChemBlink/Alfa-Aesar
[OK] 150-46-9 | Triethyl borate | files=1 | ChemBlink/Alfa-Aesar
[OK] 77-93-0 | Triethyl citrate | files=1 | ChemBlink/Alfa-Aesar
[OK] 78-39-7 | Triethyl orthoacetate | files=1 | ChemBlink/Alfa-Aesar
[OK] 122-51-0 | Triethyl orthoformate | files=1 | ChemBlink/Alfa-Aesar
[OK] 115-80-0 | Triethyl orthopropionate | files=1 | ChemBlink/Alfa-Aesar
[OK] 78-40-0 | Triethyl phosphate | files=1 | ChemBlink/Alfa-Aesar
[OK] 121-44-8 | Triethylamine | files=1 | ChemBlink/Alfa-Aesar
[OK] 73602-61-6 | Triethylamine trihydrofluoride | files=1 | ChemBlink/Alfa-Aesar
[OK] 112-27-6 | Triethylene glycol | files=1 | ChemBlink/Alfa-Aesar
[OK] 1680-21-3 | Triethylene glycol diacrylate | files=1 | ChemBlink/Sigma-Aldrich
[OK] 109-16-0 | Triethylene glycol dimethacrylate | files=1 | ChemBlink/Alfa-Aesar
[OK] 112-49-2 | Triethylene Glycol Dimethyl Ether | files=1 | ChemBlink/Alfa-Aesar
[OK] 143-22-6 | Triethylene glycol monobutyl ether | files=1 | ChemBlink/Alfa-Aesar
[OK] 112-50-5 | triethylene glycol monoethyl ether | files=1 | ChemBlink/Sigma-Aldrich
[OK] 112-35-6 | Triethylene glycol monomethyl ether | files=1 | ChemBlink/Sigma-Aldrich
[OK] 112-24-3 | Triethylenetetramine | files=1 | ChemBlink/Alfa-Aesar
[OK] 617-86-7 | Triethylsilane | files=1 | ChemBlink/Alfa-Aesar
[OK] 2767-54-6 | triethyltin bromide | files=1 | ChemBlink/Alfa-Aesar
[OK] 141517-21-7 | Trifloxysrobin | files=1 | ChemBlink/Sigma-Aldrich
[OK] 290332-10-4 | Trifloxysulfuron | files=1 | Name-Search (www.chemicalbook.com)
[OK] 68694-11-1 | Triflumizole | files=1 | CAS-Search (file.medchemexpress.com)
[OK] 64628-44-0 | Triflumuron | files=1 | ChemBlink/Alfa-Aesar
[OK] 15532-75-9 | trifluoro-m-tolyl) piperazine, 1-(a,a,a- | files=1 | ChemBlink/Alfa-Aesar
[OK] 433-27-2 | trifluoroacetaldehyde ethyl hemiacetal | files=1 | ChemBlink/Alfa-Aesar
[OK] 354-38-1 | trifluoroacetamide | files=1 | ChemBlink/Alfa-Aesar
[OK] 76-05-1 | Trifluoroacetic acid | files=1 | ChemBlink/Alfa-Aesar
[OK] 599-00-8 | Trifluoroacetic acid-d1 | files=1 | ChemBlink/Alfa-Aesar
[OK] 407-25-0 | Trifluoroacetic anhydride | files=1 | ChemBlink/Alfa-Aesar
[OK] 1493-13-6 | Trifluoromethanesulfonic acid | files=1 | ChemBlink/Alfa-Aesar
[OK] 358-23-6 | Trifluoromethanesulfonic anhydride | files=1 | ChemBlink/Alfa-Aesar
[OK] 421-83-0 | Trifluoromethanesulfonyl chloride | files=1 | ChemBlink/Alfa-Aesar
[OK] 78725-46-9 | trifluoromethyl)phenoxy]benzaldehyde, 3-[3-( | files=1 | ChemBlink/Sigma-Aldrich
[OK] 1582-09-8 | Trifluralin | files=1 | ChemBlink/Alfa-Aesar
[OK] 26644-46-2 | Triforine | files=1 | ChemBlink/Sigma-Aldrich
[OK] 98-17-9 | trifuoromethylphenol, 3- | files=1 | ChemBlink/Alfa-Aesar
[OK] 1116-40-1 | Triisobutylamine | files=1 | ChemBlink/Sigma-Aldrich
[OK] 5419-55-6 | Triisopropyl borate | files=1 | ChemBlink/Alfa-Aesar
[OK] 6485-79-6 | Triisopropylsilane | files=1 | ChemBlink/Alfa-Aesar
[OK] 538-24-9 | Trilaurin | files=1 | ChemBlink/Alfa-Aesar
[OK] 552-30-7 | Trimellitic anhydride | files=1 | ChemBlink/Alfa-Aesar
[OK] 738-70-5 | Trimethoprim | files=1 | ChemBlink/Alfa-Aesar
[OK] 86-81-7 | trimethoxybenzaldehyde, 3,4,5- | files=1 | ChemBlink/Alfa-Aesar
[OK] 2768-02-7 | Trimethoxyvinylsilane | files=1 | ChemBlink/Alfa-Aesar
[OK] 121-43-7 | Trimethyl borate | files=1 | ChemBlink/Alfa-Aesar
[OK] 1445-45-0 | Trimethyl orthoacetate | files=1 | ChemBlink/Alfa-Aesar
[OK] 121-45-9 | Trimethyl Phosphite | files=1 | ChemBlink/Alfa-Aesar
[OK] 4551-15-9 | Trimethyl(phenylthio)silane | files=1 | ChemBlink/Georganics
[OK] 17873-08-4 | Trimethyl(phenylthiomethyl)silane | files=1 | ChemBlink/Sigma-Aldrich
[OK] 75-24-1 | Trimethylaluminum solution | files=1 | ChemBlink/Alfa-Aesar
[OK] 75-50-3 | Trimethylamine | files=1 | ChemBlink/Alfa-Aesar
[OK] 15625-89-5 | Trimethylolpropane triacrylate | files=1 | ChemBlink/Alfa-Aesar
[OK] 420-37-1 | Trimethyloxonium tetrafluoroborate | files=1 | ChemBlink/Alfa-Aesar
[OK] 768-32-1 | trimethylphenyl-silane | files=1 | ChemBlink/Alfa-Aesar
[OK] 138-24-9 | Trimethylphenylammonium chloride | files=1 | ChemBlink/Alfa-Aesar
[OK] 4207-56-1 | Trimethylphenylammonium tribromide | files=1 | ChemBlink/Alfa-Aesar
[OK] 4648-54-8 | Trimethylsilyl azide | files=1 | ChemBlink/Alfa-Aesar
[OK] 18291-80-0 | Trimethylsilyl bromoacetate | files=1 | ChemBlink/Alfa-Aesar
[OK] 4353-77-9 | Trimethylsilyl chlorosulfonate | files=1 | ChemBlink/Sigma-Aldrich
[OK] 7677-24-9 | Trimethylsilyl cyanide | files=1 | ChemBlink/Alfa-Aesar
[OK] 27607-77-8 | Trimethylsilyl trifluoromethanesulfonate | files=1 | ChemBlink/Alfa-Aesar
[OK] 1066-54-2 | Trimethylsilylacetylene | files=1 | ChemBlink/Alfa-Aesar
[OK] 2344-80-1 | Trimethylsilylchloromethane | files=1 | ChemBlink/Alfa-Aesar
[OK] 18156-74-6 | Trimethylsilylimidzole | files=1 | ChemBlink/Alfa-Aesar
[OK] 1119-97-7 | Trimethyltetradecylammonium bromide | files=1 | ChemBlink/Alfa-Aesar
[OK] 463-88-7 | Trimethylvinylammonium hydroxide | files=1 | Name-Search (pdf.benchchem.com)
[OK] 754-05-2 | Trimethylvinylsilane | files=1 | ChemBlink/Alfa-Aesar
[OK] 95266-40-3 | Trinexapac-ethyl | files=1 | ChemBlink/Sigma-Aldrich
[OK] 129-66-8 | Trinitrobenzoic acid | files=1 | CAS-Search (www.dettx.com)
[OK] 99-35-4 | Trinitrobenzol | files=1 | Name-Search (nj.gov)
[OK] 118-96-7 | Trinitrotoluene | files=1 | ChemBlink/CPCB
[OK] 78-50-2 | Trioctyl phosphine oxide | files=1 | ChemBlink/Alfa-Aesar
[OK] 4731-53-7 | Trioctylphosphine | files=1 | ChemBlink/Alfa-Aesar
[OK] 122-32-7 | triolein standard | files=1 | ChemBlink/Alfa-Aesar
[OK] 110-88-3 | Trioxymethylene | files=1 | ChemBlink/Alfa-Aesar
[OK] 3695-77-0 | triphenyl methanethiol | files=1 | ChemBlink/Alfa-Aesar
[OK] 115-86-6 | Triphenyl phosphate | files=1 | ChemBlink/Alfa-Aesar
[OK] 101-02-0 | Triphenyl phosphite | files=1 | ChemBlink/Alfa-Aesar
[OK] 603-34-9 | Triphenylamine | files=1 | ChemBlink/Alfa-Aesar
[OK] 603-32-7 | Triphenylarsine | files=1 | ChemBlink/Alfa-Aesar
[OK] 960-71-4 | Triphenylborane | files=1 | ChemBlink/Alfa-Aesar
[OK] 437-17-2 | Triphenylcarbenium hexafluorophosphate | files=1 | ChemBlink/Sigma-Aldrich
[OK] 341-02-6 | Triphenylcarbenium tetrafluoroborate | files=1 | ChemBlink/Alfa-Aesar
[OK] 76-83-5 | Triphenylmethyl Chloride | files=1 | ChemBlink/Alfa-Aesar
[OK] 5824-40-8 | triphenylmethylamine | files=1 | ChemBlink/Alfa-Aesar
[OK] 603-35-0 | Triphenylphosphine | files=1 | ChemBlink/Alfa-Aesar
[OK] 3878-45-3 | Triphenylphosphine sulfide | files=1 | ChemBlink/Alfa-Aesar
[OK] 789-25-3 | Triphenylsilane | files=1 | ChemBlink/Alfa-Aesar
[OK] 892-20-6 | Triphenylstannane | files=1 | CAS-Search (www.chemicalbook.com)
[OK] 603-36-1 | Triphenylstibine | files=1 | ChemBlink/Alfa-Aesar
[OK] 6921-29-5 | tripropargylamine | files=1 | ChemBlink/GFS
[OK] 102-69-2 | Tripropylamine | files=1 | ChemBlink/Alfa-Aesar
[OK] 42978-66-5 | Tripropylene Glycol Diacrylate | files=1 | ChemBlink/Sigma-Aldrich
[OK] 4097-89-6 | Tris(2-aminoethyl)amine | files=1 | ChemBlink/Alfa-Aesar
[OK] 115-96-8 | Tris(2-chloroethyl) phosphate | files=1 | ChemBlink/Sigma-Aldrich
[OK] 122-20-3 | Tris(2-hydroxypropyl)amine | files=1 | ChemBlink/Alfa-Aesar
[OK] 50525-27-4 | Tris(2,2'-bipyridyl)ruthenium(II)chloride hexahydrate | files=1 | ChemBlink/Alfa-Aesar
[OK] 51805-45-9 | tris(carboxyethyl)phosphine hydrochloride, 2- | files=1 | ChemBlink/Alfa-Aesar
[OK] 52522-40-4 | Tris(dibenzylideneacetone)dipalladium(0)-chloroform adduct | files=1 | ChemBlink/Alfa-Aesar
[OK] 90-72-2 | tris(Dimethylaminomethyl)phenol | files=1 | ChemBlink/Sigma-Aldrich
[OK] 77-86-1 | Tris(hydroxymethyl)aminomethane | files=1 | ChemBlink/Alfa-Aesar
[OK] 27955-94-8 | tris(hydroxyphenyl)ethane | files=1 | ChemBlink/Sigma-Aldrich
[OK] 78-30-8 | tris(o-cresyl) phosphate | files=1 | ChemBlink/Sigma-Aldrich
[OK] 1873-77-4 | Tris(trimethylsilyl)silane | files=1 | ChemBlink/Alfa-Aesar
[OK] 34830-11-0 | tris[(trifluoromethylhydroxymethylene)camphorato]europium(III), 3-, d- | files=1 | ChemBlink/Sigma-Aldrich
[OK] 7601-54-9 | Trisodium orthophosphate | files=1 | ChemBlink/Alfa-Aesar
[OK] 555-43-1 | Tristearin | files=1 | ChemBlink/Alfa-Aesar
[OK] 9002-93-1 | Triton X-100 | files=1 | ChemBlink/Alfa-Aesar
[OK] 1185-53-1 | trizma hydrochloride | files=1 | ChemBlink/Alfa-Aesar
[OK] 53188-07-1 | Trolox | files=1 | ChemBlink/Sigma-Aldrich
[OK] 554-73-4 | Tropaeolin OO | files=1 | ChemBlink/Sigma-Aldrich
[OK] 533-75-5 | tropolone | files=1 | ChemBlink/Alfa-Aesar
[OK] 72-57-1 | Trypan blue | files=1 | ChemBlink/Alfa-Aesar
[OK] 9002-07-7 | Trypsin | files=1 | ChemBlink/Alfa-Aesar
[OK] 84843-69-6 | Tryptose | files=1 | CAS-Search (file1.lookchem.com)
[OK] 12141-67-2 | Tungstate (W12(OH)2O386-), hexasodium | files=1 | ChemBlink/Carl-Roth
[OK] 12070-12-1 | Tungsten Carbide powder | files=1 | ChemBlink/Alfa-Aesar
[OK] 12138-09-9 | tungsten disulfide | files=1 | ChemBlink/Alfa-Aesar
[OK] 13283-01-7 | Tungsten(VI) chloride | files=1 | ChemBlink/Alfa-Aesar
[OK] 1314-35-8 | tungsten(VI) oxide | files=1 | ChemBlink/Alfa-Aesar
[OK] 12027-43-9 | Tungstosilicic acid hydrate | files=1 | ChemBlink/Alfa-Aesar
[OK] 11089-65-9 | Tunicamycin | files=1 | ChemBlink/Alfa-Aesar
[OK] 8006-64-2 | Turpentine | files=1 | ChemBlink/Sigma-Aldrich
[OK] 9005-66-7 | Tween 40 | files=1 | ChemBlink/Alfa-Aesar
[OK] 9005-67-8 | Tween 60 | files=1 | ChemBlink/Alfa-Aesar
[OK] 9005-65-6 | Tween 80 | files=1 | ChemBlink/Alfa-Aesar
[OK] 51-67-2 | Tyramine | files=1 | ChemBlink/Alfa-Aesar
[OK] 7662-51-3 | tyrosine hydrazide, L- | files=1 | ChemBlink/Biosynth
[OK] 112648-68-7 | U-73122 hydrate | files=1 | ChemBlink/Alfa-Aesar
[OK] 83657-22-1 | Uniconazole | files=1 | ChemBlink/Sigma-Aldrich
[OK] 66-22-8 | uracil | files=1 | ChemBlink/Alfa-Aesar
[OK] 7440-61-1 | Uranium | files=1 | ChemBlink/Alfa-Aesar
[NOTFOUND] 10026-10-5 | Uranium (IV) chloride
[OK] 57-13-6 | Urea | files=1 | ChemBlink/Alfa-Aesar
[OK] 124-43-6 | Urea hydroperoxide | files=1 | ChemBlink/Alfa-Aesar
[OK] 9002-13-5 | urease | files=1 | ChemBlink/Alfa-Aesar
[OK] 69-93-2 | Uric acid | files=1 | ChemBlink/Alfa-Aesar
[OK] 9026-22-6 | Uridine-5′-diphosphoglucose Pyrophosphorylase,  from baker's yeast | files=1 | CAS-Search (file.medchemexpress.com)
[OK] 58-96-8 | Uridine, Minimum 99% | files=1 | ChemBlink/Alfa-Aesar
[OK] 110-62-3 | Valeraldehyde | files=1 | ChemBlink/Alfa-Aesar
[OK] 109-52-4 | Valeric acid | files=1 | ChemBlink/Alfa-Aesar
[OK] 110-59-8 | Valeronitrile | files=1 | ChemBlink/Alfa-Aesar
[OK] 37248-47-8 | Validamycin A | files=1 | ChemBlink/Cayman
[OK] 2001-95-8 | Valinomycin | files=1 | ChemBlink/Alfa-Aesar
[OK] 99-66-1 | Valproic acid | files=1 | ChemBlink/Alfa-Aesar
[OK] 2275-23-2 | Vamidothion | files=1 | ChemBlink/Accu-Standard
[OK] 7632-51-1 | Vanadium (IV) chloride | files=1 | ChemBlink/Alfa-Aesar
[OK] 1314-62-1 | Vanadium pentoxide | files=1 | ChemBlink/Alfa-Aesar
[OK] 7718-98-1 | Vanadium(III) chloride | files=1 | ChemBlink/Alfa-Aesar
[OK] 1314-34-7 | Vanadium(III) oxide | files=1 | ChemBlink/Alfa-Aesar
[OK] 27774-13-6 | Vanadyl sulfate | files=1 | ChemBlink/GFS
[OK] 1404-93-9 | Vancomycin hydrochloride from Streptomyces orientalis | files=1 | ChemBlink/Alfa-Aesar
[OK] 121-34-6 | Vanillic acid | files=1 | ChemBlink/Alfa-Aesar
[OK] 121-33-5 | Vanillin | files=1 | ChemBlink/Alfa-Aesar
[OK] 148-53-8 | vanillin, o- | files=1 | ChemBlink/Alfa-Aesar
[OK] 152-11-4 | Verapamil hydrochloride | files=1 | ChemBlink/Alfa-Aesar
[OK] 120-14-9 | veratraldehyde | files=1 | ChemBlink/Alfa-Aesar
[OK] 93-03-8 | Veratryl alcohol | files=1 | ChemBlink/Alfa-Aesar
[OK] 2580-56-5 | Victoria blue B | files=1 | ChemBlink/Sigma-Aldrich
[OK] 143-67-9 | Vinblastine sulfate salt | files=1 | ChemBlink/Alfa-Aesar
[OK] 50471-44-8 | Vinclozolin | files=1 | ChemBlink/Sigma-Aldrich
[NOTFOUND] 94-04-2 | Vinyl 2-ethylhexanoate
[OK] 108-05-4 | Vinyl acetate | files=1 | ChemBlink/Alfa-Aesar
[OK] 593-60-2 | Vinyl bromide | files=1 | ChemBlink/Alfa-Aesar
[OK] 75-01-4 | Vinyl chloride | files=1 | ChemBlink/Sigma-Aldrich
[OK] 25013-15-4 | Vinyl toluene | files=1 | ChemBlink/Sigma-Aldrich
[OK] 30030-25-2 | Vinylbenzyl chloride | files=1 | ChemBlink/Sigma-Aldrich
[OK] 106-87-6 | Vinylcyclohexene dioxide | files=1 | ChemBlink/Sigma-Aldrich
[OK] 18085-02-4 | Vinylglycoldiacetate | files=1 | ChemBlink/Sigma-Aldrich
[OK] 75-35-4 | Vinylidene Chloride | files=1 | ChemBlink/Alfa-Aesar
[OK] 1826-67-1 | Vinylmagnesium bromide | files=1 | CAS-Search (pim-resources.coleparmer.com)
[OK] 3039-83-6 | vinylsulfonic acid sodium salt | files=1 | ChemBlink/Alfa-Aesar
[OK] 68-19-9 | Vitamin B12 | files=1 | ChemBlink/Alfa-Aesar
[OK] 65-23-6 | vitamin B6 | files=1 | ChemBlink/Sigma-Aldrich
[OK] 50-14-6 | Vitamin D2 | files=1 | ChemBlink/Alfa-Aesar
[OK] 67-97-0 | Vitamin D3 | files=1 | ChemBlink/Alfa-Aesar
[OK] 64742-89-8 | VM & Painters Naphtha | files=1 | ChemBlink/Accu-Standard
[OK] 23135-22-0 | Vydate | files=1 | ChemBlink/Sigma-Aldrich
[OK] 81-81-2 | Warfarin | files=1 | ChemBlink/Sigma-Aldrich
[OK] 5543-58-8 | Warfarin[(r)-(+)-isomer] | files=1 | ChemBlink/Sigma-Aldrich
[NOTFOUND] 92062-34-5 | Waste solids, coal-tar pitch coking
[OK] 7732-18-5 | Water | files=1 | ChemBlink/Alfa-Aesar
[OK] 28631-66-5 | Water Blue | files=1 | ChemBlink/GFS
[OK] 8021-55-4 | Wax - Ozokerite | files=1 | CAS-Search (oxfordlabfinechem.com)
[OK] 68988-92-1 | Wright's stain | files=1 | ChemBlink/Alfa-Aesar
[OK] 7240-90-6 | X-GAL | files=1 | ChemBlink/Alfa-Aesar
[OK] 69-89-6 | Xanthine | files=1 | ChemBlink/Alfa-Aesar
[OK] 9002-17-9 | Xanthine oxidase | files=1 | ChemBlink/Sigma-Aldrich
[OK] 90-46-0 | xanthydrol | files=1 | ChemBlink/Alfa-Aesar
[OK] 7440-63-3 | Xenon | files=1 | ChemBlink/Alfa-Aesar
[OK] 111072-31-2 | XTT sodium salt | files=1 | ChemBlink/Alfa-Aesar
[OK] 9014-63-5 | xylan from beechwood | files=1 | ChemBlink/Carl-Roth
[OK] 1330-20-7 | Xylene | files=1 | ChemBlink/Alfa-Aesar
[OK] 1300-71-6 | Xylenol | files=1 | CAS-Search (fragrancematerialsafetyresource.elsevier.com)
[OK] 3618-43-7 | Xylenol Orange, sodium salt | files=1 | ChemBlink/Alfa-Aesar
[OK] 1300-73-8 | Xylidine | files=1 | CAS-Search (file1.lookchem.com)
[OK] 28347-13-9 | Xylylene dichloride | files=1 | CAS-Search (www.abdurrahmanince.net)
[OK] 8013-01-2 | Yeast extract | files=1 | ChemBlink/Alfa-Aesar
[OK] 1314-37-0 | Ytterbium Oxide | files=1 | ChemBlink/Alfa-Aesar
[OK] 35725-34-9 | Ytterbium(III) nitrate pentahydrate | files=1 | ChemBlink/Sigma-Aldrich
[OK] 52093-30-8 | ytterbrium(III) trifluoromethanesulfonate | files=1 | ChemBlink/Sigma-Aldrich
[OK] 10025-94-2 | YTTRIUM (III) CHLORIDE HEXAHYDRATE | files=1 | ChemBlink/Alfa-Aesar
[OK] 7440-65-5 | Yttrium ICP Standard | files=1 | ChemBlink/Alfa-Aesar
[OK] 1314-36-9 | Yttrium oxide | files=1 | ChemBlink/Alfa-Aesar
[OK] 13494-98-9 | Yttrium(III) nitrate hexahydrate | files=1 | ChemBlink/Alfa-Aesar
[OK] 304675-69-2 | Yttrium(III)acetate hydrate | files=1 | ChemBlink/Sigma-Aldrich
[OK] 13773-69-8 | Yttrium(III)nitrate tetrahydrate | files=1 | ChemBlink/Sigma-Aldrich
[OK] 6404-31-5 | Z-D-proline | files=1 | ChemBlink/Alfa-Aesar
[OK] 1138-80-3 | Z-Glycine | files=1 | ChemBlink/Alfa-Aesar
[OK] 1161-13-3 | Z-L-phenylalanine | files=1 | ChemBlink/Alfa-Aesar
[OK] 1148-11-4 | Z-L-proline | files=1 | ChemBlink/Alfa-Aesar
[OK] 1637-39-4 | Zeatin | files=1 | ChemBlink/Alfa-Aesar
[OK] 144-68-3 | Zeaxantin | files=1 | ChemBlink/Sigma-Aldrich
[OK] 9010-66-6 | zein | files=1 | ChemBlink/Sigma-Aldrich
[OK] 1318-02-1 | Zeolites | files=1 | ChemBlink/Alfa-Aesar
[OK] 7440-66-6 | Zinc | files=1 | ChemBlink/Alfa-Aesar
[OK] 39001-65-5 | Zinc 2,9,16,23-tetra-tert-butyl-29H,31H-phthalocyanine | files=1 | CAS-Search (en.lumtec.com.tw)
[OK] 557-34-6 | Zinc acetate | files=1 | ChemBlink/Alfa-Aesar
[OK] 5970-45-6 | Zinc acetate Dihydrate | files=1 | ChemBlink/Alfa-Aesar
[OK] 137-30-4 | Zinc bis dimethyldithiocarbamate | files=1 | ChemBlink/Sigma-Aldrich
[OK] 7699-45-8 | Zinc bromide | files=1 | ChemBlink/Alfa-Aesar
[OK] 7646-85-7 | Zinc chloride | files=1 | ChemBlink/Alfa-Aesar
[OK] 13530-65-9 | Zinc chromate | files=1 | ChemBlink/Alfa-Aesar
[OK] 557-21-1 | Zinc cyanide | files=1 | ChemBlink/Alfa-Aesar
[OK] 10139-47-6 | Zinc Iodide | files=1 | ChemBlink/Alfa-Aesar
[OK] 13189-00-9 | zinc methacrylate | files=1 | ChemBlink/Sigma-Aldrich
[OK] 7779-88-6 | Zinc nitrate | files=1 | CAS-Search (trademarknitrogen.com)
[OK] 10196-18-6 | Zinc nitrate hexahydrate standard solution | files=1 | ChemBlink/Alfa-Aesar
[OK] 1314-13-2 | Zinc oxide | files=1 | ChemBlink/Alfa-Aesar
[OK] 1314-22-3 | Zinc peroxide | files=1 | ChemBlink/Alfa-Aesar
[OK] 7779-90-0 | Zinc Phosphate | files=1 | ChemBlink/Alfa-Aesar
[OK] 1314-84-7 | Zinc phosphide | files=1 | ChemBlink/Alfa-Aesar
[OK] 1315-09-9 | Zinc selenide | files=1 | ChemBlink/Alfa-Aesar
[OK] 557-05-1 | zinc stearate | files=1 | ChemBlink/Alfa-Aesar
[OK] 7733-02-0 | Zinc sulfate | files=1 | ChemBlink/Alfa-Aesar
[OK] 7446-20-0 | Zinc sulfate heptahydrate | files=1 | ChemBlink/Alfa-Aesar
[OK] 7446-19-7 | Zinc sulfate, monohydrate | files=1 | ChemBlink/Alfa-Aesar
[OK] 1314-98-3 | Zinc sulfide | files=1 | ChemBlink/Alfa-Aesar
[OK] 39971-65-8 | Zinc trifluoromethanesulfinate | files=1 | ChemBlink/Sigma-Aldrich
[OK] 54010-75-2 | zinc trifluoromethanesulfonate | files=1 | ChemBlink/Alfa-Aesar
[OK] 12122-67-7 | Zineb | files=1 | ChemBlink/Sigma-Aldrich
[OK] 7440-67-7 | Zirconium | files=1 | ChemBlink/Alfa-Aesar
[OK] 17501-44-9 | Zirconium (IV) Acetylacetonate | files=1 | ChemBlink/Alfa-Aesar
[OK] 13520-92-8 | Zirconium chloride octahydrate | files=1 | ChemBlink/Alfa-Aesar
[OK] 14475-63-9 | ZIRCONIUM HYDROXIDE | files=1 | ChemBlink/Sigma-Aldrich
[OK] 10101-52-7 | Zirconium silicate | files=1 | ChemBlink/Alfa-Aesar
[OK] 10026-11-6 | Zirconium(IV) chloride | files=1 | ChemBlink/Alfa-Aesar
[OK] 1314-23-4 | Zirconium(IV) oxide | files=1 | ChemBlink/Alfa-Aesar
[OK] 308076-80-4 | Zirconium(IV) oxide-yttria stabilized | files=1 | CAS-Search (www.samaterials.com)
[OK] 14985-18-3 | Zirconyl nitrate hydrate | files=1 | ChemBlink/Alfa-Aesar
[OK] 58856-93-2 | zymosan | files=1 | ChemBlink/Alfa-Aesar
[OK] 9000-85-5 | α-Amylase | files=1 | CAS-Search (file1.lookchem.com)
[OK] 10016-20-3 | α-Cyclodextrin | files=1 | ChemBlink/Alfa-Aesar
[OK] 9001-42-7 | α-Glucosidase type I, from baker yeast | files=1 | ChemBlink/Sigma-Aldrich
[OK] 10482-56-1 | α-Terpineol | files=1 | ChemBlink/Alfa-Aesar
[OK] 4244-84-2 | β-Alanine ethyl ester hydrochloride | files=1 | ChemBlink/Alfa-Aesar
[OK] 604-69-3 | β-D-Glucose pentaacetate | files=1 | ChemBlink/Alfa-Aesar
[OK] 2646-71-1 | β-Nicotinamide adenine dinucleotide 2′-phosphate reduced tetrasodium salt hydrate | files=1 | ChemBlink/Alfa-Aesar
[OK] 17465-86-0 | γ-Cyclodextrin | files=1 | ChemBlink/Sigma-Aldrich
[OK] 502-44-3 | ε-Caprolactone | files=1 | ChemBlink/Alfa-Aesar
[OK] 11114-20-8 | κ-Carrageenan | files=1 | ChemBlink/Alfa-Aesar
[OK] 9064-57-7 | λ-Carrageenan | files=1 | ChemBlink/Sigma-Aldrich
[OK] 7664-93-9 | กรดซัลฟิวริก | files=1 | ChemBlink/Alfa-Aesar
[OK] 64-19-7 | กรดแอซิติก | files=1 | ChemBlink/Alfa-Aesar
[OK] 7647-01-0 | กรดไฮโดรคลอริก | files=1 | ChemBlink/Alfa-Aesar
[OK] 7782-50-5 | คลอรีน | files=1 | ChemBlink/Sigma-Aldrich
[OK] 75-15-0 | คาร์บอนไดซัลไฟด์ | files=1 | ChemBlink/Alfa-Aesar
[OK] 8008-20-6 | น้ำมันก๊าด | files=1 | ChemBlink/Alfa-Aesar
[OK] 50-00-0 | ฟอร์มาลดีไฮด์ | files=1 | ChemBlink/Alfa-Aesar
[OK] 67-64-1 | อะซิโตน | files=1 | ChemBlink/Alfa-Aesar
[OK] 64-17-5 | เอทานอล | files=1 | ChemBlink/Alfa-Aesar
[OK] 7664-41-7 | แอมโมเนีย | files=1 | ChemBlink/Alfa-Aesar
[OK] 1336-21-6 | แอมโมเนียมไฮดรอกไซด์ | files=1 | ChemBlink/Alfa-Aesar
[OK] 7647-14-5 | โซเดียมคลอไรด์ | files=1 | ChemBlink/Alfa-Aesar
[OK] 1310-73-2 | โซเดียมไฮดรอกไซด์ | files=1 | ChemBlink/Alfa-Aesar
[OK] 108-88-3 | โทลูอีน | files=1 | ChemBlink/Alfa-Aesar
[OK] 7447-40-7 | โพแทสเซียมคลอไรด์ | files=1 | ChemBlink/Alfa-Aesar
[OK] 75-09-2 | ไดคลอโรเมเทน | files=1 | ChemBlink/Alfa-Aesar
[OK] 67-63-0 | ไอโซโพรพานอล | files=1 | ChemBlink/Alfa-Aesar
=== DONE ok=6384 files=6386 notfound=386 err=0 time=1216m7s
